Адр,Знчн,IP,CR,AR,DR,SP,BR,AC,PS,NZVC,Адр,Знчн
1F3,0000,1F3,0000,000,0000,000,0000,0000,004,0100
1F3,0000,1F4,0000,1F3,0000,000,01F3,0000,004,0100
1F4,05A1,1F5,05A1,1F4,05A1,000,01F4,0000,004,0100
1F5,CE00,1F6,CE00,1F5,01F6,000,0000,0000,004,0100
1F6,1203,1F7,1203,1F6,1203,000,01F6,0000,004,0100
1F7,2F40,1F8,2F40,1F7,0040,000,0040,0000,004,0100
1F8,F0FD,1F6,F0FD,1F8,F0FD,000,FFFD,0000,004,0100
1F6,1203,1F7,1203,1F6,1203,000,01F6,0000,004,0100
1F7,2F40,1F8,2F40,1F7,0040,000,0040,0000,004,0100
1F8,F0FD,1F6,F0FD,1F8,F0FD,000,FFFD,0000,004,0100
1F6,1203,1F7,1203,1F6,1203,000,01F6,0000,004,0100
1F7,2F40,1F8,2F40,1F7,0040,000,0040,0000,004,0100
1F8,F0FD,1F6,F0FD,1F8,F0FD,000,FFFD,0000,004,0100
1F6,1203,1F7,1203,1F6,1203,000,01F6,0000,004,0100
1F7,2F40,1F8,2F40,1F7,0040,000,0040,0000,004,0100
1F8,F0FD,1F6,F0FD,1F8,F0FD,000,FFFD,0000,004,0100
1F6,1203,1F7,1203,1F6,1203,000,01F6,0000,004,0100
1F7,2F40,1F8,2F40,1F7,0040,000,0040,0000,004,0100
1F8,F0FD,1F6,F0FD,1F8,F0FD,000,FFFD,0000,004,0100
1F6,1203,1F7,1203,1F6,1203,000,01F6,0000,004,0100
1F7,2F40,1F8,2F40,1F7,0040,000,0040,0000,004,0100
1F8,F0FD,1F6,F0FD,1F8,F0FD,000,FFFD,0000,004,0100
1F6,1203,1F7,1203,1F6,1203,000,01F6,0000,004,0100
1F7,2F40,1F8,2F40,1F7,0040,000,0040,0000,004,0100
1F8,F0FD,1F6,F0FD,1F8,F0FD,000,FFFD,0000,004,0100
1F6,1203,1F7,1203,1F6,1203,000,01F6,0000,004,0100
1F7,2F40,1F8,2F40,1F7,0040,000,0040,0000,004,0100
1F8,F0FD,1F6,F0FD,1F8,F0FD,000,FFFD,0000,004,0100
1F6,1203,1F7,1203,1F6,1203,000,01F6,0000,004,0100
1F7,2F40,1F8,2F40,1F7,0040,000,0040,0000,004,0100
1F8,F0FD,1F6,F0FD,1F8,F0FD,000,FFFD,0000,004,0100
1F6,1203,1F7,1203,1F6,1203,000,01F6,0000,004,0100
1F7,2F40,1F8,2F40,1F7,0040,000,0040,0000,004,0100
1F8,F0FD,1F6,F0FD,1F8,F0FD,000,FFFD,0000,004,0100
1F6,1203,1F7,1203,1F6,1203,000,01F6,0000,004,0100
1F7,2F40,1F8,2F40,1F7,0040,000,0040,0000,004,0100
1F8,F0FD,1F6,F0FD,1F8,F0FD,000,FFFD,0000,004,0100
1F6,1203,1F7,1203,1F6,1203,000,01F6,0000,004,0100
1F7,2F40,1F8,2F40,1F7,0040,000,0040,0000,004,0100
1F8,F0FD,1F6,F0FD,1F8,F0FD,000,FFFD,0000,004,0100
1F6,1203,1F7,1203,1F6,1203,000,01F6,0000,004,0100
1F7,2F40,1F8,2F40,1F7,0040,000,0040,0000,004,0100
1F8,F0FD,1F6,F0FD,1F8,F0FD,000,FFFD,0000,004,0100
1F6,1203,1F7,1203,1F6,1203,000,01F6,0000,004,0100
1F7,2F40,1F8,2F40,1F7,0040,000,0040,0000,004,0100
1F8,F0FD,1F6,F0FD,1F8,F0FD,000,FFFD,0000,004,0100
1F6,1203,1F7,1203,1F6,1203,000,01F6,0000,004,0100
1F7,2F40,1F8,2F40,1F7,0040,000,0040,0000,004,0100
1F8,F0FD,1F6,F0FD,1F8,F0FD,000,FFFD,0000,004,0100
1F6,1203,1F7,1203,1F6,1203,000,01F6,0000,004,0100
1F7,2F40,1F8,2F40,1F7,0040,000,0040,0000,004,0100
1F8,F0FD,1F6,F0FD,1F8,F0FD,000,FFFD,0000,004,0100
1F6,1203,1F7,1203,1F6,1203,000,01F6,0000,004,0100
1F7,2F40,1F8,2F40,1F7,0040,000,0040,0000,004,0100
1F8,F0FD,1F6,F0FD,1F8,F0FD,000,FFFD,0000,004,0100
1F6,1203,1F7,1203,1F6,1203,000,01F6,0000,004,0100
1F7,2F40,1F8,2F40,1F7,0040,000,0040,0000,004,0100
1F8,F0FD,1F6,F0FD,1F8,F0FD,000,FFFD,0000,004,0100
1F6,1203,1F7,1203,1F6,1203,000,01F6,0000,004,0100
1F7,2F40,1F8,2F40,1F7,0040,000,0040,0000,004,0100
1F8,F0FD,1F6,F0FD,1F8,F0FD,000,FFFD,0000,004,0100
1F6,1203,1F7,1203,1F6,1203,000,01F6,0000,004,0100
1F7,2F40,1F8,2F40,1F7,0040,000,0040,0000,004,0100
1F8,F0FD,1F6,F0FD,1F8,F0FD,000,FFFD,0000,004,0100
1F6,1203,1F7,1203,1F6,1203,000,01F6,0000,004,0100
1F7,2F40,1F8,2F40,1F7,0040,000,0040,0000,004,0100
1F8,F0FD,1F6,F0FD,1F8,F0FD,000,FFFD,0000,004,0100
1F6,1203,1F7,1203,1F6,1203,000,01F6,0000,004,0100
1F7,2F40,1F8,2F40,1F7,0040,000,0040,0000,004,0100
1F8,F0FD,1F6,F0FD,1F8,F0FD,000,FFFD,0000,004,0100
1F6,1203,1F7,1203,1F6,1203,000,01F6,0000,004,0100
1F7,2F40,1F8,2F40,1F7,0040,000,0040,0000,004,0100
1F8,F0FD,1F6,F0FD,1F8,F0FD,000,FFFD,0000,004,0100
1F6,1203,1F7,1203,1F6,1203,000,01F6,0000,004,0100
1F7,2F40,1F8,2F40,1F7,0040,000,0040,0000,004,0100
1F8,F0FD,1F6,F0FD,1F8,F0FD,000,FFFD,0000,004,0100
1F6,1203,1F7,1203,1F6,1203,000,01F6,0000,004,0100
1F7,2F40,1F8,2F40,1F7,0040,000,0040,0000,004,0100
1F8,F0FD,1F6,F0FD,1F8,F0FD,000,FFFD,0000,004,0100
1F6,1203,1F7,1203,1F6,1203,000,01F6,0000,004,0100
1F7,2F40,1F8,2F40,1F7,0040,000,0040,0000,004,0100
1F8,F0FD,1F6,F0FD,1F8,F0FD,000,FFFD,0000,004,0100
1F6,1203,1F7,1203,1F6,1203,000,01F6,0000,004,0100
1F7,2F40,1F8,2F40,1F7,0040,000,0040,0000,004,0100
1F8,F0FD,1F6,F0FD,1F8,F0FD,000,FFFD,0000,004,0100
1F6,1203,1F7,1203,1F6,1203,000,01F6,0000,004,0100
1F7,2F40,1F8,2F40,1F7,0040,000,0040,0000,004,0100
1F8,F0FD,1F6,F0FD,1F8,F0FD,000,FFFD,0000,004,0100
1F6,1203,1F7,1203,1F6,1203,000,01F6,0000,004,0100
1F7,2F40,1F8,2F40,1F7,0040,000,0040,0000,004,0100
1F8,F0FD,1F6,F0FD,1F8,F0FD,000,FFFD,0000,004,0100
1F6,1203,1F7,1203,1F6,1203,000,01F6,0000,004,0100
1F7,2F40,1F8,2F40,1F7,0040,000,0040,0000,004,0100
1F8,F0FD,1F6,F0FD,1F8,F0FD,000,FFFD,0000,004,0100
1F6,1203,1F7,1203,1F6,1203,000,01F6,0000,004,0100
1F7,2F40,1F8,2F40,1F7,0040,000,0040,0000,004,0100
1F8,F0FD,1F6,F0FD,1F8,F0FD,000,FFFD,0000,004,0100
1F6,1203,1F7,1203,1F6,1203,000,01F6,0000,004,0100
1F7,2F40,1F8,2F40,1F7,0040,000,0040,0000,004,0100
1F8,F0FD,1F6,F0FD,1F8,F0FD,000,FFFD,0000,004,0100
1F6,1203,1F7,1203,1F6,1203,000,01F6,0000,004,0100
1F7,2F40,1F8,2F40,1F7,0040,000,0040,0000,004,0100
1F8,F0FD,1F6,F0FD,1F8,F0FD,000,FFFD,0000,004,0100
1F6,1203,1F7,1203,1F6,1203,000,01F6,0000,004,0100
1F7,2F40,1F8,2F40,1F7,0040,000,0040,0000,004,0100
1F8,F0FD,1F6,F0FD,1F8,F0FD,000,FFFD,0000,004,0100
1F6,1203,1F7,1203,1F6,1203,000,01F6,0000,004,0100
1F7,2F40,1F8,2F40,1F7,0040,000,0040,0000,004,0100
1F8,F0FD,1F6,F0FD,1F8,F0FD,000,FFFD,0000,004,0100
1F6,1203,1F7,1203,1F6,1203,000,01F6,0000,004,0100
1F7,2F40,1F8,2F40,1F7,0040,000,0040,0000,004,0100
1F8,F0FD,1F6,F0FD,1F8,F0FD,000,FFFD,0000,004,0100
1F6,1203,1F7,1203,1F6,1203,000,01F6,0000,004,0100
1F7,2F40,1F8,2F40,1F7,0040,000,0040,0000,004,0100
1F8,F0FD,1F6,F0FD,1F8,F0FD,000,FFFD,0000,004,0100
1F6,1203,1F7,1203,1F6,1203,000,01F6,0000,004,0100
1F7,2F40,1F8,2F40,1F7,0040,000,0040,0000,004,0100
1F8,F0FD,1F6,F0FD,1F8,F0FD,000,FFFD,0000,004,0100
1F6,1203,1F7,1203,1F6,1203,000,01F6,0000,004,0100
1F7,2F40,1F8,2F40,1F7,0040,000,0040,0000,004,0100
1F8,F0FD,1F6,F0FD,1F8,F0FD,000,FFFD,0000,004,0100
1F6,1203,1F7,1203,1F6,1203,000,01F6,0000,004,0100
1F7,2F40,1F8,2F40,1F7,0040,000,0040,0000,004,0100
1F8,F0FD,1F6,F0FD,1F8,F0FD,000,FFFD,0000,004,0100
1F6,1203,1F7,1203,1F6,1203,000,01F6,0000,004,0100
1F7,2F40,1F8,2F40,1F7,0040,000,0040,0000,004,0100
1F8,F0FD,1F6,F0FD,1F8,F0FD,000,FFFD,0000,004,0100
1F6,1203,1F7,1203,1F6,1203,000,01F6,0000,004,0100
1F7,2F40,1F8,2F40,1F7,0040,000,0040,0000,004,0100
1F8,F0FD,1F6,F0FD,1F8,F0FD,000,FFFD,0000,004,0100
1F6,1203,1F7,1203,1F6,1203,000,01F6,0000,004,0100
1F7,2F40,1F8,2F40,1F7,0040,000,0040,0000,004,0100
1F8,F0FD,1F6,F0FD,1F8,F0FD,000,FFFD,0000,004,0100
1F6,1203,1F7,1203,1F6,1203,000,01F6,0000,004,0100
1F7,2F40,1F8,2F40,1F7,0040,000,0040,0000,004,0100
1F8,F0FD,1F6,F0FD,1F8,F0FD,000,FFFD,0000,004,0100
1F6,1203,1F7,1203,1F6,1203,000,01F6,0000,004,0100
1F7,2F40,1F8,2F40,1F7,0040,000,0040,0000,004,0100
1F8,F0FD,1F6,F0FD,1F8,F0FD,000,FFFD,0000,004,0100
1F6,1203,1F7,1203,1F6,1203,000,01F6,0000,004,0100
1F7,2F40,1F8,2F40,1F7,0040,000,0040,0000,004,0100
1F8,F0FD,1F6,F0FD,1F8,F0FD,000,FFFD,0000,004,0100
1F6,1203,1F7,1203,1F6,1203,000,01F6,0000,004,0100
1F7,2F40,1F8,2F40,1F7,0040,000,0040,0000,004,0100
1F8,F0FD,1F6,F0FD,1F8,F0FD,000,FFFD,0000,004,0100
1F6,1203,1F7,1203,1F6,1203,000,01F6,0000,004,0100
1F7,2F40,1F8,2F40,1F7,0040,000,0040,0000,004,0100
1F8,F0FD,1F6,F0FD,1F8,F0FD,000,FFFD,0000,004,0100
1F6,1203,1F7,1203,1F6,1203,000,01F6,0000,004,0100
1F7,2F40,1F8,2F40,1F7,0040,000,0040,0000,004,0100
1F8,F0FD,1F6,F0FD,1F8,F0FD,000,FFFD,0000,004,0100
1F6,1203,1F7,1203,1F6,1203,000,01F6,0000,004,0100
1F7,2F40,1F8,2F40,1F7,0040,000,0040,0000,004,0100
1F8,F0FD,1F3,2F40,1F7,0040,000,0040,0000,004,0100
1F3,0000,1F3,0000,000,0000,000,0000,0000,004,0100
1F3,0000,1F4,0000,1F3,0000,000,01F3,0000,004,0100
1F4,05A1,1F5,05A1,1F4,05A1,000,01F4,0000,004,0100
1F5,CE00,1F6,CE00,1F5,01F6,000,0000,0000,004,0100
1F6,1203,1F7,1203,1F6,1203,000,01F6,0040,004,0100
1F7,2F40,1F8,2F40,1F7,0040,000,0040,0040,000,0000
1F8,F0FD,1F9,F0FD,1F8,F0FD,000,01F8,0040,000,0000
1F9,AEF9,1FA,AEF9,1F3,0000,000,FFF9,0000,004,0100
1FA,F001,1FC,F001,1FA,F001,000,0001,0000,004,0100
1FC,0700,1FD,0700,1FC,0700,000,01FC,0001,000,0000
1FD,EEF5,1FE,EEF5,1F3,0001,000,FFF5,0001,000,0000,1F3,0001
1FE,A8F5,1FF,A8F5,5A1,B1D8,000,FFF5,B1D8,008,1000
1FF,0680,200,0680,1FF,0680,000,01FF,D8B1,008,1000
200,DE06,207,DE06,7FF,0201,7FF,0207,D8B1,008,1000,7FF,0201
207,1302,208,1302,207,1302,7FF,0207,D8B1,008,1000
208,2FFF,209,2FFF,208,FFFF,7FF,FFFF,D8B1,008,1000
209,F001,20A,F001,209,F001,7FF,0209,D8B1,008,1000
20A,0A00,201,0A00,7FF,0201,000,020A,D8B1,008,1000
201,CEF4,1F6,CEF4,201,01F6,000,FFF4,D8B1,008,1000
1F6,1203,1F7,1203,1F6,1203,000,01F6,D800,008,1000
1F7,2F40,1F8,2F40,1F7,0040,000,0040,0000,004,0100
1F8,F0FD,1F6,F0FD,1F8,F0FD,000,FFFD,0000,004,0100
1F6,1203,1F7,1203,1F6,1203,000,01F6,0000,004,0100
1F7,2F40,1F8,2F40,1F7,0040,000,0040,0000,004,0100
1F8,F0FD,1F6,F0FD,1F8,F0FD,000,FFFD,0000,004,0100
1F6,1203,1F7,1203,1F6,1203,000,01F6,0000,004,0100
1F7,2F40,1F8,2F40,1F7,0040,000,0040,0000,004,0100
1F8,F0FD,1F6,F0FD,1F8,F0FD,000,FFFD,0000,004,0100
1F6,1203,1F7,1203,1F6,1203,000,01F6,0000,004,0100
1F7,2F40,1F8,2F40,1F7,0040,000,0040,0000,004,0100
1F8,F0FD,1F6,F0FD,1F8,F0FD,000,FFFD,0000,004,0100
1F6,1203,1F7,1203,1F6,1203,000,01F6,0000,004,0100
1F7,2F40,1F8,2F40,1F7,0040,000,0040,0000,004,0100
1F8,F0FD,1F6,F0FD,1F8,F0FD,000,FFFD,0000,004,0100
1F6,1203,1F7,1203,1F6,1203,000,01F6,0000,004,0100
1F7,2F40,1F8,2F40,1F7,0040,000,0040,0000,004,0100
1F8,F0FD,1F6,F0FD,1F8,F0FD,000,FFFD,0000,004,0100
1F6,1203,1F7,1203,1F6,1203,000,01F6,0000,004,0100
1F7,2F40,1F8,2F40,1F7,0040,000,0040,0000,004,0100
1F8,F0FD,1F6,F0FD,1F8,F0FD,000,FFFD,0000,004,0100
1F6,1203,1F7,1203,1F6,1203,000,01F6,0000,004,0100
1F7,2F40,1F8,2F40,1F7,0040,000,0040,0000,004,0100
1F8,F0FD,1F6,F0FD,1F8,F0FD,000,FFFD,0000,004,0100
1F6,1203,1F7,1203,1F6,1203,000,01F6,0000,004,0100
1F7,2F40,1F8,2F40,1F7,0040,000,0040,0000,004,0100
1F8,F0FD,1F6,F0FD,1F8,F0FD,000,FFFD,0000,004,0100
1F6,1203,1F7,1203,1F6,1203,000,01F6,0000,004,0100
1F7,2F40,1F8,2F40,1F7,0040,000,0040,0000,004,0100
1F8,F0FD,1F6,F0FD,1F8,F0FD,000,FFFD,0000,004,0100
1F6,1203,1F7,1203,1F6,1203,000,01F6,0000,004,0100
1F7,2F40,1F8,2F40,1F7,0040,000,0040,0000,004,0100
1F8,F0FD,1F6,F0FD,1F8,F0FD,000,FFFD,0000,004,0100
1F6,1203,1F7,1203,1F6,1203,000,01F6,0000,004,0100
1F7,2F40,1F8,2F40,1F7,0040,000,0040,0000,004,0100
1F8,F0FD,1F6,F0FD,1F8,F0FD,000,FFFD,0000,004,0100
1F6,1203,1F7,1203,1F6,1203,000,01F6,0000,004,0100
1F7,2F40,1F8,2F40,1F7,0040,000,0040,0000,004,0100
1F8,F0FD,1F6,F0FD,1F8,F0FD,000,FFFD,0000,004,0100
1F6,1203,1F7,1203,1F6,1203,000,01F6,0000,004,0100
1F7,2F40,1F8,2F40,1F7,0040,000,0040,0000,004,0100
1F8,F0FD,1F6,F0FD,1F8,F0FD,000,FFFD,0000,004,0100
1F6,1203,1F7,1203,1F6,1203,000,01F6,0000,004,0100
1F7,2F40,1F8,2F40,1F7,0040,000,0040,0000,004,0100
1F8,F0FD,1F6,F0FD,1F8,F0FD,000,FFFD,0000,004,0100
1F6,1203,1F7,1203,1F6,1203,000,01F6,0000,004,0100
1F7,2F40,1F8,2F40,1F7,0040,000,0040,0000,004,0100
1F8,F0FD,1F6,F0FD,1F8,F0FD,000,FFFD,0000,004,0100
1F6,1203,1F7,1203,1F6,1203,000,01F6,0000,004,0100
1F7,2F40,1F8,2F40,1F7,0040,000,0040,0000,004,0100
1F8,F0FD,1F6,F0FD,1F8,F0FD,000,FFFD,0000,004,0100
1F6,1203,1F7,1203,1F6,1203,000,01F6,0000,004,0100
1F7,2F40,1F8,2F40,1F7,0040,000,0040,0000,004,0100
1F8,F0FD,1F6,F0FD,1F8,F0FD,000,FFFD,0000,004,0100
1F6,1203,1F7,1203,1F6,1203,000,01F6,0000,004,0100
1F7,2F40,1F8,2F40,1F7,0040,000,0040,0000,004,0100
1F8,F0FD,1F6,F0FD,1F8,F0FD,000,FFFD,0000,004,0100
1F6,1203,1F7,1203,1F6,1203,000,01F6,0000,004,0100
1F7,2F40,1F8,2F40,1F7,0040,000,0040,0000,004,0100
1F8,F0FD,1F6,F0FD,1F8,F0FD,000,FFFD,0000,004,0100
1F6,1203,1F7,1203,1F6,1203,000,01F6,0000,004,0100
1F7,2F40,1F8,2F40,1F7,0040,000,0040,0000,004,0100
1F8,F0FD,1F6,F0FD,1F8,F0FD,000,FFFD,0000,004,0100
1F6,1203,1F7,1203,1F6,1203,000,01F6,0000,004,0100
1F7,2F40,1F8,2F40,1F7,0040,000,0040,0000,004,0100
1F8,F0FD,1F6,F0FD,1F8,F0FD,000,FFFD,0000,004,0100
1F6,1203,1F7,1203,1F6,1203,000,01F6,0000,004,0100
1F7,2F40,1F8,2F40,1F7,0040,000,0040,0000,004,0100
1F8,F0FD,1F6,F0FD,1F8,F0FD,000,FFFD,0000,004,0100
1F6,1203,1F7,1203,1F6,1203,000,01F6,0000,004,0100
1F7,2F40,1F8,2F40,1F7,0040,000,0040,0000,004,0100
1F8,F0FD,1F6,F0FD,1F8,F0FD,000,FFFD,0000,004,0100
1F6,1203,1F7,1203,1F6,1203,000,01F6,0000,004,0100
1F7,2F40,1F8,2F40,1F7,0040,000,0040,0000,004,0100
1F8,F0FD,1F6,F0FD,1F8,F0FD,000,FFFD,0000,004,0100
1F6,1203,1F7,1203,1F6,1203,000,01F6,0000,004,0100
1F7,2F40,1F8,2F40,1F7,0040,000,0040,0000,004,0100
1F8,F0FD,1F6,F0FD,1F8,F0FD,000,FFFD,0000,004,0100
1F6,1203,1F7,1203,1F6,1203,000,01F6,0000,004,0100
1F7,2F40,1F8,2F40,1F7,0040,000,0040,0000,004,0100
1F8,F0FD,1F6,F0FD,1F8,F0FD,000,FFFD,0000,004,0100
1F6,1203,1F7,1203,1F6,1203,000,01F6,0000,004,0100
1F7,2F40,1F8,2F40,1F7,0040,000,0040,0000,004,0100
1F8,F0FD,1F6,F0FD,1F8,F0FD,000,FFFD,0000,004,0100
1F6,1203,1F7,1203,1F6,1203,000,01F6,0000,004,0100
1F7,2F40,1F8,2F40,1F7,0040,000,0040,0000,004,0100
1F8,F0FD,1F6,F0FD,1F8,F0FD,000,FFFD,0000,004,0100
1F6,1203,1F7,1203,1F6,1203,000,01F6,0000,004,0100
1F7,2F40,1F8,2F40,1F7,0040,000,0040,0000,004,0100
1F8,F0FD,1F6,F0FD,1F8,F0FD,000,FFFD,0000,004,0100
1F6,1203,1F7,1203,1F6,1203,000,01F6,0000,004,0100
1F7,2F40,1F8,2F40,1F7,0040,000,0040,0000,004,0100
1F8,F0FD,1F6,F0FD,1F8,F0FD,000,FFFD,0000,004,0100
1F6,1203,1F7,1203,1F6,1203,000,01F6,0000,004,0100
1F7,2F40,1F8,2F40,1F7,0040,000,0040,0000,004,0100
1F8,F0FD,1F6,F0FD,1F8,F0FD,000,FFFD,0000,004,0100
1F6,1203,1F7,1203,1F6,1203,000,01F6,0000,004,0100
1F7,2F40,1F8,2F40,1F7,0040,000,0040,0000,004,0100
1F8,F0FD,1F6,F0FD,1F8,F0FD,000,FFFD,0000,004,0100
1F6,1203,1F7,1203,1F6,1203,000,01F6,0000,004,0100
1F7,2F40,1F8,2F40,1F7,0040,000,0040,0000,004,0100
1F8,F0FD,1F6,F0FD,1F8,F0FD,000,FFFD,0000,004,0100
1F6,1203,1F7,1203,1F6,1203,000,01F6,0000,004,0100
1F7,2F40,1F8,2F40,1F7,0040,000,0040,0000,004,0100
1F8,F0FD,1F6,F0FD,1F8,F0FD,000,FFFD,0000,004,0100
1F6,1203,1F7,1203,1F6,1203,000,01F6,0000,004,0100
1F7,2F40,1F8,2F40,1F7,0040,000,0040,0000,004,0100
1F8,F0FD,1F6,F0FD,1F8,F0FD,000,FFFD,0000,004,0100
1F6,1203,1F7,1203,1F6,1203,000,01F6,0000,004,0100
1F7,2F40,1F8,2F40,1F7,0040,000,0040,0000,004,0100
1F8,F0FD,1F6,F0FD,1F8,F0FD,000,FFFD,0000,004,0100
1F6,1203,1F7,1203,1F6,1203,000,01F6,0000,004,0100
1F7,2F40,1F8,2F40,1F7,0040,000,0040,0000,004,0100
1F8,F0FD,1F6,F0FD,1F8,F0FD,000,FFFD,0000,004,0100
1F6,1203,1F7,1203,1F6,1203,000,01F6,0000,004,0100
1F7,2F40,1F8,2F40,1F7,0040,000,0040,0000,004,0100
1F8,F0FD,1F6,F0FD,1F8,F0FD,000,FFFD,0000,004,0100
1F6,1203,1F7,1203,1F6,1203,000,01F6,0000,004,0100
1F7,2F40,1F8,2F40,1F7,0040,000,0040,0000,004,0100
1F8,F0FD,1F6,F0FD,1F8,F0FD,000,FFFD,0000,004,0100
1F6,1203,1F7,1203,1F6,1203,000,01F6,0000,004,0100
1F7,2F40,1F8,2F40,1F7,0040,000,0040,0000,004,0100
1F8,F0FD,1F6,F0FD,1F8,F0FD,000,FFFD,0000,004,0100
1F6,1203,1F7,1203,1F6,1203,000,01F6,0000,004,0100
1F7,2F40,1F8,2F40,1F7,0040,000,0040,0000,004,0100
1F8,F0FD,1F6,F0FD,1F8,F0FD,000,FFFD,0000,004,0100
1F6,1203,1F7,1203,1F6,1203,000,01F6,0000,004,0100
1F7,2F40,1F8,2F40,1F7,0040,000,0040,0000,004,0100
1F8,F0FD,1F6,F0FD,1F8,F0FD,000,FFFD,0000,004,0100
1F6,1203,1F7,1203,1F6,1203,000,01F6,0000,004,0100
1F7,2F40,1F8,2F40,1F7,0040,000,0040,0000,004,0100
1F8,F0FD,1F6,F0FD,1F8,F0FD,000,FFFD,0000,004,0100
1F6,1203,1F7,1203,1F6,1203,000,01F6,0000,004,0100
1F7,2F40,1F8,2F40,1F7,0040,000,0040,0000,004,0100
1F8,F0FD,1F6,F0FD,1F8,F0FD,000,FFFD,0000,004,0100
1F6,1203,1F7,1203,1F6,1203,000,01F6,0000,004,0100
1F7,2F40,1F8,2F40,1F7,0040,000,0040,0000,004,0100
1F8,F0FD,1F6,F0FD,1F8,F0FD,000,FFFD,0000,004,0100
1F6,1203,1F7,1203,1F6,1203,000,01F6,0000,004,0100
1F7,2F40,1F8,2F40,1F7,0040,000,0040,0000,004,0100
1F8,F0FD,1F6,F0FD,1F8,F0FD,000,FFFD,0000,004,0100
1F6,1203,1F7,1203,1F6,1203,000,01F6,0000,004,0100
1F7,2F40,1F8,2F40,1F7,0040,000,0040,0000,004,0100
1F8,F0FD,1F6,F0FD,1F8,F0FD,000,FFFD,0000,004,0100
1F6,1203,1F7,1203,1F6,1203,000,01F6,0000,004,0100
1F7,2F40,1F8,2F40,1F7,0040,000,0040,0000,004,0100
1F8,F0FD,1F6,F0FD,1F8,F0FD,000,FFFD,0000,004,0100
1F6,1203,1F7,1203,1F6,1203,000,01F6,0000,004,0100
1F7,2F40,1F8,2F40,1F7,0040,000,0040,0000,004,0100
1F8,F0FD,1F6,F0FD,1F8,F0FD,000,FFFD,0000,004,0100
1F6,1203,1F7,1203,1F6,1203,000,01F6,0000,004,0100
1F7,2F40,1F8,2F40,1F7,0040,000,0040,0000,004,0100
1F8,F0FD,1F6,F0FD,1F8,F0FD,000,FFFD,0000,004,0100
1F6,1203,1F7,1203,1F6,1203,000,01F6,0000,004,0100
1F7,2F40,1F8,2F40,1F7,0040,000,0040,0000,004,0100
1F8,F0FD,1F6,F0FD,1F8,F0FD,000,FFFD,0000,004,0100
1F6,1203,1F7,1203,1F6,1203,000,01F6,0000,004,0100
1F7,2F40,1F8,2F40,1F7,0040,000,0040,0000,004,0100
1F8,F0FD,1F6,F0FD,1F8,F0FD,000,FFFD,0000,004,0100
1F6,1203,1F7,1203,1F6,1203,000,01F6,0000,004,0100
1F7,2F40,1F8,2F40,1F7,0040,000,0040,0000,004,0100
1F8,F0FD,1F6,F0FD,1F8,F0FD,000,FFFD,0000,004,0100
1F6,1203,1F7,1203,1F6,1203,000,01F6,0000,004,0100
1F7,2F40,1F8,2F40,1F7,0040,000,0040,0000,004,0100
1F8,F0FD,1F6,F0FD,1F8,F0FD,000,FFFD,0000,004,0100
1F6,1203,1F7,1203,1F6,1203,000,01F6,0000,004,0100
1F7,2F40,1F8,2F40,1F7,0040,000,0040,0000,004,0100
1F8,F0FD,1F6,F0FD,1F8,F0FD,000,FFFD,0000,004,0100
1F6,1203,1F7,1203,1F6,1203,000,01F6,0000,004,0100
1F7,2F40,1F8,2F40,1F7,0040,000,0040,0000,004,0100
1F8,F0FD,1F6,F0FD,1F8,F0FD,000,FFFD,0000,004,0100
1F6,1203,1F7,1203,1F6,1203,000,01F6,0000,004,0100
1F7,2F40,1F8,2F40,1F7,0040,000,0040,0000,004,0100
1F8,F0FD,1F6,F0FD,1F8,F0FD,000,FFFD,0000,004,0100
1F6,1203,1F7,1203,1F6,1203,000,01F6,0000,004,0100
1F7,2F40,1F8,2F40,1F7,0040,000,0040,0000,004,0100
1F8,F0FD,1F6,F0FD,1F8,F0FD,000,FFFD,0000,004,0100
1F6,1203,1F7,1203,1F6,1203,000,01F6,0000,004,0100
1F7,2F40,1F8,2F40,1F7,0040,000,0040,0000,004,0100
1F8,F0FD,1F6,F0FD,1F8,F0FD,000,FFFD,0000,004,0100
1F6,1203,1F7,1203,1F6,1203,000,01F6,0000,004,0100
1F7,2F40,1F8,2F40,1F7,0040,000,0040,0000,004,0100
1F8,F0FD,1F6,F0FD,1F8,F0FD,000,FFFD,0000,004,0100
1F6,1203,1F7,1203,1F6,1203,000,01F6,0000,004,0100
1F7,2F40,1F8,2F40,1F7,0040,000,0040,0000,004,0100
1F8,F0FD,1F6,F0FD,1F8,F0FD,000,FFFD,0000,004,0100
1F6,1203,1F7,1203,1F6,1203,000,01F6,0000,004,0100
1F7,2F40,1F8,2F40,1F7,0040,000,0040,0000,004,0100
1F8,F0FD,1F6,F0FD,1F8,F0FD,000,FFFD,0000,004,0100
1F6,1203,1F7,1203,1F6,1203,000,01F6,0000,004,0100
1F7,2F40,1F8,2F40,1F7,0040,000,0040,0000,004,0100
1F8,F0FD,1F6,F0FD,1F8,F0FD,000,FFFD,0000,004,0100
1F6,1203,1F7,1203,1F6,1203,000,01F6,0000,004,0100
1F7,2F40,1F8,2F40,1F7,0040,000,0040,0000,004,0100
1F8,F0FD,1F6,F0FD,1F8,F0FD,000,FFFD,0000,004,0100
1F6,1203,1F7,1203,1F6,1203,000,01F6,0000,004,0100
1F7,2F40,1F8,2F40,1F7,0040,000,0040,0000,004,0100
1F8,F0FD,1F6,F0FD,1F8,F0FD,000,FFFD,0000,004,0100
1F6,1203,1F7,1203,1F6,1203,000,01F6,0000,004,0100
1F7,2F40,1F8,2F40,1F7,0040,000,0040,0000,004,0100
1F8,F0FD,1F6,F0FD,1F8,F0FD,000,FFFD,0000,004,0100
1F6,1203,1F7,1203,1F6,1203,000,01F6,0000,004,0100
1F7,2F40,1F8,2F40,1F7,0040,000,0040,0000,004,0100
1F8,F0FD,1F6,F0FD,1F8,F0FD,000,FFFD,0000,004,0100
1F6,1203,1F7,1203,1F6,1203,000,01F6,0000,004,0100
1F7,2F40,1F8,2F40,1F7,0040,000,0040,0000,004,0100
1F8,F0FD,1F6,F0FD,1F8,F0FD,000,FFFD,0000,004,0100
1F6,1203,1F7,1203,1F6,1203,000,01F6,0000,004,0100
1F7,2F40,1F8,2F40,1F7,0040,000,0040,0000,004,0100
1F8,F0FD,1F6,F0FD,1F8,F0FD,000,FFFD,0000,004,0100
1F6,1203,1F7,1203,1F6,1203,000,01F6,0000,004,0100
1F7,2F40,1F8,2F40,1F7,0040,000,0040,0000,004,0100
1F8,F0FD,1F6,F0FD,1F8,F0FD,000,FFFD,0000,004,0100
1F6,1203,1F7,1203,1F6,1203,000,01F6,0000,004,0100
1F7,2F40,1F8,2F40,1F7,0040,000,0040,0000,004,0100
1F8,F0FD,1F6,F0FD,1F8,F0FD,000,FFFD,0000,004,0100
1F6,1203,1F7,1203,1F6,1203,000,01F6,0000,004,0100
1F7,2F40,1F8,2F40,1F7,0040,000,0040,0000,004,0100
1F8,F0FD,1F6,F0FD,1F8,F0FD,000,FFFD,0000,004,0100
1F6,1203,1F7,1203,1F6,1203,000,01F6,0000,004,0100
1F7,2F40,1F8,2F40,1F7,0040,000,0040,0000,004,0100
1F8,F0FD,1F6,F0FD,1F8,F0FD,000,FFFD,0000,004,0100
1F6,1203,1F7,1203,1F6,1203,000,01F6,0000,004,0100
1F7,2F40,1F8,2F40,1F7,0040,000,0040,0000,004,0100
1F8,F0FD,1F6,F0FD,1F8,F0FD,000,FFFD,0000,004,0100
1F6,1203,1F7,1203,1F6,1203,000,01F6,0000,004,0100
1F7,2F40,1F8,2F40,1F7,0040,000,0040,0000,004,0100
1F8,F0FD,1F6,F0FD,1F8,F0FD,000,FFFD,0000,004,0100
1F6,1203,1F7,1203,1F6,1203,000,01F6,0000,004,0100
1F7,2F40,1F8,2F40,1F7,0040,000,0040,0000,004,0100
1F8,F0FD,1F6,F0FD,1F8,F0FD,000,FFFD,0000,004,0100
1F6,1203,1F7,1203,1F6,1203,000,01F6,0000,004,0100
1F7,2F40,1F8,2F40,1F7,0040,000,0040,0000,004,0100
1F8,F0FD,1F6,F0FD,1F8,F0FD,000,FFFD,0000,004,0100
1F6,1203,1F7,1203,1F6,1203,000,01F6,0000,004,0100
1F7,2F40,1F8,2F40,1F7,0040,000,0040,0000,004,0100
1F8,F0FD,1F6,F0FD,1F8,F0FD,000,FFFD,0000,004,0100
1F6,1203,1F7,1203,1F6,1203,000,01F6,0000,004,0100
1F7,2F40,1F8,2F40,1F7,0040,000,0040,0000,004,0100
1F8,F0FD,1F6,F0FD,1F8,F0FD,000,FFFD,0000,004,0100
1F6,1203,1F7,1203,1F6,1203,000,01F6,0000,004,0100
1F7,2F40,1F8,2F40,1F7,0040,000,0040,0000,004,0100
1F8,F0FD,1F6,F0FD,1F8,F0FD,000,FFFD,0000,004,0100
1F6,1203,1F7,1203,1F6,1203,000,01F6,0000,004,0100
1F7,2F40,1F8,2F40,1F7,0040,000,0040,0000,004,0100
1F8,F0FD,1F6,F0FD,1F8,F0FD,000,FFFD,0000,004,0100
1F6,1203,1F7,1203,1F6,1203,000,01F6,0000,004,0100
1F7,2F40,1F8,2F40,1F7,0040,000,0040,0000,004,0100
1F8,F0FD,2AF,2F40,1F7,0040,000,0040,0000,004,0100
2AF,0000,2B0,2F40,2AF,0000,000,0040,0000,004,0100,2AF,0000
2B0,0000,2B1,2F40,2B0,0000,000,0040,0000,004,0100,2B0,0000
2B1,0584,2B2,2F40,2B1,0584,000,0040,0000,004,0100,2B1,0584
2B2,CE00,2B3,2F40,2B2,CE00,000,0040,0000,004,0100,2B2,CE00
2B3,1203,2B4,2F40,2B3,1203,000,0040,0000,004,0100,2B3,1203
2B4,2F40,2B5,2F40,2B4,2F40,000,0040,0000,004,0100,2B4,2F40
2B5,F0FD,2B6,2F40,2B5,F0FD,000,0040,0000,004,0100,2B5,F0FD
2B6,DE00,2B7,2F40,2B6,DE00,000,0040,0000,004,0100,2B6,DE00
2B7,AEF7,2B8,2F40,2B7,AEF7,000,0040,0000,004,0100,2B7,AEF7
2B8,F002,2B9,2F40,2B8,F002,000,0040,0000,004,0100,2B8,F002
2B9,CE07,2BA,2F40,2B9,CE07,000,0040,0000,004,0100,2B9,CE07
2BA,0A00,2BB,2F40,2BA,0A00,000,0040,0000,004,0100,2BA,0A00
2BB,0700,2BC,2F40,2BB,0700,000,0040,0000,004,0100,2BB,0700
2BC,EEF2,2BD,2F40,2BC,EEF2,000,0040,0000,004,0100,2BC,EEF2
2BD,A8F3,2BE,2F40,2BD,A8F3,000,0040,0000,004,0100,2BD,A8F3
2BE,0680,2BF,2F40,2BE,0680,000,0040,0000,004,0100,2BE,0680
2BF,DE06,2C0,2F40,2BF,DE06,000,0040,0000,004,0100,2BF,DE06
2C0,CEF2,2C1,2F40,2C0,CEF2,000,0040,0000,004,0100,2C0,CEF2
2C1,0200,2C2,2F40,2C1,0200,000,0040,0000,004,0100,2C1,0200
2C2,EEEC,2C3,2F40,2C2,EEEC,000,0040,0000,004,0100,2C2,EEEC
2C3,AAED,2C4,2F40,2C3,AAED,000,0040,0000,004,0100,2C3,AAED
2C4,DE01,2C5,2F40,2C4,DE01,000,0040,0000,004,0100,2C4,DE01
2C5,CEED,2C6,2F40,2C5,CEED,000,0040,0000,004,0100,2C5,CEED
2C6,1302,2C7,2F40,2C6,1302,000,0040,0000,004,0100,2C6,1302
2C7,DE01,2C8,2F40,2C7,DE01,000,0040,0000,004,0100,2C7,DE01
2C8,0A00,2C9,2F40,2C8,0A00,000,0040,0000,004,0100,2C8,0A00
2C9,7F00,2CA,2F40,2C9,7F00,000,0040,0000,004,0100,2C9,7F00
2CA,F001,2CB,2F40,2CA,F001,000,0040,0000,004,0100,2CA,F001
2CB,0A00,2CC,2F40,2CB,0A00,000,0040,0000,004,0100,2CB,0A00
2CC,0100,2CD,2F40,2CC,0100,000,0040,0000,004,0100,2CC,0100
2CD,0000,2CE,2F40,2CD,0000,000,0040,0000,004,0100,2CD,0000
2CE,0000,2CF,2F40,2CE,0000,000,0040,0000,004,0100,2CE,0000
2CF,0000,2D0,2F40,2CF,0000,000,0040,0000,004,0100,2CF,0000
2D0,0000,2D1,2F40,2D0,0000,000,0040,0000,004,0100,2D0,0000
2D1,0000,2D2,2F40,2D1,0000,000,0040,0000,004,0100,2D1,0000
2D2,0000,2D3,2F40,2D2,0000,000,0040,0000,004,0100,2D2,0000
2D3,0000,2D4,2F40,2D3,0000,000,0040,0000,004,0100,2D3,0000
2D4,0000,2D5,2F40,2D4,0000,000,0040,0000,004,0100,2D4,0000
2D5,0000,2D6,2F40,2D5,0000,000,0040,0000,004,0100,2D5,0000
2D6,0000,2D7,2F40,2D6,0000,000,0040,0000,004,0100,2D6,0000
2D7,0000,2D8,2F40,2D7,0000,000,0040,0000,004,0100,2D7,0000
2D8,0000,2D9,2F40,2D8,0000,000,0040,0000,004,0100,2D8,0000
2D9,0000,2DA,2F40,2D9,0000,000,0040,0000,004,0100,2D9,0000
2DA,0000,2DB,2F40,2DA,0000,000,0040,0000,004,0100,2DA,0000
2DB,0000,2DC,2F40,2DB,0000,000,0040,0000,004,0100,2DB,0000
2DC,0000,2DD,2F40,2DC,0000,000,0040,0000,004,0100,2DC,0000
2DD,0000,2DE,2F40,2DD,0000,000,0040,0000,004,0100,2DD,0000
2DE,0000,2DF,2F40,2DE,0000,000,0040,0000,004,0100,2DE,0000
2DF,0000,2E0,2F40,2DF,0000,000,0040,0000,004,0100,2DF,0000
2E0,0000,2E1,2F40,2E0,0000,000,0040,0000,004,0100,2E0,0000
2E1,0000,2E2,2F40,2E1,0000,000,0040,0000,004,0100,2E1,0000
2E2,0000,2E3,2F40,2E2,0000,000,0040,0000,004,0100,2E2,0000
2E3,0000,2E4,2F40,2E3,0000,000,0040,0000,004,0100,2E3,0000
2E4,0000,2E5,2F40,2E4,0000,000,0040,0000,004,0100,2E4,0000
2E5,0000,2E6,2F40,2E5,0000,000,0040,0000,004,0100,2E5,0000
2E6,0000,2E7,2F40,2E6,0000,000,0040,0000,004,0100,2E6,0000
2E7,0000,2E8,2F40,2E7,0000,000,0040,0000,004,0100,2E7,0000
2E8,0000,2E9,2F40,2E8,0000,000,0040,0000,004,0100,2E8,0000
2E9,0000,2EA,2F40,2E9,0000,000,0040,0000,004,0100,2E9,0000
2EA,0000,2EB,2F40,2EA,0000,000,0040,0000,004,0100,2EA,0000
2EB,0000,2EC,2F40,2EB,0000,000,0040,0000,004,0100,2EB,0000
2EC,0000,2ED,2F40,2EC,0000,000,0040,0000,004,0100,2EC,0000
2ED,0000,2EE,2F40,2ED,0000,000,0040,0000,004,0100,2ED,0000
2EE,0000,2EF,2F40,2EE,0000,000,0040,0000,004,0100,2EE,0000
2EF,0000,2F0,2F40,2EF,0000,000,0040,0000,004,0100,2EF,0000
2F0,0000,2F1,2F40,2F0,0000,000,0040,0000,004,0100,2F0,0000
2F1,0000,2F2,2F40,2F1,0000,000,0040,0000,004,0100,2F1,0000
2F2,0000,2F3,2F40,2F2,0000,000,0040,0000,004,0100,2F2,0000
2F3,0000,2F4,2F40,2F3,0000,000,0040,0000,004,0100,2F3,0000
2F4,0000,2F5,2F40,2F4,0000,000,0040,0000,004,0100,2F4,0000
2F5,0000,2F6,2F40,2F5,0000,000,0040,0000,004,0100,2F5,0000
2F6,0000,2F7,2F40,2F6,0000,000,0040,0000,004,0100,2F6,0000
2F7,0000,2F8,2F40,2F7,0000,000,0040,0000,004,0100,2F7,0000
2F8,0000,2F9,2F40,2F8,0000,000,0040,0000,004,0100,2F8,0000
2F9,0000,2FA,2F40,2F9,0000,000,0040,0000,004,0100,2F9,0000
2FA,0000,2FB,2F40,2FA,0000,000,0040,0000,004,0100,2FA,0000
2FB,0000,2FC,2F40,2FB,0000,000,0040,0000,004,0100,2FB,0000
2FC,0000,2FD,2F40,2FC,0000,000,0040,0000,004,0100,2FC,0000
2FD,0000,2FE,2F40,2FD,0000,000,0040,0000,004,0100,2FD,0000
2FE,0000,2FF,2F40,2FE,0000,000,0040,0000,004,0100,2FE,0000
2FF,0000,300,2F40,2FF,0000,000,0040,0000,004,0100,2FF,0000
300,0000,301,2F40,300,0000,000,0040,0000,004,0100,300,0000
301,0000,302,2F40,301,0000,000,0040,0000,004,0100,301,0000
302,0000,303,2F40,302,0000,000,0040,0000,004,0100,302,0000
303,0000,304,2F40,303,0000,000,0040,0000,004,0100,303,0000
304,0000,305,2F40,304,0000,000,0040,0000,004,0100,304,0000
305,0000,306,2F40,305,0000,000,0040,0000,004,0100,305,0000
306,0000,307,2F40,306,0000,000,0040,0000,004,0100,306,0000
307,0000,308,2F40,307,0000,000,0040,0000,004,0100,307,0000
308,0000,309,2F40,308,0000,000,0040,0000,004,0100,308,0000
309,0000,30A,2F40,309,0000,000,0040,0000,004,0100,309,0000
30A,0000,30B,2F40,30A,0000,000,0040,0000,004,0100,30A,0000
30B,0000,30C,2F40,30B,0000,000,0040,0000,004,0100,30B,0000
30C,0000,30D,2F40,30C,0000,000,0040,0000,004,0100,30C,0000
30D,0000,30E,2F40,30D,0000,000,0040,0000,004,0100,30D,0000
30E,0000,30F,2F40,30E,0000,000,0040,0000,004,0100,30E,0000
30F,0000,310,2F40,30F,0000,000,0040,0000,004,0100,30F,0000
310,0000,311,2F40,310,0000,000,0040,0000,004,0100,310,0000
311,0000,312,2F40,311,0000,000,0040,0000,004,0100,311,0000
312,0000,313,2F40,312,0000,000,0040,0000,004,0100,312,0000
313,0000,314,2F40,313,0000,000,0040,0000,004,0100,313,0000
314,0000,315,2F40,314,0000,000,0040,0000,004,0100,314,0000
315,0000,316,2F40,315,0000,000,0040,0000,004,0100,315,0000
316,0000,317,2F40,316,0000,000,0040,0000,004,0100,316,0000
317,0000,318,2F40,317,0000,000,0040,0000,004,0100,317,0000
318,0000,319,2F40,318,0000,000,0040,0000,004,0100,318,0000
319,0000,31A,2F40,319,0000,000,0040,0000,004,0100,319,0000
31A,0000,31B,2F40,31A,0000,000,0040,0000,004,0100,31A,0000
31B,0000,31C,2F40,31B,0000,000,0040,0000,004,0100,31B,0000
31C,0000,31D,2F40,31C,0000,000,0040,0000,004,0100,31C,0000
31D,0000,31E,2F40,31D,0000,000,0040,0000,004,0100,31D,0000
31E,0000,31F,2F40,31E,0000,000,0040,0000,004,0100,31E,0000
31F,0000,320,2F40,31F,0000,000,0040,0000,004,0100,31F,0000
320,0000,321,2F40,320,0000,000,0040,0000,004,0100,320,0000
321,0000,322,2F40,321,0000,000,0040,0000,004,0100,321,0000
322,0000,323,2F40,322,0000,000,0040,0000,004,0100,322,0000
323,0000,324,2F40,323,0000,000,0040,0000,004,0100,323,0000
324,0000,325,2F40,324,0000,000,0040,0000,004,0100,324,0000
325,0000,326,2F40,325,0000,000,0040,0000,004,0100,325,0000
326,0000,327,2F40,326,0000,000,0040,0000,004,0100,326,0000
327,0000,328,2F40,327,0000,000,0040,0000,004,0100,327,0000
328,0000,329,2F40,328,0000,000,0040,0000,004,0100,328,0000
329,0000,32A,2F40,329,0000,000,0040,0000,004,0100,329,0000
32A,0000,32B,2F40,32A,0000,000,0040,0000,004,0100,32A,0000
32B,0000,32C,2F40,32B,0000,000,0040,0000,004,0100,32B,0000
32C,0000,32D,2F40,32C,0000,000,0040,0000,004,0100,32C,0000
32D,0000,32E,2F40,32D,0000,000,0040,0000,004,0100,32D,0000
32E,0000,32F,2F40,32E,0000,000,0040,0000,004,0100,32E,0000
32F,0000,330,2F40,32F,0000,000,0040,0000,004,0100,32F,0000
330,0000,331,2F40,330,0000,000,0040,0000,004,0100,330,0000
331,0000,332,2F40,331,0000,000,0040,0000,004,0100,331,0000
332,0000,333,2F40,332,0000,000,0040,0000,004,0100,332,0000
333,0000,334,2F40,333,0000,000,0040,0000,004,0100,333,0000
334,0000,335,2F40,334,0000,000,0040,0000,004,0100,334,0000
335,0000,336,2F40,335,0000,000,0040,0000,004,0100,335,0000
336,0000,337,2F40,336,0000,000,0040,0000,004,0100,336,0000
337,0000,338,2F40,337,0000,000,0040,0000,004,0100,337,0000
338,0000,339,2F40,338,0000,000,0040,0000,004,0100,338,0000
339,0000,33A,2F40,339,0000,000,0040,0000,004,0100,339,0000
33A,0000,33B,2F40,33A,0000,000,0040,0000,004,0100,33A,0000
33B,0000,33C,2F40,33B,0000,000,0040,0000,004,0100,33B,0000
33C,0000,33D,2F40,33C,0000,000,0040,0000,004,0100,33C,0000
33D,0000,33E,2F40,33D,0000,000,0040,0000,004,0100,33D,0000
33E,0000,33F,2F40,33E,0000,000,0040,0000,004,0100,33E,0000
33F,0000,340,2F40,33F,0000,000,0040,0000,004,0100,33F,0000
340,0000,341,2F40,340,0000,000,0040,0000,004,0100,340,0000
341,0000,342,2F40,341,0000,000,0040,0000,004,0100,341,0000
342,0000,343,2F40,342,0000,000,0040,0000,004,0100,342,0000
343,0000,344,2F40,343,0000,000,0040,0000,004,0100,343,0000
344,0000,345,2F40,344,0000,000,0040,0000,004,0100,344,0000
345,0000,346,2F40,345,0000,000,0040,0000,004,0100,345,0000
346,0000,347,2F40,346,0000,000,0040,0000,004,0100,346,0000
347,0000,348,2F40,347,0000,000,0040,0000,004,0100,347,0000
348,0000,349,2F40,348,0000,000,0040,0000,004,0100,348,0000
349,0000,34A,2F40,349,0000,000,0040,0000,004,0100,349,0000
34A,0000,34B,2F40,34A,0000,000,0040,0000,004,0100,34A,0000
34B,0000,34C,2F40,34B,0000,000,0040,0000,004,0100,34B,0000
34C,0000,34D,2F40,34C,0000,000,0040,0000,004,0100,34C,0000
34D,0000,34E,2F40,34D,0000,000,0040,0000,004,0100,34D,0000
34E,0000,34F,2F40,34E,0000,000,0040,0000,004,0100,34E,0000
34F,0000,350,2F40,34F,0000,000,0040,0000,004,0100,34F,0000
350,0000,351,2F40,350,0000,000,0040,0000,004,0100,350,0000
351,0000,352,2F40,351,0000,000,0040,0000,004,0100,351,0000
352,0000,353,2F40,352,0000,000,0040,0000,004,0100,352,0000
353,0000,354,2F40,353,0000,000,0040,0000,004,0100,353,0000
354,0000,355,2F40,354,0000,000,0040,0000,004,0100,354,0000
355,0000,356,2F40,355,0000,000,0040,0000,004,0100,355,0000
356,0000,357,2F40,356,0000,000,0040,0000,004,0100,356,0000
357,0000,358,2F40,357,0000,000,0040,0000,004,0100,357,0000
358,0000,359,2F40,358,0000,000,0040,0000,004,0100,358,0000
359,0000,35A,2F40,359,0000,000,0040,0000,004,0100,359,0000
35A,0000,35B,2F40,35A,0000,000,0040,0000,004,0100,35A,0000
35B,0000,35C,2F40,35B,0000,000,0040,0000,004,0100,35B,0000
35C,0000,35D,2F40,35C,0000,000,0040,0000,004,0100,35C,0000
35D,0000,35E,2F40,35D,0000,000,0040,0000,004,0100,35D,0000
35E,0000,35F,2F40,35E,0000,000,0040,0000,004,0100,35E,0000
35F,0000,360,2F40,35F,0000,000,0040,0000,004,0100,35F,0000
360,0000,361,2F40,360,0000,000,0040,0000,004,0100,360,0000
361,0000,362,2F40,361,0000,000,0040,0000,004,0100,361,0000
362,0000,363,2F40,362,0000,000,0040,0000,004,0100,362,0000
363,0000,364,2F40,363,0000,000,0040,0000,004,0100,363,0000
364,0000,365,2F40,364,0000,000,0040,0000,004,0100,364,0000
365,0000,366,2F40,365,0000,000,0040,0000,004,0100,365,0000
366,0000,367,2F40,366,0000,000,0040,0000,004,0100,366,0000
367,0000,368,2F40,367,0000,000,0040,0000,004,0100,367,0000
368,0000,369,2F40,368,0000,000,0040,0000,004,0100,368,0000
369,0000,36A,2F40,369,0000,000,0040,0000,004,0100,369,0000
36A,0000,36B,2F40,36A,0000,000,0040,0000,004,0100,36A,0000
36B,0000,36C,2F40,36B,0000,000,0040,0000,004,0100,36B,0000
36C,0000,36D,2F40,36C,0000,000,0040,0000,004,0100,36C,0000
36D,0000,36E,2F40,36D,0000,000,0040,0000,004,0100,36D,0000
36E,0000,36F,2F40,36E,0000,000,0040,0000,004,0100,36E,0000
36F,0000,370,2F40,36F,0000,000,0040,0000,004,0100,36F,0000
370,0000,371,2F40,370,0000,000,0040,0000,004,0100,370,0000
371,0000,372,2F40,371,0000,000,0040,0000,004,0100,371,0000
372,0000,373,2F40,372,0000,000,0040,0000,004,0100,372,0000
373,0000,374,2F40,373,0000,000,0040,0000,004,0100,373,0000
374,0000,375,2F40,374,0000,000,0040,0000,004,0100,374,0000
375,0000,376,2F40,375,0000,000,0040,0000,004,0100,375,0000
376,0000,377,2F40,376,0000,000,0040,0000,004,0100,376,0000
377,0000,378,2F40,377,0000,000,0040,0000,004,0100,377,0000
378,0000,379,2F40,378,0000,000,0040,0000,004,0100,378,0000
379,0000,37A,2F40,379,0000,000,0040,0000,004,0100,379,0000
37A,0000,37B,2F40,37A,0000,000,0040,0000,004,0100,37A,0000
37B,0000,37C,2F40,37B,0000,000,0040,0000,004,0100,37B,0000
37C,0000,37D,2F40,37C,0000,000,0040,0000,004,0100,37C,0000
37D,0000,37E,2F40,37D,0000,000,0040,0000,004,0100,37D,0000
37E,0000,37F,2F40,37E,0000,000,0040,0000,004,0100,37E,0000
37F,0000,380,2F40,37F,0000,000,0040,0000,004,0100,37F,0000
380,0000,381,2F40,380,0000,000,0040,0000,004,0100,380,0000
381,0000,382,2F40,381,0000,000,0040,0000,004,0100,381,0000
382,0000,383,2F40,382,0000,000,0040,0000,004,0100,382,0000
383,0000,384,2F40,383,0000,000,0040,0000,004,0100,383,0000
384,0000,385,2F40,384,0000,000,0040,0000,004,0100,384,0000
385,0000,386,2F40,385,0000,000,0040,0000,004,0100,385,0000
386,0000,387,2F40,386,0000,000,0040,0000,004,0100,386,0000
387,0000,388,2F40,387,0000,000,0040,0000,004,0100,387,0000
388,0000,389,2F40,388,0000,000,0040,0000,004,0100,388,0000
389,0000,38A,2F40,389,0000,000,0040,0000,004,0100,389,0000
38A,0000,38B,2F40,38A,0000,000,0040,0000,004,0100,38A,0000
38B,0000,38C,2F40,38B,0000,000,0040,0000,004,0100,38B,0000
38C,0000,38D,2F40,38C,0000,000,0040,0000,004,0100,38C,0000
38D,0000,38E,2F40,38D,0000,000,0040,0000,004,0100,38D,0000
38E,0000,38F,2F40,38E,0000,000,0040,0000,004,0100,38E,0000
38F,0000,390,2F40,38F,0000,000,0040,0000,004,0100,38F,0000
390,0000,391,2F40,390,0000,000,0040,0000,004,0100,390,0000
391,0000,392,2F40,391,0000,000,0040,0000,004,0100,391,0000
392,0000,393,2F40,392,0000,000,0040,0000,004,0100,392,0000
393,0000,394,2F40,393,0000,000,0040,0000,004,0100,393,0000
394,0000,395,2F40,394,0000,000,0040,0000,004,0100,394,0000
395,0000,396,2F40,395,0000,000,0040,0000,004,0100,395,0000
396,0000,397,2F40,396,0000,000,0040,0000,004,0100,396,0000
397,0000,398,2F40,397,0000,000,0040,0000,004,0100,397,0000
398,0000,399,2F40,398,0000,000,0040,0000,004,0100,398,0000
399,0000,39A,2F40,399,0000,000,0040,0000,004,0100,399,0000
39A,0000,39B,2F40,39A,0000,000,0040,0000,004,0100,39A,0000
39B,0000,39C,2F40,39B,0000,000,0040,0000,004,0100,39B,0000
39C,0000,39D,2F40,39C,0000,000,0040,0000,004,0100,39C,0000
39D,0000,39E,2F40,39D,0000,000,0040,0000,004,0100,39D,0000
39E,0000,39F,2F40,39E,0000,000,0040,0000,004,0100,39E,0000
39F,0000,3A0,2F40,39F,0000,000,0040,0000,004,0100,39F,0000
3A0,0000,3A1,2F40,3A0,0000,000,0040,0000,004,0100,3A0,0000
3A1,0000,3A2,2F40,3A1,0000,000,0040,0000,004,0100,3A1,0000
3A2,0000,3A3,2F40,3A2,0000,000,0040,0000,004,0100,3A2,0000
3A3,0000,3A4,2F40,3A3,0000,000,0040,0000,004,0100,3A3,0000
3A4,0000,3A5,2F40,3A4,0000,000,0040,0000,004,0100,3A4,0000
3A5,0000,3A6,2F40,3A5,0000,000,0040,0000,004,0100,3A5,0000
3A6,0000,3A7,2F40,3A6,0000,000,0040,0000,004,0100,3A6,0000
3A7,0000,3A8,2F40,3A7,0000,000,0040,0000,004,0100,3A7,0000
3A8,0000,3A9,2F40,3A8,0000,000,0040,0000,004,0100,3A8,0000
3A9,0000,3AA,2F40,3A9,0000,000,0040,0000,004,0100,3A9,0000
3AA,0000,3AB,2F40,3AA,0000,000,0040,0000,004,0100,3AA,0000
3AB,0000,3AC,2F40,3AB,0000,000,0040,0000,004,0100,3AB,0000
3AC,0000,3AD,2F40,3AC,0000,000,0040,0000,004,0100,3AC,0000
3AD,0000,3AE,2F40,3AD,0000,000,0040,0000,004,0100,3AD,0000
3AE,0000,3AF,2F40,3AE,0000,000,0040,0000,004,0100,3AE,0000
3AF,0000,3B0,2F40,3AF,0000,000,0040,0000,004,0100,3AF,0000
3B0,0000,3B1,2F40,3B0,0000,000,0040,0000,004,0100,3B0,0000
3B1,0000,3B2,2F40,3B1,0000,000,0040,0000,004,0100,3B1,0000
3B2,0000,3B3,2F40,3B2,0000,000,0040,0000,004,0100,3B2,0000
3B3,0000,3B4,2F40,3B3,0000,000,0040,0000,004,0100,3B3,0000
3B4,0000,3B5,2F40,3B4,0000,000,0040,0000,004,0100,3B4,0000
3B5,0000,3B6,2F40,3B5,0000,000,0040,0000,004,0100,3B5,0000
3B6,0000,3B7,2F40,3B6,0000,000,0040,0000,004,0100,3B6,0000
3B7,0000,3B8,2F40,3B7,0000,000,0040,0000,004,0100,3B7,0000
3B8,0000,3B9,2F40,3B8,0000,000,0040,0000,004,0100,3B8,0000
3B9,0000,3BA,2F40,3B9,0000,000,0040,0000,004,0100,3B9,0000
3BA,0000,3BB,2F40,3BA,0000,000,0040,0000,004,0100,3BA,0000
3BB,0000,3BC,2F40,3BB,0000,000,0040,0000,004,0100,3BB,0000
3BC,0000,3BD,2F40,3BC,0000,000,0040,0000,004,0100,3BC,0000
3BD,0000,3BE,2F40,3BD,0000,000,0040,0000,004,0100,3BD,0000
3BE,0000,3BF,2F40,3BE,0000,000,0040,0000,004,0100,3BE,0000
3BF,0000,3C0,2F40,3BF,0000,000,0040,0000,004,0100,3BF,0000
3C0,0000,3C1,2F40,3C0,0000,000,0040,0000,004,0100,3C0,0000
3C1,0000,3C2,2F40,3C1,0000,000,0040,0000,004,0100,3C1,0000
3C2,0000,3C3,2F40,3C2,0000,000,0040,0000,004,0100,3C2,0000
3C3,0000,3C4,2F40,3C3,0000,000,0040,0000,004,0100,3C3,0000
3C4,0000,3C5,2F40,3C4,0000,000,0040,0000,004,0100,3C4,0000
3C5,0000,3C6,2F40,3C5,0000,000,0040,0000,004,0100,3C5,0000
3C6,0000,3C7,2F40,3C6,0000,000,0040,0000,004,0100,3C6,0000
3C7,0000,3C8,2F40,3C7,0000,000,0040,0000,004,0100,3C7,0000
3C8,0000,3C9,2F40,3C8,0000,000,0040,0000,004,0100,3C8,0000
3C9,0000,3CA,2F40,3C9,0000,000,0040,0000,004,0100,3C9,0000
3CA,0000,3CB,2F40,3CA,0000,000,0040,0000,004,0100,3CA,0000
3CB,0000,3CC,2F40,3CB,0000,000,0040,0000,004,0100,3CB,0000
3CC,0000,3CD,2F40,3CC,0000,000,0040,0000,004,0100,3CC,0000
3CD,0000,3CE,2F40,3CD,0000,000,0040,0000,004,0100,3CD,0000
3CE,0000,3CF,2F40,3CE,0000,000,0040,0000,004,0100,3CE,0000
3CF,0000,3D0,2F40,3CF,0000,000,0040,0000,004,0100,3CF,0000
3D0,0000,3D1,2F40,3D0,0000,000,0040,0000,004,0100,3D0,0000
3D1,0000,3D2,2F40,3D1,0000,000,0040,0000,004,0100,3D1,0000
3D2,0000,3D3,2F40,3D2,0000,000,0040,0000,004,0100,3D2,0000
3D3,0000,3D4,2F40,3D3,0000,000,0040,0000,004,0100,3D3,0000
3D4,0000,3D5,2F40,3D4,0000,000,0040,0000,004,0100,3D4,0000
3D5,0000,3D6,2F40,3D5,0000,000,0040,0000,004,0100,3D5,0000
3D6,0000,3D7,2F40,3D6,0000,000,0040,0000,004,0100,3D6,0000
3D7,0000,3D8,2F40,3D7,0000,000,0040,0000,004,0100,3D7,0000
3D8,0000,3D9,2F40,3D8,0000,000,0040,0000,004,0100,3D8,0000
3D9,0000,3DA,2F40,3D9,0000,000,0040,0000,004,0100,3D9,0000
3DA,0000,3DB,2F40,3DA,0000,000,0040,0000,004,0100,3DA,0000
3DB,0000,3DC,2F40,3DB,0000,000,0040,0000,004,0100,3DB,0000
3DC,0000,3DD,2F40,3DC,0000,000,0040,0000,004,0100,3DC,0000
3DD,0000,3DE,2F40,3DD,0000,000,0040,0000,004,0100,3DD,0000
3DE,0000,3DF,2F40,3DE,0000,000,0040,0000,004,0100,3DE,0000
3DF,0000,3E0,2F40,3DF,0000,000,0040,0000,004,0100,3DF,0000
3E0,0000,3E1,2F40,3E0,0000,000,0040,0000,004,0100,3E0,0000
3E1,0000,3E2,2F40,3E1,0000,000,0040,0000,004,0100,3E1,0000
3E2,0000,3E3,2F40,3E2,0000,000,0040,0000,004,0100,3E2,0000
3E3,0000,3E4,2F40,3E3,0000,000,0040,0000,004,0100,3E3,0000
3E4,0000,3E5,2F40,3E4,0000,000,0040,0000,004,0100,3E4,0000
3E5,0000,3E6,2F40,3E5,0000,000,0040,0000,004,0100,3E5,0000
3E6,0000,3E7,2F40,3E6,0000,000,0040,0000,004,0100,3E6,0000
3E7,0000,3E8,2F40,3E7,0000,000,0040,0000,004,0100,3E7,0000
3E8,0000,3E9,2F40,3E8,0000,000,0040,0000,004,0100,3E8,0000
3E9,0000,3EA,2F40,3E9,0000,000,0040,0000,004,0100,3E9,0000
3EA,0000,3EB,2F40,3EA,0000,000,0040,0000,004,0100,3EA,0000
3EB,0000,3EC,2F40,3EB,0000,000,0040,0000,004,0100,3EB,0000
3EC,0000,3ED,2F40,3EC,0000,000,0040,0000,004,0100,3EC,0000
3ED,0000,3EE,2F40,3ED,0000,000,0040,0000,004,0100,3ED,0000
3EE,0000,3EF,2F40,3EE,0000,000,0040,0000,004,0100,3EE,0000
3EF,0000,3F0,2F40,3EF,0000,000,0040,0000,004,0100,3EF,0000
3F0,0000,3F1,2F40,3F0,0000,000,0040,0000,004,0100,3F0,0000
3F1,0000,3F2,2F40,3F1,0000,000,0040,0000,004,0100,3F1,0000
3F2,0000,3F3,2F40,3F2,0000,000,0040,0000,004,0100,3F2,0000
3F3,0000,3F4,2F40,3F3,0000,000,0040,0000,004,0100,3F3,0000
3F4,0000,3F5,2F40,3F4,0000,000,0040,0000,004,0100,3F4,0000
3F5,0000,3F6,2F40,3F5,0000,000,0040,0000,004,0100,3F5,0000
3F6,0000,3F7,2F40,3F6,0000,000,0040,0000,004,0100,3F6,0000
3F7,0000,3F8,2F40,3F7,0000,000,0040,0000,004,0100,3F7,0000
3F8,0000,3F9,2F40,3F8,0000,000,0040,0000,004,0100,3F8,0000
3F9,0000,3FA,2F40,3F9,0000,000,0040,0000,004,0100,3F9,0000
3FA,0000,3FB,2F40,3FA,0000,000,0040,0000,004,0100,3FA,0000
3FB,0000,3FC,2F40,3FB,0000,000,0040,0000,004,0100,3FB,0000
3FC,0000,3FD,2F40,3FC,0000,000,0040,0000,004,0100,3FC,0000
3FD,0000,3FE,2F40,3FD,0000,000,0040,0000,004,0100,3FD,0000
3FE,0000,3FF,2F40,3FE,0000,000,0040,0000,004,0100,3FE,0000
3FF,0000,400,2F40,3FF,0000,000,0040,0000,004,0100,3FF,0000
400,0000,401,2F40,400,0000,000,0040,0000,004,0100,400,0000
401,0000,402,2F40,401,0000,000,0040,0000,004,0100,401,0000
402,0000,403,2F40,402,0000,000,0040,0000,004,0100,402,0000
403,0000,404,2F40,403,0000,000,0040,0000,004,0100,403,0000
404,0000,405,2F40,404,0000,000,0040,0000,004,0100,404,0000
405,0000,406,2F40,405,0000,000,0040,0000,004,0100,405,0000
406,0000,407,2F40,406,0000,000,0040,0000,004,0100,406,0000
407,0000,408,2F40,407,0000,000,0040,0000,004,0100,407,0000
408,0000,409,2F40,408,0000,000,0040,0000,004,0100,408,0000
409,0000,40A,2F40,409,0000,000,0040,0000,004,0100,409,0000
40A,0000,40B,2F40,40A,0000,000,0040,0000,004,0100,40A,0000
40B,0000,40C,2F40,40B,0000,000,0040,0000,004,0100,40B,0000
40C,0000,40D,2F40,40C,0000,000,0040,0000,004,0100,40C,0000
40D,0000,40E,2F40,40D,0000,000,0040,0000,004,0100,40D,0000
40E,0000,40F,2F40,40E,0000,000,0040,0000,004,0100,40E,0000
40F,0000,410,2F40,40F,0000,000,0040,0000,004,0100,40F,0000
410,0000,411,2F40,410,0000,000,0040,0000,004,0100,410,0000
411,0000,412,2F40,411,0000,000,0040,0000,004,0100,411,0000
412,0000,413,2F40,412,0000,000,0040,0000,004,0100,412,0000
413,0000,414,2F40,413,0000,000,0040,0000,004,0100,413,0000
414,0000,415,2F40,414,0000,000,0040,0000,004,0100,414,0000
415,0000,416,2F40,415,0000,000,0040,0000,004,0100,415,0000
416,0000,417,2F40,416,0000,000,0040,0000,004,0100,416,0000
417,0000,418,2F40,417,0000,000,0040,0000,004,0100,417,0000
418,0000,419,2F40,418,0000,000,0040,0000,004,0100,418,0000
419,0000,41A,2F40,419,0000,000,0040,0000,004,0100,419,0000
41A,0000,41B,2F40,41A,0000,000,0040,0000,004,0100,41A,0000
41B,0000,41C,2F40,41B,0000,000,0040,0000,004,0100,41B,0000
41C,0000,41D,2F40,41C,0000,000,0040,0000,004,0100,41C,0000
41D,0000,41E,2F40,41D,0000,000,0040,0000,004,0100,41D,0000
41E,0000,41F,2F40,41E,0000,000,0040,0000,004,0100,41E,0000
41F,0000,420,2F40,41F,0000,000,0040,0000,004,0100,41F,0000
420,0000,421,2F40,420,0000,000,0040,0000,004,0100,420,0000
421,0000,422,2F40,421,0000,000,0040,0000,004,0100,421,0000
422,0000,423,2F40,422,0000,000,0040,0000,004,0100,422,0000
423,0000,424,2F40,423,0000,000,0040,0000,004,0100,423,0000
424,0000,425,2F40,424,0000,000,0040,0000,004,0100,424,0000
425,0000,426,2F40,425,0000,000,0040,0000,004,0100,425,0000
426,0000,427,2F40,426,0000,000,0040,0000,004,0100,426,0000
427,0000,428,2F40,427,0000,000,0040,0000,004,0100,427,0000
428,0000,429,2F40,428,0000,000,0040,0000,004,0100,428,0000
429,0000,42A,2F40,429,0000,000,0040,0000,004,0100,429,0000
42A,0000,42B,2F40,42A,0000,000,0040,0000,004,0100,42A,0000
42B,0000,42C,2F40,42B,0000,000,0040,0000,004,0100,42B,0000
42C,0000,42D,2F40,42C,0000,000,0040,0000,004,0100,42C,0000
42D,0000,42E,2F40,42D,0000,000,0040,0000,004,0100,42D,0000
42E,0000,42F,2F40,42E,0000,000,0040,0000,004,0100,42E,0000
42F,0000,430,2F40,42F,0000,000,0040,0000,004,0100,42F,0000
430,0000,431,2F40,430,0000,000,0040,0000,004,0100,430,0000
431,0000,432,2F40,431,0000,000,0040,0000,004,0100,431,0000
432,0000,433,2F40,432,0000,000,0040,0000,004,0100,432,0000
433,0000,434,2F40,433,0000,000,0040,0000,004,0100,433,0000
434,0000,435,2F40,434,0000,000,0040,0000,004,0100,434,0000
435,0000,436,2F40,435,0000,000,0040,0000,004,0100,435,0000
436,0000,437,2F40,436,0000,000,0040,0000,004,0100,436,0000
437,0000,438,2F40,437,0000,000,0040,0000,004,0100,437,0000
438,0000,439,2F40,438,0000,000,0040,0000,004,0100,438,0000
439,0000,43A,2F40,439,0000,000,0040,0000,004,0100,439,0000
43A,0000,43B,2F40,43A,0000,000,0040,0000,004,0100,43A,0000
43B,0000,43C,2F40,43B,0000,000,0040,0000,004,0100,43B,0000
43C,0000,43D,2F40,43C,0000,000,0040,0000,004,0100,43C,0000
43D,0000,43E,2F40,43D,0000,000,0040,0000,004,0100,43D,0000
43E,0000,43F,2F40,43E,0000,000,0040,0000,004,0100,43E,0000
43F,0000,440,2F40,43F,0000,000,0040,0000,004,0100,43F,0000
440,0000,441,2F40,440,0000,000,0040,0000,004,0100,440,0000
441,0000,442,2F40,441,0000,000,0040,0000,004,0100,441,0000
442,0000,443,2F40,442,0000,000,0040,0000,004,0100,442,0000
443,0000,444,2F40,443,0000,000,0040,0000,004,0100,443,0000
444,0000,445,2F40,444,0000,000,0040,0000,004,0100,444,0000
445,0000,446,2F40,445,0000,000,0040,0000,004,0100,445,0000
446,0000,447,2F40,446,0000,000,0040,0000,004,0100,446,0000
447,0000,448,2F40,447,0000,000,0040,0000,004,0100,447,0000
448,0000,449,2F40,448,0000,000,0040,0000,004,0100,448,0000
449,0000,44A,2F40,449,0000,000,0040,0000,004,0100,449,0000
44A,0000,44B,2F40,44A,0000,000,0040,0000,004,0100,44A,0000
44B,0000,44C,2F40,44B,0000,000,0040,0000,004,0100,44B,0000
44C,0000,44D,2F40,44C,0000,000,0040,0000,004,0100,44C,0000
44D,0000,44E,2F40,44D,0000,000,0040,0000,004,0100,44D,0000
44E,0000,44F,2F40,44E,0000,000,0040,0000,004,0100,44E,0000
44F,0000,450,2F40,44F,0000,000,0040,0000,004,0100,44F,0000
450,0000,451,2F40,450,0000,000,0040,0000,004,0100,450,0000
451,0000,452,2F40,451,0000,000,0040,0000,004,0100,451,0000
452,0000,453,2F40,452,0000,000,0040,0000,004,0100,452,0000
453,0000,454,2F40,453,0000,000,0040,0000,004,0100,453,0000
454,0000,455,2F40,454,0000,000,0040,0000,004,0100,454,0000
455,0000,456,2F40,455,0000,000,0040,0000,004,0100,455,0000
456,0000,457,2F40,456,0000,000,0040,0000,004,0100,456,0000
457,0000,458,2F40,457,0000,000,0040,0000,004,0100,457,0000
458,0000,459,2F40,458,0000,000,0040,0000,004,0100,458,0000
459,0000,45A,2F40,459,0000,000,0040,0000,004,0100,459,0000
45A,0000,45B,2F40,45A,0000,000,0040,0000,004,0100,45A,0000
45B,0000,45C,2F40,45B,0000,000,0040,0000,004,0100,45B,0000
45C,0000,45D,2F40,45C,0000,000,0040,0000,004,0100,45C,0000
45D,0000,45E,2F40,45D,0000,000,0040,0000,004,0100,45D,0000
45E,0000,45F,2F40,45E,0000,000,0040,0000,004,0100,45E,0000
45F,0000,460,2F40,45F,0000,000,0040,0000,004,0100,45F,0000
460,0000,461,2F40,460,0000,000,0040,0000,004,0100,460,0000
461,0000,462,2F40,461,0000,000,0040,0000,004,0100,461,0000
462,0000,463,2F40,462,0000,000,0040,0000,004,0100,462,0000
463,0000,464,2F40,463,0000,000,0040,0000,004,0100,463,0000
464,0000,465,2F40,464,0000,000,0040,0000,004,0100,464,0000
465,0000,466,2F40,465,0000,000,0040,0000,004,0100,465,0000
466,0000,467,2F40,466,0000,000,0040,0000,004,0100,466,0000
467,0000,468,2F40,467,0000,000,0040,0000,004,0100,467,0000
468,0000,469,2F40,468,0000,000,0040,0000,004,0100,468,0000
469,0000,46A,2F40,469,0000,000,0040,0000,004,0100,469,0000
46A,0000,46B,2F40,46A,0000,000,0040,0000,004,0100,46A,0000
46B,0000,46C,2F40,46B,0000,000,0040,0000,004,0100,46B,0000
46C,0000,46D,2F40,46C,0000,000,0040,0000,004,0100,46C,0000
46D,0000,46E,2F40,46D,0000,000,0040,0000,004,0100,46D,0000
46E,0000,46F,2F40,46E,0000,000,0040,0000,004,0100,46E,0000
46F,0000,470,2F40,46F,0000,000,0040,0000,004,0100,46F,0000
470,0000,471,2F40,470,0000,000,0040,0000,004,0100,470,0000
471,0000,472,2F40,471,0000,000,0040,0000,004,0100,471,0000
472,0000,473,2F40,472,0000,000,0040,0000,004,0100,472,0000
473,0000,474,2F40,473,0000,000,0040,0000,004,0100,473,0000
474,0000,475,2F40,474,0000,000,0040,0000,004,0100,474,0000
475,0000,476,2F40,475,0000,000,0040,0000,004,0100,475,0000
476,0000,477,2F40,476,0000,000,0040,0000,004,0100,476,0000
477,0000,478,2F40,477,0000,000,0040,0000,004,0100,477,0000
478,0000,479,2F40,478,0000,000,0040,0000,004,0100,478,0000
479,0000,47A,2F40,479,0000,000,0040,0000,004,0100,479,0000
47A,0000,47B,2F40,47A,0000,000,0040,0000,004,0100,47A,0000
47B,0000,47C,2F40,47B,0000,000,0040,0000,004,0100,47B,0000
47C,0000,47D,2F40,47C,0000,000,0040,0000,004,0100,47C,0000
47D,0000,47E,2F40,47D,0000,000,0040,0000,004,0100,47D,0000
47E,0000,47F,2F40,47E,0000,000,0040,0000,004,0100,47E,0000
47F,0000,480,2F40,47F,0000,000,0040,0000,004,0100,47F,0000
480,0000,481,2F40,480,0000,000,0040,0000,004,0100,480,0000
481,0000,482,2F40,481,0000,000,0040,0000,004,0100,481,0000
482,0000,483,2F40,482,0000,000,0040,0000,004,0100,482,0000
483,0000,484,2F40,483,0000,000,0040,0000,004,0100,483,0000
484,0000,485,2F40,484,0000,000,0040,0000,004,0100,484,0000
485,0000,486,2F40,485,0000,000,0040,0000,004,0100,485,0000
486,0000,487,2F40,486,0000,000,0040,0000,004,0100,486,0000
487,0000,488,2F40,487,0000,000,0040,0000,004,0100,487,0000
488,0000,489,2F40,488,0000,000,0040,0000,004,0100,488,0000
489,0000,48A,2F40,489,0000,000,0040,0000,004,0100,489,0000
48A,0000,48B,2F40,48A,0000,000,0040,0000,004,0100,48A,0000
48B,0000,48C,2F40,48B,0000,000,0040,0000,004,0100,48B,0000
48C,0000,48D,2F40,48C,0000,000,0040,0000,004,0100,48C,0000
48D,0000,48E,2F40,48D,0000,000,0040,0000,004,0100,48D,0000
48E,0000,48F,2F40,48E,0000,000,0040,0000,004,0100,48E,0000
48F,0000,490,2F40,48F,0000,000,0040,0000,004,0100,48F,0000
490,0000,491,2F40,490,0000,000,0040,0000,004,0100,490,0000
491,0000,492,2F40,491,0000,000,0040,0000,004,0100,491,0000
492,0000,493,2F40,492,0000,000,0040,0000,004,0100,492,0000
493,0000,494,2F40,493,0000,000,0040,0000,004,0100,493,0000
494,0000,495,2F40,494,0000,000,0040,0000,004,0100,494,0000
495,0000,496,2F40,495,0000,000,0040,0000,004,0100,495,0000
496,0000,497,2F40,496,0000,000,0040,0000,004,0100,496,0000
497,0000,498,2F40,497,0000,000,0040,0000,004,0100,497,0000
498,0000,499,2F40,498,0000,000,0040,0000,004,0100,498,0000
499,0000,49A,2F40,499,0000,000,0040,0000,004,0100,499,0000
49A,0000,49B,2F40,49A,0000,000,0040,0000,004,0100,49A,0000
49B,0000,49C,2F40,49B,0000,000,0040,0000,004,0100,49B,0000
49C,0000,49D,2F40,49C,0000,000,0040,0000,004,0100,49C,0000
49D,0000,49E,2F40,49D,0000,000,0040,0000,004,0100,49D,0000
49E,0000,49F,2F40,49E,0000,000,0040,0000,004,0100,49E,0000
49F,0000,4A0,2F40,49F,0000,000,0040,0000,004,0100,49F,0000
4A0,0000,4A1,2F40,4A0,0000,000,0040,0000,004,0100,4A0,0000
4A1,0000,4A2,2F40,4A1,0000,000,0040,0000,004,0100,4A1,0000
4A2,0000,4A3,2F40,4A2,0000,000,0040,0000,004,0100,4A2,0000
4A3,0000,4A4,2F40,4A3,0000,000,0040,0000,004,0100,4A3,0000
4A4,0000,4A5,2F40,4A4,0000,000,0040,0000,004,0100,4A4,0000
4A5,0000,4A6,2F40,4A5,0000,000,0040,0000,004,0100,4A5,0000
4A6,0000,4A7,2F40,4A6,0000,000,0040,0000,004,0100,4A6,0000
4A7,0000,4A8,2F40,4A7,0000,000,0040,0000,004,0100,4A7,0000
4A8,0000,4A9,2F40,4A8,0000,000,0040,0000,004,0100,4A8,0000
4A9,0000,4AA,2F40,4A9,0000,000,0040,0000,004,0100,4A9,0000
4AA,0000,4AB,2F40,4AA,0000,000,0040,0000,004,0100,4AA,0000
4AB,0000,4AC,2F40,4AB,0000,000,0040,0000,004,0100,4AB,0000
4AC,0000,4AD,2F40,4AC,0000,000,0040,0000,004,0100,4AC,0000
4AD,0000,4AE,2F40,4AD,0000,000,0040,0000,004,0100,4AD,0000
4AE,0000,4AF,2F40,4AE,0000,000,0040,0000,004,0100,4AE,0000
4AF,0000,4B0,2F40,4AF,0000,000,0040,0000,004,0100,4AF,0000
4B0,0000,4B1,2F40,4B0,0000,000,0040,0000,004,0100,4B0,0000
4B1,0000,4B2,2F40,4B1,0000,000,0040,0000,004,0100,4B1,0000
4B2,0000,4B3,2F40,4B2,0000,000,0040,0000,004,0100,4B2,0000
4B3,0000,4B4,2F40,4B3,0000,000,0040,0000,004,0100,4B3,0000
4B4,0000,4B5,2F40,4B4,0000,000,0040,0000,004,0100,4B4,0000
4B5,0000,4B6,2F40,4B5,0000,000,0040,0000,004,0100,4B5,0000
4B6,0000,4B7,2F40,4B6,0000,000,0040,0000,004,0100,4B6,0000
4B7,0000,4B8,2F40,4B7,0000,000,0040,0000,004,0100,4B7,0000
4B8,0000,4B9,2F40,4B8,0000,000,0040,0000,004,0100,4B8,0000
4B9,0000,4BA,2F40,4B9,0000,000,0040,0000,004,0100,4B9,0000
4BA,0000,4BB,2F40,4BA,0000,000,0040,0000,004,0100,4BA,0000
4BB,0000,4BC,2F40,4BB,0000,000,0040,0000,004,0100,4BB,0000
4BC,0000,4BD,2F40,4BC,0000,000,0040,0000,004,0100,4BC,0000
4BD,0000,4BE,2F40,4BD,0000,000,0040,0000,004,0100,4BD,0000
4BE,0000,4BF,2F40,4BE,0000,000,0040,0000,004,0100,4BE,0000
4BF,0000,4C0,2F40,4BF,0000,000,0040,0000,004,0100,4BF,0000
4C0,0000,4C1,2F40,4C0,0000,000,0040,0000,004,0100,4C0,0000
4C1,0000,4C2,2F40,4C1,0000,000,0040,0000,004,0100,4C1,0000
4C2,0000,4C3,2F40,4C2,0000,000,0040,0000,004,0100,4C2,0000
4C3,0000,4C4,2F40,4C3,0000,000,0040,0000,004,0100,4C3,0000
4C4,0000,4C5,2F40,4C4,0000,000,0040,0000,004,0100,4C4,0000
4C5,0000,4C6,2F40,4C5,0000,000,0040,0000,004,0100,4C5,0000
4C6,0000,4C7,2F40,4C6,0000,000,0040,0000,004,0100,4C6,0000
4C7,0000,4C8,2F40,4C7,0000,000,0040,0000,004,0100,4C7,0000
4C8,0000,4C9,2F40,4C8,0000,000,0040,0000,004,0100,4C8,0000
4C9,0000,4CA,2F40,4C9,0000,000,0040,0000,004,0100,4C9,0000
4CA,0000,4CB,2F40,4CA,0000,000,0040,0000,004,0100,4CA,0000
4CB,0000,4CC,2F40,4CB,0000,000,0040,0000,004,0100,4CB,0000
4CC,0000,4CD,2F40,4CC,0000,000,0040,0000,004,0100,4CC,0000
4CD,0000,4CE,2F40,4CD,0000,000,0040,0000,004,0100,4CD,0000
4CE,0000,4CF,2F40,4CE,0000,000,0040,0000,004,0100,4CE,0000
4CF,0000,4D0,2F40,4CF,0000,000,0040,0000,004,0100,4CF,0000
4D0,0000,4D1,2F40,4D0,0000,000,0040,0000,004,0100,4D0,0000
4D1,0000,4D2,2F40,4D1,0000,000,0040,0000,004,0100,4D1,0000
4D2,0000,4D3,2F40,4D2,0000,000,0040,0000,004,0100,4D2,0000
4D3,0000,4D4,2F40,4D3,0000,000,0040,0000,004,0100,4D3,0000
4D4,0000,4D5,2F40,4D4,0000,000,0040,0000,004,0100,4D4,0000
4D5,0000,4D6,2F40,4D5,0000,000,0040,0000,004,0100,4D5,0000
4D6,0000,4D7,2F40,4D6,0000,000,0040,0000,004,0100,4D6,0000
4D7,0000,4D8,2F40,4D7,0000,000,0040,0000,004,0100,4D7,0000
4D8,0000,4D9,2F40,4D8,0000,000,0040,0000,004,0100,4D8,0000
4D9,0000,4DA,2F40,4D9,0000,000,0040,0000,004,0100,4D9,0000
4DA,0000,4DB,2F40,4DA,0000,000,0040,0000,004,0100,4DA,0000
4DB,0000,4DC,2F40,4DB,0000,000,0040,0000,004,0100,4DB,0000
4DC,0000,4DD,2F40,4DC,0000,000,0040,0000,004,0100,4DC,0000
4DD,0000,4DE,2F40,4DD,0000,000,0040,0000,004,0100,4DD,0000
4DE,0000,4DF,2F40,4DE,0000,000,0040,0000,004,0100,4DE,0000
4DF,0000,4E0,2F40,4DF,0000,000,0040,0000,004,0100,4DF,0000
4E0,0000,4E1,2F40,4E0,0000,000,0040,0000,004,0100,4E0,0000
4E1,0000,4E2,2F40,4E1,0000,000,0040,0000,004,0100,4E1,0000
4E2,0000,4E3,2F40,4E2,0000,000,0040,0000,004,0100,4E2,0000
4E3,0000,4E4,2F40,4E3,0000,000,0040,0000,004,0100,4E3,0000
4E4,0000,4E5,2F40,4E4,0000,000,0040,0000,004,0100,4E4,0000
4E5,0000,4E6,2F40,4E5,0000,000,0040,0000,004,0100,4E5,0000
4E6,0000,4E7,2F40,4E6,0000,000,0040,0000,004,0100,4E6,0000
4E7,0000,4E8,2F40,4E7,0000,000,0040,0000,004,0100,4E7,0000
4E8,0000,4E9,2F40,4E8,0000,000,0040,0000,004,0100,4E8,0000
4E9,0000,4EA,2F40,4E9,0000,000,0040,0000,004,0100,4E9,0000
4EA,0000,4EB,2F40,4EA,0000,000,0040,0000,004,0100,4EA,0000
4EB,0000,4EC,2F40,4EB,0000,000,0040,0000,004,0100,4EB,0000
4EC,0000,4ED,2F40,4EC,0000,000,0040,0000,004,0100,4EC,0000
4ED,0000,4EE,2F40,4ED,0000,000,0040,0000,004,0100,4ED,0000
4EE,0000,4EF,2F40,4EE,0000,000,0040,0000,004,0100,4EE,0000
4EF,0000,4F0,2F40,4EF,0000,000,0040,0000,004,0100,4EF,0000
4F0,0000,4F1,2F40,4F0,0000,000,0040,0000,004,0100,4F0,0000
4F1,0000,4F2,2F40,4F1,0000,000,0040,0000,004,0100,4F1,0000
4F2,0000,4F3,2F40,4F2,0000,000,0040,0000,004,0100,4F2,0000
4F3,0000,4F4,2F40,4F3,0000,000,0040,0000,004,0100,4F3,0000
4F4,0000,4F5,2F40,4F4,0000,000,0040,0000,004,0100,4F4,0000
4F5,0000,4F6,2F40,4F5,0000,000,0040,0000,004,0100,4F5,0000
4F6,0000,4F7,2F40,4F6,0000,000,0040,0000,004,0100,4F6,0000
4F7,0000,4F8,2F40,4F7,0000,000,0040,0000,004,0100,4F7,0000
4F8,0000,4F9,2F40,4F8,0000,000,0040,0000,004,0100,4F8,0000
4F9,0000,4FA,2F40,4F9,0000,000,0040,0000,004,0100,4F9,0000
4FA,0000,4FB,2F40,4FA,0000,000,0040,0000,004,0100,4FA,0000
4FB,0000,4FC,2F40,4FB,0000,000,0040,0000,004,0100,4FB,0000
4FC,0000,4FD,2F40,4FC,0000,000,0040,0000,004,0100,4FC,0000
4FD,0000,4FE,2F40,4FD,0000,000,0040,0000,004,0100,4FD,0000
4FE,0000,4FF,2F40,4FE,0000,000,0040,0000,004,0100,4FE,0000
4FF,0000,500,2F40,4FF,0000,000,0040,0000,004,0100,4FF,0000
500,0000,501,2F40,500,0000,000,0040,0000,004,0100,500,0000
501,0000,502,2F40,501,0000,000,0040,0000,004,0100,501,0000
502,0000,503,2F40,502,0000,000,0040,0000,004,0100,502,0000
503,0000,504,2F40,503,0000,000,0040,0000,004,0100,503,0000
504,0000,505,2F40,504,0000,000,0040,0000,004,0100,504,0000
505,0000,506,2F40,505,0000,000,0040,0000,004,0100,505,0000
506,0000,507,2F40,506,0000,000,0040,0000,004,0100,506,0000
507,0000,508,2F40,507,0000,000,0040,0000,004,0100,507,0000
508,0000,509,2F40,508,0000,000,0040,0000,004,0100,508,0000
509,0000,50A,2F40,509,0000,000,0040,0000,004,0100,509,0000
50A,0000,50B,2F40,50A,0000,000,0040,0000,004,0100,50A,0000
50B,0000,50C,2F40,50B,0000,000,0040,0000,004,0100,50B,0000
50C,0000,50D,2F40,50C,0000,000,0040,0000,004,0100,50C,0000
50D,0000,50E,2F40,50D,0000,000,0040,0000,004,0100,50D,0000
50E,0000,50F,2F40,50E,0000,000,0040,0000,004,0100,50E,0000
50F,0000,510,2F40,50F,0000,000,0040,0000,004,0100,50F,0000
510,0000,511,2F40,510,0000,000,0040,0000,004,0100,510,0000
511,0000,512,2F40,511,0000,000,0040,0000,004,0100,511,0000
512,0000,513,2F40,512,0000,000,0040,0000,004,0100,512,0000
513,0000,514,2F40,513,0000,000,0040,0000,004,0100,513,0000
514,0000,515,2F40,514,0000,000,0040,0000,004,0100,514,0000
515,0000,516,2F40,515,0000,000,0040,0000,004,0100,515,0000
516,0000,517,2F40,516,0000,000,0040,0000,004,0100,516,0000
517,0000,518,2F40,517,0000,000,0040,0000,004,0100,517,0000
518,0000,519,2F40,518,0000,000,0040,0000,004,0100,518,0000
519,0000,51A,2F40,519,0000,000,0040,0000,004,0100,519,0000
51A,0000,51B,2F40,51A,0000,000,0040,0000,004,0100,51A,0000
51B,0000,51C,2F40,51B,0000,000,0040,0000,004,0100,51B,0000
51C,0000,51D,2F40,51C,0000,000,0040,0000,004,0100,51C,0000
51D,0000,51E,2F40,51D,0000,000,0040,0000,004,0100,51D,0000
51E,0000,51F,2F40,51E,0000,000,0040,0000,004,0100,51E,0000
51F,0000,520,2F40,51F,0000,000,0040,0000,004,0100,51F,0000
520,0000,521,2F40,520,0000,000,0040,0000,004,0100,520,0000
521,0000,522,2F40,521,0000,000,0040,0000,004,0100,521,0000
522,0000,523,2F40,522,0000,000,0040,0000,004,0100,522,0000
523,0000,524,2F40,523,0000,000,0040,0000,004,0100,523,0000
524,0000,525,2F40,524,0000,000,0040,0000,004,0100,524,0000
525,0000,526,2F40,525,0000,000,0040,0000,004,0100,525,0000
526,0000,527,2F40,526,0000,000,0040,0000,004,0100,526,0000
527,0000,528,2F40,527,0000,000,0040,0000,004,0100,527,0000
528,0000,529,2F40,528,0000,000,0040,0000,004,0100,528,0000
529,0000,52A,2F40,529,0000,000,0040,0000,004,0100,529,0000
52A,0000,52B,2F40,52A,0000,000,0040,0000,004,0100,52A,0000
52B,0000,52C,2F40,52B,0000,000,0040,0000,004,0100,52B,0000
52C,0000,52D,2F40,52C,0000,000,0040,0000,004,0100,52C,0000
52D,0000,52E,2F40,52D,0000,000,0040,0000,004,0100,52D,0000
52E,0000,52F,2F40,52E,0000,000,0040,0000,004,0100,52E,0000
52F,0000,530,2F40,52F,0000,000,0040,0000,004,0100,52F,0000
530,0000,531,2F40,530,0000,000,0040,0000,004,0100,530,0000
531,0000,532,2F40,531,0000,000,0040,0000,004,0100,531,0000
532,0000,533,2F40,532,0000,000,0040,0000,004,0100,532,0000
533,0000,534,2F40,533,0000,000,0040,0000,004,0100,533,0000
534,0000,535,2F40,534,0000,000,0040,0000,004,0100,534,0000
535,0000,536,2F40,535,0000,000,0040,0000,004,0100,535,0000
536,0000,537,2F40,536,0000,000,0040,0000,004,0100,536,0000
537,0000,538,2F40,537,0000,000,0040,0000,004,0100,537,0000
538,0000,539,2F40,538,0000,000,0040,0000,004,0100,538,0000
539,0000,53A,2F40,539,0000,000,0040,0000,004,0100,539,0000
53A,0000,53B,2F40,53A,0000,000,0040,0000,004,0100,53A,0000
53B,0000,53C,2F40,53B,0000,000,0040,0000,004,0100,53B,0000
53C,0000,53D,2F40,53C,0000,000,0040,0000,004,0100,53C,0000
53D,0000,53E,2F40,53D,0000,000,0040,0000,004,0100,53D,0000
53E,0000,53F,2F40,53E,0000,000,0040,0000,004,0100,53E,0000
53F,0000,540,2F40,53F,0000,000,0040,0000,004,0100,53F,0000
540,0000,541,2F40,540,0000,000,0040,0000,004,0100,540,0000
541,0000,542,2F40,541,0000,000,0040,0000,004,0100,541,0000
542,0000,543,2F40,542,0000,000,0040,0000,004,0100,542,0000
543,0000,544,2F40,543,0000,000,0040,0000,004,0100,543,0000
544,0000,545,2F40,544,0000,000,0040,0000,004,0100,544,0000
545,0000,546,2F40,545,0000,000,0040,0000,004,0100,545,0000
546,0000,547,2F40,546,0000,000,0040,0000,004,0100,546,0000
547,0000,548,2F40,547,0000,000,0040,0000,004,0100,547,0000
548,0000,549,2F40,548,0000,000,0040,0000,004,0100,548,0000
549,0000,54A,2F40,549,0000,000,0040,0000,004,0100,549,0000
54A,0000,54B,2F40,54A,0000,000,0040,0000,004,0100,54A,0000
54B,0000,54C,2F40,54B,0000,000,0040,0000,004,0100,54B,0000
54C,0000,54D,2F40,54C,0000,000,0040,0000,004,0100,54C,0000
54D,0000,54E,2F40,54D,0000,000,0040,0000,004,0100,54D,0000
54E,0000,54F,2F40,54E,0000,000,0040,0000,004,0100,54E,0000
54F,0000,550,2F40,54F,0000,000,0040,0000,004,0100,54F,0000
550,0000,551,2F40,550,0000,000,0040,0000,004,0100,550,0000
551,0000,552,2F40,551,0000,000,0040,0000,004,0100,551,0000
552,0000,553,2F40,552,0000,000,0040,0000,004,0100,552,0000
553,0000,554,2F40,553,0000,000,0040,0000,004,0100,553,0000
554,0000,555,2F40,554,0000,000,0040,0000,004,0100,554,0000
555,0000,556,2F40,555,0000,000,0040,0000,004,0100,555,0000
556,0000,557,2F40,556,0000,000,0040,0000,004,0100,556,0000
557,0000,558,2F40,557,0000,000,0040,0000,004,0100,557,0000
558,0000,559,2F40,558,0000,000,0040,0000,004,0100,558,0000
559,0000,55A,2F40,559,0000,000,0040,0000,004,0100,559,0000
55A,0000,55B,2F40,55A,0000,000,0040,0000,004,0100,55A,0000
55B,0000,55C,2F40,55B,0000,000,0040,0000,004,0100,55B,0000
55C,0000,55D,2F40,55C,0000,000,0040,0000,004,0100,55C,0000
55D,0000,55E,2F40,55D,0000,000,0040,0000,004,0100,55D,0000
55E,0000,55F,2F40,55E,0000,000,0040,0000,004,0100,55E,0000
55F,0000,560,2F40,55F,0000,000,0040,0000,004,0100,55F,0000
560,0000,561,2F40,560,0000,000,0040,0000,004,0100,560,0000
561,0000,562,2F40,561,0000,000,0040,0000,004,0100,561,0000
562,0000,563,2F40,562,0000,000,0040,0000,004,0100,562,0000
563,0000,564,2F40,563,0000,000,0040,0000,004,0100,563,0000
564,0000,565,2F40,564,0000,000,0040,0000,004,0100,564,0000
565,0000,566,2F40,565,0000,000,0040,0000,004,0100,565,0000
566,0000,567,2F40,566,0000,000,0040,0000,004,0100,566,0000
567,0000,568,2F40,567,0000,000,0040,0000,004,0100,567,0000
568,0000,569,2F40,568,0000,000,0040,0000,004,0100,568,0000
569,0000,56A,2F40,569,0000,000,0040,0000,004,0100,569,0000
56A,0000,56B,2F40,56A,0000,000,0040,0000,004,0100,56A,0000
56B,0000,56C,2F40,56B,0000,000,0040,0000,004,0100,56B,0000
56C,0000,56D,2F40,56C,0000,000,0040,0000,004,0100,56C,0000
56D,0000,56E,2F40,56D,0000,000,0040,0000,004,0100,56D,0000
56E,0000,56F,2F40,56E,0000,000,0040,0000,004,0100,56E,0000
56F,0000,570,2F40,56F,0000,000,0040,0000,004,0100,56F,0000
570,0000,571,2F40,570,0000,000,0040,0000,004,0100,570,0000
571,0000,572,2F40,571,0000,000,0040,0000,004,0100,571,0000
572,0000,573,2F40,572,0000,000,0040,0000,004,0100,572,0000
573,0000,574,2F40,573,0000,000,0040,0000,004,0100,573,0000
574,0000,575,2F40,574,0000,000,0040,0000,004,0100,574,0000
575,0000,576,2F40,575,0000,000,0040,0000,004,0100,575,0000
576,0000,577,2F40,576,0000,000,0040,0000,004,0100,576,0000
577,0000,578,2F40,577,0000,000,0040,0000,004,0100,577,0000
578,0000,579,2F40,578,0000,000,0040,0000,004,0100,578,0000
579,0000,57A,2F40,579,0000,000,0040,0000,004,0100,579,0000
57A,0000,57B,2F40,57A,0000,000,0040,0000,004,0100,57A,0000
57B,0000,57C,2F40,57B,0000,000,0040,0000,004,0100,57B,0000
57C,0000,57D,2F40,57C,0000,000,0040,0000,004,0100,57C,0000
57D,0000,57E,2F40,57D,0000,000,0040,0000,004,0100,57D,0000
57E,0000,57F,2F40,57E,0000,000,0040,0000,004,0100,57E,0000
57F,0000,580,2F40,57F,0000,000,0040,0000,004,0100,57F,0000
580,0000,581,2F40,580,0000,000,0040,0000,004,0100,580,0000
581,0000,582,2F40,581,0000,000,0040,0000,004,0100,581,0000
582,0000,583,2F40,582,0000,000,0040,0000,004,0100,582,0000
583,0000,584,2F40,583,0000,000,0040,0000,004,0100,583,0000
584,D1E2,585,2F40,584,D1E2,000,0040,0000,004,0100,584,D1E2
585,E4CE,586,2F40,585,E4CE,000,0040,0000,004,0100,585,E4CE
586,CDD1,587,2F40,586,CDD1,000,0040,0000,004,0100,586,CDD1
587,3600,588,2F40,587,3600,000,0040,0000,004,0100,587,3600
588,0000,2B2,2F40,587,3600,000,0040,0000,004,0100
2B2,CE00,2AF,2F40,587,3600,000,0040,0000,004,0100
2AF,0000,2AF,0000,000,0000,000,0000,0000,004,0100
2AF,0000,2B0,0000,2AF,0000,000,02AF,0000,004,0100
2B0,0000,2B1,0000,2B0,0000,000,02B0,0000,004,0100
2B1,0584,2B2,0584,2B1,0584,000,02B1,0000,004,0100
2B2,CE00,2B3,CE00,2B2,02B3,000,0000,0000,004,0100
2B3,1203,2B4,1203,2B3,1203,000,02B3,0000,004,0100
2B4,2F40,2B5,2F40,2B4,0040,000,0040,0000,004,0100
2B5,F0FD,2B3,F0FD,2B5,F0FD,000,FFFD,0000,004,0100
2B3,1203,2B4,1203,2B3,1203,000,02B3,0000,004,0100
2B4,2F40,2B5,2F40,2B4,0040,000,0040,0000,004,0100
2B5,F0FD,2B3,F0FD,2B5,F0FD,000,FFFD,0000,004,0100
2B3,1203,2B4,1203,2B3,1203,000,02B3,0000,004,0100
2B4,2F40,2B5,2F40,2B4,0040,000,0040,0000,004,0100
2B5,F0FD,2B3,F0FD,2B5,F0FD,000,FFFD,0000,004,0100
2B3,1203,2B4,1203,2B3,1203,000,02B3,0000,004,0100
2B4,2F40,2B5,2F40,2B4,0040,000,0040,0000,004,0100
2B5,F0FD,2B3,F0FD,2B5,F0FD,000,FFFD,0000,004,0100
2B3,1203,2B4,1203,2B3,1203,000,02B3,0000,004,0100
2B4,2F40,2B5,2F40,2B4,0040,000,0040,0000,004,0100
2B5,F0FD,2B3,F0FD,2B5,F0FD,000,FFFD,0000,004,0100
2B3,1203,2B4,1203,2B3,1203,000,02B3,0000,004,0100
2B4,2F40,2B5,2F40,2B4,0040,000,0040,0000,004,0100
2B5,F0FD,2B3,F0FD,2B5,F0FD,000,FFFD,0000,004,0100
2B3,1203,2B4,1203,2B3,1203,000,02B3,0000,004,0100
2B4,2F40,2B5,2F40,2B4,0040,000,0040,0000,004,0100
2B5,F0FD,2B3,F0FD,2B5,F0FD,000,FFFD,0000,004,0100
2B3,1203,2B4,1203,2B3,1203,000,02B3,0000,004,0100
2B4,2F40,2B5,2F40,2B4,0040,000,0040,0000,004,0100
2B5,F0FD,2B3,F0FD,2B5,F0FD,000,FFFD,0000,004,0100
2B3,1203,2B4,1203,2B3,1203,000,02B3,0000,004,0100
2B4,2F40,2B5,2F40,2B4,0040,000,0040,0000,004,0100
2B5,F0FD,2B3,F0FD,2B5,F0FD,000,FFFD,0000,004,0100
2B3,1203,2B4,1203,2B3,1203,000,02B3,0000,004,0100
2B4,2F40,2B5,2F40,2B4,0040,000,0040,0000,004,0100
2B5,F0FD,2B3,F0FD,2B5,F0FD,000,FFFD,0000,004,0100
2B3,1203,2B4,1203,2B3,1203,000,02B3,0000,004,0100
2B4,2F40,2B5,2F40,2B4,0040,000,0040,0000,004,0100
2B5,F0FD,2B3,F0FD,2B5,F0FD,000,FFFD,0000,004,0100
2B3,1203,2B4,1203,2B3,1203,000,02B3,0000,004,0100
2B4,2F40,2B5,2F40,2B4,0040,000,0040,0000,004,0100
2B5,F0FD,2B3,F0FD,2B5,F0FD,000,FFFD,0000,004,0100
2B3,1203,2B4,1203,2B3,1203,000,02B3,0000,004,0100
2B4,2F40,2B5,2F40,2B4,0040,000,0040,0000,004,0100
2B5,F0FD,2B3,F0FD,2B5,F0FD,000,FFFD,0000,004,0100
2B3,1203,2B4,1203,2B3,1203,000,02B3,0000,004,0100
2B4,2F40,2B5,2F40,2B4,0040,000,0040,0000,004,0100
2B5,F0FD,2B3,F0FD,2B5,F0FD,000,FFFD,0000,004,0100
2B3,1203,2B4,1203,2B3,1203,000,02B3,0000,004,0100
2B4,2F40,2B5,2F40,2B4,0040,000,0040,0000,004,0100
2B5,F0FD,2B3,F0FD,2B5,F0FD,000,FFFD,0000,004,0100
2B3,1203,2B4,1203,2B3,1203,000,02B3,0000,004,0100
2B4,2F40,2B5,2F40,2B4,0040,000,0040,0000,004,0100
2B5,F0FD,2B3,F0FD,2B5,F0FD,000,FFFD,0000,004,0100
2B3,1203,2B4,1203,2B3,1203,000,02B3,0000,004,0100
2B4,2F40,2B5,2F40,2B4,0040,000,0040,0000,004,0100
2B5,F0FD,2B3,F0FD,2B5,F0FD,000,FFFD,0000,004,0100
2B3,1203,2B4,1203,2B3,1203,000,02B3,0000,004,0100
2B4,2F40,2B5,2F40,2B4,0040,000,0040,0000,004,0100
2B5,F0FD,2B3,F0FD,2B5,F0FD,000,FFFD,0000,004,0100
2B3,1203,2B4,1203,2B3,1203,000,02B3,0000,004,0100
2B4,2F40,2B5,2F40,2B4,0040,000,0040,0000,004,0100
2B5,F0FD,2B3,F0FD,2B5,F0FD,000,FFFD,0000,004,0100
2B3,1203,2B4,1203,2B3,1203,000,02B3,0000,004,0100
2B4,2F40,2B5,2F40,2B4,0040,000,0040,0000,004,0100
2B5,F0FD,2B3,F0FD,2B5,F0FD,000,FFFD,0000,004,0100
2B3,1203,2B4,1203,2B3,1203,000,02B3,0000,004,0100
2B4,2F40,2B5,2F40,2B4,0040,000,0040,0000,004,0100
2B5,F0FD,2B3,F0FD,2B5,F0FD,000,FFFD,0000,004,0100
2B3,1203,2B4,1203,2B3,1203,000,02B3,0000,004,0100
2B4,2F40,2B5,2F40,2B4,0040,000,0040,0000,004,0100
2B5,F0FD,2B3,F0FD,2B5,F0FD,000,FFFD,0000,004,0100
2B3,1203,2B4,1203,2B3,1203,000,02B3,0000,004,0100
2B4,2F40,2B5,2F40,2B4,0040,000,0040,0000,004,0100
2B5,F0FD,2B3,F0FD,2B5,F0FD,000,FFFD,0000,004,0100
2B3,1203,2B4,1203,2B3,1203,000,02B3,0000,004,0100
2B4,2F40,2B5,2F40,2B4,0040,000,0040,0000,004,0100
2B5,F0FD,2B3,F0FD,2B5,F0FD,000,FFFD,0000,004,0100
2B3,1203,2B4,1203,2B3,1203,000,02B3,0000,004,0100
2B4,2F40,2B5,2F40,2B4,0040,000,0040,0000,004,0100
2B5,F0FD,2B3,F0FD,2B5,F0FD,000,FFFD,0000,004,0100
2B3,1203,2B4,1203,2B3,1203,000,02B3,0000,004,0100
2B4,2F40,2B5,2F40,2B4,0040,000,0040,0000,004,0100
2B5,F0FD,2B3,F0FD,2B5,F0FD,000,FFFD,0000,004,0100
2B3,1203,2B4,1203,2B3,1203,000,02B3,0000,004,0100
2B4,2F40,2B5,2F40,2B4,0040,000,0040,0000,004,0100
2B5,F0FD,2B3,F0FD,2B5,F0FD,000,FFFD,0000,004,0100
2B3,1203,2B4,1203,2B3,1203,000,02B3,0000,004,0100
2B4,2F40,2B5,2F40,2B4,0040,000,0040,0000,004,0100
2B5,F0FD,2B3,F0FD,2B5,F0FD,000,FFFD,0000,004,0100
2B3,1203,2B4,1203,2B3,1203,000,02B3,0000,004,0100
2B4,2F40,2B5,2F40,2B4,0040,000,0040,0000,004,0100
2B5,F0FD,2B3,F0FD,2B5,F0FD,000,FFFD,0000,004,0100
2B3,1203,2B4,1203,2B3,1203,000,02B3,0000,004,0100
2B4,2F40,2B5,2F40,2B4,0040,000,0040,0000,004,0100
2B5,F0FD,2B3,F0FD,2B5,F0FD,000,FFFD,0000,004,0100
2B3,1203,2B4,1203,2B3,1203,000,02B3,0000,004,0100
2B4,2F40,2B5,2F40,2B4,0040,000,0040,0000,004,0100
2B5,F0FD,2B3,F0FD,2B5,F0FD,000,FFFD,0000,004,0100
2B3,1203,2B4,1203,2B3,1203,000,02B3,0000,004,0100
2B4,2F40,2B5,2F40,2B4,0040,000,0040,0000,004,0100
2B5,F0FD,2B3,F0FD,2B5,F0FD,000,FFFD,0000,004,0100
2B3,1203,2B4,1203,2B3,1203,000,02B3,0000,004,0100
2B4,2F40,2B5,2F40,2B4,0040,000,0040,0000,004,0100
2B5,F0FD,2B3,F0FD,2B5,F0FD,000,FFFD,0000,004,0100
2B3,1203,2B4,1203,2B3,1203,000,02B3,0000,004,0100
2B4,2F40,2B5,2F40,2B4,0040,000,0040,0000,004,0100
2B5,F0FD,2B3,F0FD,2B5,F0FD,000,FFFD,0000,004,0100
2B3,1203,2B4,1203,2B3,1203,000,02B3,0000,004,0100
2B4,2F40,2B5,2F40,2B4,0040,000,0040,0000,004,0100
2B5,F0FD,2B3,F0FD,2B5,F0FD,000,FFFD,0000,004,0100
2B3,1203,2B4,1203,2B3,1203,000,02B3,0000,004,0100
2B4,2F40,2B5,2F40,2B4,0040,000,0040,0000,004,0100
2B5,F0FD,2B3,F0FD,2B5,F0FD,000,FFFD,0000,004,0100
2B3,1203,2B4,1203,2B3,1203,000,02B3,0000,004,0100
2B4,2F40,2B5,2F40,2B4,0040,000,0040,0000,004,0100
2B5,F0FD,2B3,F0FD,2B5,F0FD,000,FFFD,0000,004,0100
2B3,1203,2B4,1203,2B3,1203,000,02B3,0000,004,0100
2B4,2F40,2B5,2F40,2B4,0040,000,0040,0000,004,0100
2B5,F0FD,2B3,F0FD,2B5,F0FD,000,FFFD,0000,004,0100
2B3,1203,2B4,1203,2B3,1203,000,02B3,0000,004,0100
2B4,2F40,2B5,2F40,2B4,0040,000,0040,0000,004,0100
2B5,F0FD,2B3,F0FD,2B5,F0FD,000,FFFD,0000,004,0100
2B3,1203,2B4,1203,2B3,1203,000,02B3,0000,004,0100
2B4,2F40,2B5,2F40,2B4,0040,000,0040,0000,004,0100
2B5,F0FD,2B3,F0FD,2B5,F0FD,000,FFFD,0000,004,0100
2B3,1203,2B4,1203,2B3,1203,000,02B3,0000,004,0100
2B4,2F40,2B5,2F40,2B4,0040,000,0040,0000,004,0100
2B5,F0FD,2B3,F0FD,2B5,F0FD,000,FFFD,0000,004,0100
2B3,1203,2B4,1203,2B3,1203,000,02B3,0000,004,0100
2B4,2F40,2B5,2F40,2B4,0040,000,0040,0000,004,0100
2B5,F0FD,2B3,F0FD,2B5,F0FD,000,FFFD,0000,004,0100
2B3,1203,2B4,1203,2B3,1203,000,02B3,0000,004,0100
2B4,2F40,2B5,2F40,2B4,0040,000,0040,0000,004,0100
2B5,F0FD,2B3,F0FD,2B5,F0FD,000,FFFD,0000,004,0100
2B3,1203,2B4,1203,2B3,1203,000,02B3,0000,004,0100
2B4,2F40,2B5,2F40,2B4,0040,000,0040,0000,004,0100
2B5,F0FD,2B3,F0FD,2B5,F0FD,000,FFFD,0000,004,0100
2B3,1203,2B4,1203,2B3,1203,000,02B3,0000,004,0100
2B4,2F40,2B5,2F40,2B4,0040,000,0040,0000,004,0100
2B5,F0FD,2B3,F0FD,2B5,F0FD,000,FFFD,0000,004,0100
2B3,1203,2B4,1203,2B3,1203,000,02B3,0000,004,0100
2B4,2F40,2B5,2F40,2B4,0040,000,0040,0000,004,0100
2B5,F0FD,2B3,F0FD,2B5,F0FD,000,FFFD,0000,004,0100
2B3,1203,2B4,1203,2B3,1203,000,02B3,0000,004,0100
2B4,2F40,2B5,2F40,2B4,0040,000,0040,0000,004,0100
2B5,F0FD,2B3,F0FD,2B5,F0FD,000,FFFD,0000,004,0100
2B3,1203,2B4,1203,2B3,1203,000,02B3,0000,004,0100
2B4,2F40,2B5,2F40,2B4,0040,000,0040,0000,004,0100
2B5,F0FD,2B3,F0FD,2B5,F0FD,000,FFFD,0000,004,0100
2B3,1203,2B4,1203,2B3,1203,000,02B3,0000,004,0100
2B4,2F40,2B5,2F40,2B4,0040,000,0040,0000,004,0100
2B5,F0FD,2B3,F0FD,2B5,F0FD,000,FFFD,0000,004,0100
2B3,1203,2B4,1203,2B3,1203,000,02B3,0000,004,0100
2B4,2F40,2B5,2F40,2B4,0040,000,0040,0000,004,0100
2B5,F0FD,2B3,F0FD,2B5,F0FD,000,FFFD,0000,004,0100
2B3,1203,2B4,1203,2B3,1203,000,02B3,0000,004,0100
2B4,2F40,2B5,2F40,2B4,0040,000,0040,0000,004,0100
2B5,F0FD,2B3,F0FD,2B5,F0FD,000,FFFD,0000,004,0100
2B3,1203,2B4,1203,2B3,1203,000,02B3,0000,004,0100
2B4,2F40,2B5,2F40,2B4,0040,000,0040,0000,004,0100
2B5,F0FD,2B3,F0FD,2B5,F0FD,000,FFFD,0000,004,0100
2B3,1203,2B4,1203,2B3,1203,000,02B3,0000,004,0100
2B4,2F40,2B5,2F40,2B4,0040,000,0040,0000,004,0100
2B5,F0FD,2B3,F0FD,2B5,F0FD,000,FFFD,0000,004,0100
2B3,1203,2B4,1203,2B3,1203,000,02B3,0000,004,0100
2B4,2F40,2B5,2F40,2B4,0040,000,0040,0000,004,0100
2B5,F0FD,2B3,F0FD,2B5,F0FD,000,FFFD,0000,004,0100
2B3,1203,2B4,1203,2B3,1203,000,02B3,0000,004,0100
2B4,2F40,2B5,2F40,2B4,0040,000,0040,0000,004,0100
2B5,F0FD,2B3,F0FD,2B5,F0FD,000,FFFD,0000,004,0100
2B3,1203,2B4,1203,2B3,1203,000,02B3,0000,004,0100
2B4,2F40,2B5,2F40,2B4,0040,000,0040,0000,004,0100
2B5,F0FD,2B3,F0FD,2B5,F0FD,000,FFFD,0000,004,0100
2B3,1203,2B4,1203,2B3,1203,000,02B3,0000,004,0100
2B4,2F40,2B5,2F40,2B4,0040,000,0040,0000,004,0100
2B5,F0FD,2B3,F0FD,2B5,F0FD,000,FFFD,0000,004,0100
2B3,1203,2B4,1203,2B3,1203,000,02B3,0000,004,0100
2B4,2F40,2B5,2F40,2B4,0040,000,0040,0000,004,0100
2B5,F0FD,2B3,F0FD,2B5,F0FD,000,FFFD,0000,004,0100
2B3,1203,2B4,1203,2B3,1203,000,02B3,0000,004,0100
2B4,2F40,2B5,2F40,2B4,0040,000,0040,0000,004,0100
2B5,F0FD,2B3,F0FD,2B5,F0FD,000,FFFD,0000,004,0100
2B3,1203,2B4,1203,2B3,1203,000,02B3,0000,004,0100
2B4,2F40,2B5,2F40,2B4,0040,000,0040,0000,004,0100
2B5,F0FD,2B3,F0FD,2B5,F0FD,000,FFFD,0000,004,0100
2B3,1203,2B4,1203,2B3,1203,000,02B3,0000,004,0100
2B4,2F40,2B5,2F40,2B4,0040,000,0040,0000,004,0100
2B5,F0FD,2B3,F0FD,2B5,F0FD,000,FFFD,0000,004,0100
2B3,1203,2B4,1203,2B3,1203,000,02B3,0000,004,0100
2B4,2F40,2B5,2F40,2B4,0040,000,0040,0000,004,0100
2B5,F0FD,2B3,F0FD,2B5,F0FD,000,FFFD,0000,004,0100
2B3,1203,2B4,1203,2B3,1203,000,02B3,0000,004,0100
2B4,2F40,2B5,2F40,2B4,0040,000,0040,0000,004,0100
2B5,F0FD,2B3,F0FD,2B5,F0FD,000,FFFD,0000,004,0100
2B3,1203,2B4,1203,2B3,1203,000,02B3,0000,004,0100
2B4,2F40,2B5,2F40,2B4,0040,000,0040,0000,004,0100
2B5,F0FD,2B3,F0FD,2B5,F0FD,000,FFFD,0000,004,0100
2B3,1203,2B4,1203,2B3,1203,000,02B3,0000,004,0100
2B4,2F40,2B5,2F40,2B4,0040,000,0040,0000,004,0100
2B5,F0FD,2B3,F0FD,2B5,F0FD,000,FFFD,0000,004,0100
2B3,1203,2B4,1203,2B3,1203,000,02B3,0000,004,0100
2B4,2F40,2B5,2F40,2B4,0040,000,0040,0000,004,0100
2B5,F0FD,2B3,F0FD,2B5,F0FD,000,FFFD,0000,004,0100
2B3,1203,2B4,1203,2B3,1203,000,02B3,0000,004,0100
2B4,2F40,2B5,2F40,2B4,0040,000,0040,0000,004,0100
2B5,F0FD,2B3,F0FD,2B5,F0FD,000,FFFD,0000,004,0100
2B3,1203,2B4,1203,2B3,1203,000,02B3,0000,004,0100
2B4,2F40,2B5,2F40,2B4,0040,000,0040,0000,004,0100
2B5,F0FD,2B3,F0FD,2B5,F0FD,000,FFFD,0000,004,0100
2B3,1203,2B4,1203,2B3,1203,000,02B3,0000,004,0100
2B4,2F40,2B5,2F40,2B4,0040,000,0040,0000,004,0100
2B5,F0FD,2B3,F0FD,2B5,F0FD,000,FFFD,0000,004,0100
2B3,1203,2B4,1203,2B3,1203,000,02B3,0000,004,0100
2B4,2F40,2B5,2F40,2B4,0040,000,0040,0000,004,0100
2B5,F0FD,2B3,F0FD,2B5,F0FD,000,FFFD,0000,004,0100
2B3,1203,2B4,1203,2B3,1203,000,02B3,0000,004,0100
2B4,2F40,2B5,2F40,2B4,0040,000,0040,0000,004,0100
2B5,F0FD,2B3,F0FD,2B5,F0FD,000,FFFD,0000,004,0100
2B3,1203,2B4,1203,2B3,1203,000,02B3,0000,004,0100
2B4,2F40,2B5,2F40,2B4,0040,000,0040,0000,004,0100
2B5,F0FD,2B3,F0FD,2B5,F0FD,000,FFFD,0000,004,0100
2B3,1203,2B4,1203,2B3,1203,000,02B3,0000,004,0100
2B4,2F40,2B5,2F40,2B4,0040,000,0040,0000,004,0100
2B5,F0FD,2B3,F0FD,2B5,F0FD,000,FFFD,0000,004,0100
2B3,1203,2B4,1203,2B3,1203,000,02B3,0000,004,0100
2B4,2F40,2B5,2F40,2B4,0040,000,0040,0000,004,0100
2B5,F0FD,2B3,F0FD,2B5,F0FD,000,FFFD,0000,004,0100
2B3,1203,2B4,1203,2B3,1203,000,02B3,0000,004,0100
2B4,2F40,2B5,2F40,2B4,0040,000,0040,0000,004,0100
2B5,F0FD,2B3,F0FD,2B5,F0FD,000,FFFD,0000,004,0100
2B3,1203,2B4,1203,2B3,1203,000,02B3,0000,004,0100
2B4,2F40,2B5,2F40,2B4,0040,000,0040,0000,004,0100
2B5,F0FD,2B3,F0FD,2B5,F0FD,000,FFFD,0000,004,0100
2B3,1203,2B4,1203,2B3,1203,000,02B3,0000,004,0100
2B4,2F40,2B5,2F40,2B4,0040,000,0040,0000,004,0100
2B5,F0FD,2B3,F0FD,2B5,F0FD,000,FFFD,0000,004,0100
2B3,1203,2B4,1203,2B3,1203,000,02B3,0000,004,0100
2B4,2F40,2B5,2F40,2B4,0040,000,0040,0000,004,0100
2B5,F0FD,2B3,F0FD,2B5,F0FD,000,FFFD,0000,004,0100
2B3,1203,2B4,1203,2B3,1203,000,02B3,0000,004,0100
2B4,2F40,2B5,2F40,2B4,0040,000,0040,0000,004,0100
2B5,F0FD,2B3,F0FD,2B5,F0FD,000,FFFD,0000,004,0100
2B3,1203,2B4,1203,2B3,1203,000,02B3,0000,004,0100
2B4,2F40,2B5,2F40,2B4,0040,000,0040,0000,004,0100
2B5,F0FD,2B3,F0FD,2B5,F0FD,000,FFFD,0000,004,0100
2B3,1203,2B4,1203,2B3,1203,000,02B3,0000,004,0100
2B4,2F40,2B5,2F40,2B4,0040,000,0040,0000,004,0100
2B5,F0FD,2B3,F0FD,2B5,F0FD,000,FFFD,0000,004,0100
2B3,1203,2B4,1203,2B3,1203,000,02B3,0000,004,0100
2B4,2F40,2B5,2F40,2B4,0040,000,0040,0000,004,0100
2B5,F0FD,2B3,F0FD,2B5,F0FD,000,FFFD,0000,004,0100
2B3,1203,2B4,1203,2B3,1203,000,02B3,0000,004,0100
2B4,2F40,2B5,2F40,2B4,0040,000,0040,0000,004,0100
2B5,F0FD,2B3,F0FD,2B5,F0FD,000,FFFD,0000,004,0100
2B3,1203,2B4,1203,2B3,1203,000,02B3,0000,004,0100
2B4,2F40,2B5,2F40,2B4,0040,000,0040,0000,004,0100
2B5,F0FD,2B3,F0FD,2B5,F0FD,000,FFFD,0000,004,0100
2B3,1203,2B4,1203,2B3,1203,000,02B3,0000,004,0100
2B4,2F40,2B5,2F40,2B4,0040,000,0040,0000,004,0100
2B5,F0FD,2B3,F0FD,2B5,F0FD,000,FFFD,0000,004,0100
2B3,1203,2B4,1203,2B3,1203,000,02B3,0000,004,0100
2B4,2F40,2B5,2F40,2B4,0040,000,0040,0000,004,0100
2B5,F0FD,2B3,F0FD,2B5,F0FD,000,FFFD,0000,004,0100
2B3,1203,2B4,1203,2B3,1203,000,02B3,0000,004,0100
2B4,2F40,2B5,2F40,2B4,0040,000,0040,0000,004,0100
2B5,F0FD,2B3,F0FD,2B5,F0FD,000,FFFD,0000,004,0100
2B3,1203,2B4,1203,2B3,1203,000,02B3,0000,004,0100
2B4,2F40,2B5,2F40,2B4,0040,000,0040,0000,004,0100
2B5,F0FD,2B3,F0FD,2B5,F0FD,000,FFFD,0000,004,0100
2B3,1203,2B4,1203,2B3,1203,000,02B3,0000,004,0100
2B4,2F40,2B5,2F40,2B4,0040,000,0040,0000,004,0100
2B5,F0FD,2B3,F0FD,2B5,F0FD,000,FFFD,0000,004,0100
2B3,1203,2B4,1203,2B3,1203,000,02B3,0000,004,0100
2B4,2F40,2B5,2F40,2B4,0040,000,0040,0000,004,0100
2B5,F0FD,2B3,F0FD,2B5,F0FD,000,FFFD,0000,004,0100
2B3,1203,2B4,1203,2B3,1203,000,02B3,0000,004,0100
2B4,2F40,2B5,2F40,2B4,0040,000,0040,0000,004,0100
2B5,F0FD,2B3,F0FD,2B5,F0FD,000,FFFD,0000,004,0100
2B3,1203,2B4,1203,2B3,1203,000,02B3,0000,004,0100
2B4,2F40,2B5,2F40,2B4,0040,000,0040,0000,004,0100
2B5,F0FD,2B3,F0FD,2B5,F0FD,000,FFFD,0000,004,0100
2B3,1203,2B4,1203,2B3,1203,000,02B3,0000,004,0100
2B4,2F40,2B5,2F40,2B4,0040,000,0040,0000,004,0100
2B5,F0FD,2B3,F0FD,2B5,F0FD,000,FFFD,0000,004,0100
2B3,1203,2B4,1203,2B3,1203,000,02B3,0000,004,0100
2B4,2F40,2B5,2F40,2B4,0040,000,0040,0000,004,0100
2B5,F0FD,2B3,F0FD,2B5,F0FD,000,FFFD,0000,004,0100
2B3,1203,2B4,1203,2B3,1203,000,02B3,0000,004,0100
2B4,2F40,2B5,2F40,2B4,0040,000,0040,0000,004,0100
2B5,F0FD,2B3,F0FD,2B5,F0FD,000,FFFD,0000,004,0100
2B3,1203,2B4,1203,2B3,1203,000,02B3,0000,004,0100
2B4,2F40,2B5,2F40,2B4,0040,000,0040,0000,004,0100
2B5,F0FD,2B3,F0FD,2B5,F0FD,000,FFFD,0000,004,0100
2B3,1203,2B4,1203,2B3,1203,000,02B3,0000,004,0100
2B4,2F40,2B5,2F40,2B4,0040,000,0040,0000,004,0100
2B5,F0FD,2B3,F0FD,2B5,F0FD,000,FFFD,0000,004,0100
2B3,1203,2B4,1203,2B3,1203,000,02B3,0000,004,0100
2B4,2F40,2B5,2F40,2B4,0040,000,0040,0000,004,0100
2B5,F0FD,2B3,F0FD,2B5,F0FD,000,FFFD,0000,004,0100
2B3,1203,2B4,1203,2B3,1203,000,02B3,0000,004,0100
2B4,2F40,2B5,2F40,2B4,0040,000,0040,0000,004,0100
2B5,F0FD,2B3,F0FD,2B5,F0FD,000,FFFD,0000,004,0100
2B3,1203,2B4,1203,2B3,1203,000,02B3,0000,004,0100
2B4,2F40,2B5,2F40,2B4,0040,000,0040,0000,004,0100
2B5,F0FD,2B3,F0FD,2B5,F0FD,000,FFFD,0000,004,0100
2B3,1203,2B4,1203,2B3,1203,000,02B3,0000,004,0100
2B4,2F40,2B5,2F40,2B4,0040,000,0040,0000,004,0100
2B5,F0FD,2B3,F0FD,2B5,F0FD,000,FFFD,0000,004,0100
2B3,1203,2B4,1203,2B3,1203,000,02B3,0000,004,0100
2B4,2F40,2B5,2F40,2B4,0040,000,0040,0000,004,0100
2B5,F0FD,2B3,F0FD,2B5,F0FD,000,FFFD,0000,004,0100
2B3,1203,2B4,1203,2B3,1203,000,02B3,0000,004,0100
2B4,2F40,2B5,2F40,2B4,0040,000,0040,0000,004,0100
2B5,F0FD,2B3,F0FD,2B5,F0FD,000,FFFD,0000,004,0100
2B3,1203,2B4,1203,2B3,1203,000,02B3,0000,004,0100
2B4,2F40,2B5,2F40,2B4,0040,000,0040,0000,004,0100
2B5,F0FD,2B3,F0FD,2B5,F0FD,000,FFFD,0000,004,0100
2B3,1203,2B4,1203,2B3,1203,000,02B3,0000,004,0100
2B4,2F40,2B5,2F40,2B4,0040,000,0040,0000,004,0100
2B5,F0FD,2B3,F0FD,2B5,F0FD,000,FFFD,0000,004,0100
2B3,1203,2B4,1203,2B3,1203,000,02B3,0000,004,0100
2B4,2F40,2B5,2F40,2B4,0040,000,0040,0000,004,0100
2B5,F0FD,2B3,F0FD,2B5,F0FD,000,FFFD,0000,004,0100
2B3,1203,2B4,1203,2B3,1203,000,02B3,0000,004,0100
2B4,2F40,2B5,2F40,2B4,0040,000,0040,0000,004,0100
2B5,F0FD,2B3,F0FD,2B5,F0FD,000,FFFD,0000,004,0100
2B3,1203,2B4,1203,2B3,1203,000,02B3,0000,004,0100
2B4,2F40,2B5,2F40,2B4,0040,000,0040,0000,004,0100
2B5,F0FD,2B3,F0FD,2B5,F0FD,000,FFFD,0000,004,0100
2B3,1203,2B4,1203,2B3,1203,000,02B3,0000,004,0100
2B4,2F40,2B5,2F40,2B4,0040,000,0040,0000,004,0100
2B5,F0FD,2B3,F0FD,2B5,F0FD,000,FFFD,0000,004,0100
2B3,1203,2B4,1203,2B3,1203,000,02B3,0000,004,0100
2B4,2F40,2B5,2F40,2B4,0040,000,0040,0000,004,0100
2B5,F0FD,2B3,F0FD,2B5,F0FD,000,FFFD,0000,004,0100
2B3,1203,2B4,1203,2B3,1203,000,02B3,0000,004,0100
2B4,2F40,2B5,2F40,2B4,0040,000,0040,0000,004,0100
2B5,F0FD,2B3,F0FD,2B5,F0FD,000,FFFD,0000,004,0100
2B3,1203,2B4,1203,2B3,1203,000,02B3,0000,004,0100
2B4,2F40,2B5,2F40,2B4,0040,000,0040,0000,004,0100
2B5,F0FD,2B3,F0FD,2B5,F0FD,000,FFFD,0000,004,0100
2B3,1203,2B4,1203,2B3,1203,000,02B3,0000,004,0100
2B4,2F40,2B5,2F40,2B4,0040,000,0040,0000,004,0100
2B5,F0FD,2B3,F0FD,2B5,F0FD,000,FFFD,0000,004,0100
2B3,1203,2B4,1203,2B3,1203,000,02B3,0000,004,0100
2B4,2F40,2B5,2F40,2B4,0040,000,0040,0000,004,0100
2B5,F0FD,2B3,F0FD,2B5,F0FD,000,FFFD,0000,004,0100
2B3,1203,2B4,1203,2B3,1203,000,02B3,0000,004,0100
2B4,2F40,2B5,2F40,2B4,0040,000,0040,0000,004,0100
2B5,F0FD,2B3,F0FD,2B5,F0FD,000,FFFD,0000,004,0100
2B3,1203,2B4,1203,2B3,1203,000,02B3,0000,004,0100
2B4,2F40,2B5,2F40,2B4,0040,000,0040,0000,004,0100
2B5,F0FD,2B3,F0FD,2B5,F0FD,000,FFFD,0000,004,0100
2B3,1203,2B4,1203,2B3,1203,000,02B3,0000,004,0100
2B4,2F40,2B5,2F40,2B4,0040,000,0040,0000,004,0100
2B5,F0FD,2B3,F0FD,2B5,F0FD,000,FFFD,0000,004,0100
2B3,1203,2B4,1203,2B3,1203,000,02B3,0000,004,0100
2B4,2F40,2B5,2F40,2B4,0040,000,0040,0000,004,0100
2B5,F0FD,2B3,F0FD,2B5,F0FD,000,FFFD,0000,004,0100
2B3,1203,2B4,1203,2B3,1203,000,02B3,0000,004,0100
2B4,2F40,2B5,2F40,2B4,0040,000,0040,0000,004,0100
2B5,F0FD,2B3,F0FD,2B5,F0FD,000,FFFD,0000,004,0100
2B3,1203,2B4,1203,2B3,1203,000,02B3,0000,004,0100
2B4,2F40,2B5,2F40,2B4,0040,000,0040,0000,004,0100
2B5,F0FD,2B3,F0FD,2B5,F0FD,000,FFFD,0000,004,0100
2B3,1203,2B4,1203,2B3,1203,000,02B3,0000,004,0100
2B4,2F40,2B5,2F40,2B4,0040,000,0040,0000,004,0100
2B5,F0FD,2B3,F0FD,2B5,F0FD,000,FFFD,0000,004,0100
2B3,1203,2B4,1203,2B3,1203,000,02B3,0000,004,0100
2B4,2F40,2B5,2F40,2B4,0040,000,0040,0000,004,0100
2B5,F0FD,2B3,F0FD,2B5,F0FD,000,FFFD,0000,004,0100
2B3,1203,2B4,1203,2B3,1203,000,02B3,0000,004,0100
2B4,2F40,2B5,2F40,2B4,0040,000,0040,0000,004,0100
2B5,F0FD,2B3,F0FD,2B5,F0FD,000,FFFD,0000,004,0100
2B3,1203,2B4,1203,2B3,1203,000,02B3,0000,004,0100
2B4,2F40,2B5,2F40,2B4,0040,000,0040,0000,004,0100
2B5,F0FD,2B3,F0FD,2B5,F0FD,000,FFFD,0000,004,0100
2B3,1203,2B4,1203,2B3,1203,000,02B3,0000,004,0100
2B4,2F40,2B5,2F40,2B4,0040,000,0040,0000,004,0100
2B5,F0FD,2B3,F0FD,2B5,F0FD,000,FFFD,0000,004,0100
2B3,1203,2B4,1203,2B3,1203,000,02B3,0000,004,0100
2B4,2F40,2B5,2F40,2B4,0040,000,0040,0000,004,0100
2B5,F0FD,2B3,F0FD,2B5,F0FD,000,FFFD,0000,004,0100
2B3,1203,2B4,1203,2B3,1203,000,02B3,0000,004,0100
2B4,2F40,2B5,2F40,2B4,0040,000,0040,0000,004,0100
2B5,F0FD,2B3,F0FD,2B5,F0FD,000,FFFD,0000,004,0100
2B3,1203,2B4,1203,2B3,1203,000,02B3,0000,004,0100
2B4,2F40,2B5,2F40,2B4,0040,000,0040,0000,004,0100
2B5,F0FD,2B3,F0FD,2B5,F0FD,000,FFFD,0000,004,0100
2B3,1203,2B4,1203,2B3,1203,000,02B3,0000,004,0100
2B4,2F40,2B5,2F40,2B4,0040,000,0040,0000,004,0100
2B5,F0FD,2B3,F0FD,2B5,F0FD,000,FFFD,0000,004,0100
2B3,1203,2B4,1203,2B3,1203,000,02B3,0000,004,0100
2B4,2F40,2B5,2F40,2B4,0040,000,0040,0000,004,0100
2B5,F0FD,2B3,F0FD,2B5,F0FD,000,FFFD,0000,004,0100
2B3,1203,2B4,1203,2B3,1203,000,02B3,0000,004,0100
2B4,2F40,2B5,2F40,2B4,0040,000,0040,0000,004,0100
2B5,F0FD,2B3,F0FD,2B5,F0FD,000,FFFD,0000,004,0100
2B3,1203,2B4,1203,2B3,1203,000,02B3,0000,004,0100
2B4,2F40,2B5,2F40,2B4,0040,000,0040,0000,004,0100
2B5,F0FD,2B3,F0FD,2B5,F0FD,000,FFFD,0000,004,0100
2B3,1203,2B4,1203,2B3,1203,000,02B3,0000,004,0100
2B4,2F40,2B5,2F40,2B4,0040,000,0040,0000,004,0100
2B5,F0FD,2B3,F0FD,2B5,F0FD,000,FFFD,0000,004,0100
2B3,1203,2B4,1203,2B3,1203,000,02B3,0000,004,0100
2B4,2F40,2B5,2F40,2B4,0040,000,0040,0000,004,0100
2B5,F0FD,2B3,F0FD,2B5,F0FD,000,FFFD,0000,004,0100
2B3,1203,2B4,1203,2B3,1203,000,02B3,0000,004,0100
2B4,2F40,2B5,2F40,2B4,0040,000,0040,0000,004,0100
2B5,F0FD,2B3,F0FD,2B5,F0FD,000,FFFD,0000,004,0100
2B3,1203,2B4,1203,2B3,1203,000,02B3,0000,004,0100
2B4,2F40,2B5,2F40,2B4,0040,000,0040,0000,004,0100
2B5,F0FD,2B3,F0FD,2B5,F0FD,000,FFFD,0000,004,0100
2B3,1203,2B4,1203,2B3,1203,000,02B3,0000,004,0100
2B4,2F40,2B5,2F40,2B4,0040,000,0040,0000,004,0100
2B5,F0FD,2B3,F0FD,2B5,F0FD,000,FFFD,0000,004,0100
2B3,1203,2B4,1203,2B3,1203,000,02B3,0000,004,0100
2B4,2F40,2B5,2F40,2B4,0040,000,0040,0000,004,0100
2B5,F0FD,2B3,F0FD,2B5,F0FD,000,FFFD,0000,004,0100
2B3,1203,2B4,1203,2B3,1203,000,02B3,0000,004,0100
2B4,2F40,2B5,2F40,2B4,0040,000,0040,0000,004,0100
2B5,F0FD,2B3,F0FD,2B5,F0FD,000,FFFD,0000,004,0100
2B3,1203,2B4,1203,2B3,1203,000,02B3,0000,004,0100
2B4,2F40,2B5,2F40,2B4,0040,000,0040,0000,004,0100
2B5,F0FD,2B3,F0FD,2B5,F0FD,000,FFFD,0000,004,0100
2B3,1203,2B4,1203,2B3,1203,000,02B3,0000,004,0100
2B4,2F40,2B5,2F40,2B4,0040,000,0040,0000,004,0100
2B5,F0FD,2B3,F0FD,2B5,F0FD,000,FFFD,0000,004,0100
2B3,1203,2B4,1203,2B3,1203,000,02B3,0000,004,0100
2B4,2F40,2B5,2F40,2B4,0040,000,0040,0000,004,0100
2B5,F0FD,2B3,F0FD,2B5,F0FD,000,FFFD,0000,004,0100
2B3,1203,2B4,1203,2B3,1203,000,02B3,0000,004,0100
2B4,2F40,2B5,2F40,2B4,0040,000,0040,0000,004,0100
2B5,F0FD,2B3,F0FD,2B5,F0FD,000,FFFD,0000,004,0100
2B3,1203,2B4,1203,2B3,1203,000,02B3,0000,004,0100
2B4,2F40,2B5,2F40,2B4,0040,000,0040,0000,004,0100
2B5,F0FD,2B3,F0FD,2B5,F0FD,000,FFFD,0000,004,0100
2B3,1203,2B4,1203,2B3,1203,000,02B3,0000,004,0100
2B4,2F40,2B5,2F40,2B4,0040,000,0040,0000,004,0100
2B5,F0FD,2B3,F0FD,2B5,F0FD,000,FFFD,0000,004,0100
2B3,1203,2B4,1203,2B3,1203,000,02B3,0040,004,0100
2B4,2F40,2B5,2F40,2B4,0040,000,0040,0040,000,0000
2B5,F0FD,2B6,F0FD,2B5,F0FD,000,02B5,0040,000,0000
2B6,DE00,2B7,DE00,7FF,02B7,7FF,02B7,0040,000,0000,7FF,02B7
2B7,AEF7,2B8,AEF7,2AF,0000,7FF,FFF7,0000,004,0100
2B8,F002,2BB,F002,2B8,F002,7FF,0002,0000,004,0100
2BB,0700,2BC,0700,2BB,0700,7FF,02BB,0001,000,0000
2BC,EEF2,2BD,EEF2,2AF,0001,7FF,FFF2,0001,000,0000,2AF,0001
2BD,A8F3,2BE,A8F3,584,D1E2,7FF,FFF3,D1E2,008,1000
2BE,0680,2BF,0680,2BE,0680,7FF,02BE,E2D1,008,1000
2BF,DE06,2C6,DE06,7FE,02C0,7FE,02C6,E2D1,008,1000,7FE,02C0
2C6,1302,2C7,1302,2C6,1302,7FE,02C6,E2D1,008,1000
2C7,DE01,2C9,DE01,7FD,02C8,7FD,02C9,E2D1,008,1000,7FD,02C8
2C9,7F00,2CA,7F00,2C9,0000,7FD,0000,E2D1,009,1001
2CA,F001,2CB,F001,2CA,F001,7FD,02CA,E2D1,009,1001
2CB,0A00,2C8,0A00,7FD,02C8,7FE,02CB,E2D1,009,1001
2C8,0A00,2C0,0A00,7FE,02C0,7FF,02C8,E2D1,009,1001
2C0,CEF2,2B3,CEF2,2C0,02B3,7FF,FFF2,E2D1,009,1001
2B3,1203,2B4,1203,2B3,1203,7FF,02B3,E200,009,1001
2B4,2F40,2B5,2F40,2B4,0040,7FF,0040,0000,005,0101
2B5,F0FD,2B3,F0FD,2B5,F0FD,7FF,FFFD,0000,005,0101
2B3,1203,2B4,1203,2B3,1203,7FF,02B3,0000,005,0101
2B4,2F40,2B5,2F40,2B4,0040,7FF,0040,0000,005,0101
2B5,F0FD,2B3,F0FD,2B5,F0FD,7FF,FFFD,0000,005,0101
2B3,1203,2B4,1203,2B3,1203,7FF,02B3,0000,005,0101
2B4,2F40,2B5,2F40,2B4,0040,7FF,0040,0000,005,0101
2B5,F0FD,2B3,F0FD,2B5,F0FD,7FF,FFFD,0000,005,0101
2B3,1203,2B4,1203,2B3,1203,7FF,02B3,0000,005,0101
2B4,2F40,2B5,2F40,2B4,0040,7FF,0040,0000,005,0101
2B5,F0FD,2B3,F0FD,2B5,F0FD,7FF,FFFD,0000,005,0101
2B3,1203,2B4,1203,2B3,1203,7FF,02B3,0000,005,0101
2B4,2F40,2B5,2F40,2B4,0040,7FF,0040,0000,005,0101
2B5,F0FD,2B3,F0FD,2B5,F0FD,7FF,FFFD,0000,005,0101
2B3,1203,2B4,1203,2B3,1203,7FF,02B3,0000,005,0101
2B4,2F40,2B5,2F40,2B4,0040,7FF,0040,0000,005,0101
2B5,F0FD,2B3,F0FD,2B5,F0FD,7FF,FFFD,0000,005,0101
2B3,1203,2B4,1203,2B3,1203,7FF,02B3,0000,005,0101
2B4,2F40,2B5,2F40,2B4,0040,7FF,0040,0000,005,0101
2B5,F0FD,2B3,F0FD,2B5,F0FD,7FF,FFFD,0000,005,0101
2B3,1203,2B4,1203,2B3,1203,7FF,02B3,0000,005,0101
2B4,2F40,2B5,2F40,2B4,0040,7FF,0040,0000,005,0101
2B5,F0FD,2B3,F0FD,2B5,F0FD,7FF,FFFD,0000,005,0101
2B3,1203,2B4,1203,2B3,1203,7FF,02B3,0000,005,0101
2B4,2F40,2B5,2F40,2B4,0040,7FF,0040,0000,005,0101
2B5,F0FD,2B3,F0FD,2B5,F0FD,7FF,FFFD,0000,005,0101
2B3,1203,2B4,1203,2B3,1203,7FF,02B3,0000,005,0101
2B4,2F40,2B5,2F40,2B4,0040,7FF,0040,0000,005,0101
2B5,F0FD,2B3,F0FD,2B5,F0FD,7FF,FFFD,0000,005,0101
2B3,1203,2B4,1203,2B3,1203,7FF,02B3,0000,005,0101
2B4,2F40,2B5,2F40,2B4,0040,7FF,0040,0000,005,0101
2B5,F0FD,2B3,F0FD,2B5,F0FD,7FF,FFFD,0000,005,0101
2B3,1203,2B4,1203,2B3,1203,7FF,02B3,0000,005,0101
2B4,2F40,2B5,2F40,2B4,0040,7FF,0040,0000,005,0101
2B5,F0FD,2B3,F0FD,2B5,F0FD,7FF,FFFD,0000,005,0101
2B3,1203,2B4,1203,2B3,1203,7FF,02B3,0000,005,0101
2B4,2F40,2B5,2F40,2B4,0040,7FF,0040,0000,005,0101
2B5,F0FD,2B3,F0FD,2B5,F0FD,7FF,FFFD,0000,005,0101
2B3,1203,2B4,1203,2B3,1203,7FF,02B3,0000,005,0101
2B4,2F40,2B5,2F40,2B4,0040,7FF,0040,0000,005,0101
2B5,F0FD,2B3,F0FD,2B5,F0FD,7FF,FFFD,0000,005,0101
2B3,1203,2B4,1203,2B3,1203,7FF,02B3,0000,005,0101
2B4,2F40,2B5,2F40,2B4,0040,7FF,0040,0000,005,0101
2B5,F0FD,2B3,F0FD,2B5,F0FD,7FF,FFFD,0000,005,0101
2B3,1203,2B4,1203,2B3,1203,7FF,02B3,0000,005,0101
2B4,2F40,2B5,2F40,2B4,0040,7FF,0040,0000,005,0101
2B5,F0FD,2B3,F0FD,2B5,F0FD,7FF,FFFD,0000,005,0101
2B3,1203,2B4,1203,2B3,1203,7FF,02B3,0000,005,0101
2B4,2F40,2B5,2F40,2B4,0040,7FF,0040,0000,005,0101
2B5,F0FD,2B3,F0FD,2B5,F0FD,7FF,FFFD,0000,005,0101
2B3,1203,2B4,1203,2B3,1203,7FF,02B3,0000,005,0101
2B4,2F40,2B5,2F40,2B4,0040,7FF,0040,0000,005,0101
2B5,F0FD,2B3,F0FD,2B5,F0FD,7FF,FFFD,0000,005,0101
2B3,1203,2B4,1203,2B3,1203,7FF,02B3,0000,005,0101
2B4,2F40,2B5,2F40,2B4,0040,7FF,0040,0000,005,0101
2B5,F0FD,2B3,F0FD,2B5,F0FD,7FF,FFFD,0000,005,0101
2B3,1203,2B4,1203,2B3,1203,7FF,02B3,0000,005,0101
2B4,2F40,2B5,2F40,2B4,0040,7FF,0040,0000,005,0101
2B5,F0FD,2B3,F0FD,2B5,F0FD,7FF,FFFD,0000,005,0101
2B3,1203,2B4,1203,2B3,1203,7FF,02B3,0000,005,0101
2B4,2F40,2B5,2F40,2B4,0040,7FF,0040,0000,005,0101
2B5,F0FD,2B3,F0FD,2B5,F0FD,7FF,FFFD,0000,005,0101
2B3,1203,2B4,1203,2B3,1203,7FF,02B3,0000,005,0101
2B4,2F40,2B5,2F40,2B4,0040,7FF,0040,0000,005,0101
2B5,F0FD,2B3,F0FD,2B5,F0FD,7FF,FFFD,0000,005,0101
2B3,1203,2B4,1203,2B3,1203,7FF,02B3,0000,005,0101
2B4,2F40,2B5,2F40,2B4,0040,7FF,0040,0000,005,0101
2B5,F0FD,2B3,F0FD,2B5,F0FD,7FF,FFFD,0000,005,0101
2B3,1203,2B4,1203,2B3,1203,7FF,02B3,0000,005,0101
2B4,2F40,2B5,2F40,2B4,0040,7FF,0040,0000,005,0101
2B5,F0FD,2B3,F0FD,2B5,F0FD,7FF,FFFD,0000,005,0101
2B3,1203,2B4,1203,2B3,1203,7FF,02B3,0000,005,0101
2B4,2F40,2B5,2F40,2B4,0040,7FF,0040,0000,005,0101
2B5,F0FD,2B3,F0FD,2B5,F0FD,7FF,FFFD,0000,005,0101
2B3,1203,2B4,1203,2B3,1203,7FF,02B3,0000,005,0101
2B4,2F40,2B5,2F40,2B4,0040,7FF,0040,0000,005,0101
2B5,F0FD,2B3,F0FD,2B5,F0FD,7FF,FFFD,0000,005,0101
2B3,1203,2B4,1203,2B3,1203,7FF,02B3,0000,005,0101
2B4,2F40,2B5,2F40,2B4,0040,7FF,0040,0000,005,0101
2B5,F0FD,2B3,F0FD,2B5,F0FD,7FF,FFFD,0000,005,0101
2B3,1203,2B4,1203,2B3,1203,7FF,02B3,0000,005,0101
2B4,2F40,2B5,2F40,2B4,0040,7FF,0040,0000,005,0101
2B5,F0FD,2B3,F0FD,2B5,F0FD,7FF,FFFD,0000,005,0101
2B3,1203,2B4,1203,2B3,1203,7FF,02B3,0000,005,0101
2B4,2F40,2B5,2F40,2B4,0040,7FF,0040,0000,005,0101
2B5,F0FD,2B3,F0FD,2B5,F0FD,7FF,FFFD,0000,005,0101
2B3,1203,2B4,1203,2B3,1203,7FF,02B3,0000,005,0101
2B4,2F40,2B5,2F40,2B4,0040,7FF,0040,0000,005,0101
2B5,F0FD,2B3,F0FD,2B5,F0FD,7FF,FFFD,0000,005,0101
2B3,1203,2B4,1203,2B3,1203,7FF,02B3,0000,005,0101
2B4,2F40,2B5,2F40,2B4,0040,7FF,0040,0000,005,0101
2B5,F0FD,2B3,F0FD,2B5,F0FD,7FF,FFFD,0000,005,0101
2B3,1203,2B4,1203,2B3,1203,7FF,02B3,0000,005,0101
2B4,2F40,2B5,2F40,2B4,0040,7FF,0040,0000,005,0101
2B5,F0FD,2B3,F0FD,2B5,F0FD,7FF,FFFD,0000,005,0101
2B3,1203,2B4,1203,2B3,1203,7FF,02B3,0000,005,0101
2B4,2F40,2B5,2F40,2B4,0040,7FF,0040,0000,005,0101
2B5,F0FD,2B3,F0FD,2B5,F0FD,7FF,FFFD,0000,005,0101
2B3,1203,2B4,1203,2B3,1203,7FF,02B3,0000,005,0101
2B4,2F40,2B5,2F40,2B4,0040,7FF,0040,0000,005,0101
2B5,F0FD,2B3,F0FD,2B5,F0FD,7FF,FFFD,0000,005,0101
2B3,1203,2B4,1203,2B3,1203,7FF,02B3,0000,005,0101
2B4,2F40,2B5,2F40,2B4,0040,7FF,0040,0000,005,0101
2B5,F0FD,2B3,F0FD,2B5,F0FD,7FF,FFFD,0000,005,0101
2B3,1203,2B4,1203,2B3,1203,7FF,02B3,0000,005,0101
2B4,2F40,2B5,2F40,2B4,0040,7FF,0040,0000,005,0101
2B5,F0FD,2B3,F0FD,2B5,F0FD,7FF,FFFD,0000,005,0101
2B3,1203,2B4,1203,2B3,1203,7FF,02B3,0000,005,0101
2B4,2F40,2B5,2F40,2B4,0040,7FF,0040,0000,005,0101
2B5,F0FD,2B3,F0FD,2B5,F0FD,7FF,FFFD,0000,005,0101
2B3,1203,2B4,1203,2B3,1203,7FF,02B3,0000,005,0101
2B4,2F40,2B5,2F40,2B4,0040,7FF,0040,0000,005,0101
2B5,F0FD,2B3,F0FD,2B5,F0FD,7FF,FFFD,0000,005,0101
2B3,1203,2B4,1203,2B3,1203,7FF,02B3,0000,005,0101
2B4,2F40,2B5,2F40,2B4,0040,7FF,0040,0000,005,0101
2B5,F0FD,2B3,F0FD,2B5,F0FD,7FF,FFFD,0000,005,0101
2B3,1203,2B4,1203,2B3,1203,7FF,02B3,0000,005,0101
2B4,2F40,2B5,2F40,2B4,0040,7FF,0040,0000,005,0101
2B5,F0FD,2B3,F0FD,2B5,F0FD,7FF,FFFD,0000,005,0101
2B3,1203,2B4,1203,2B3,1203,7FF,02B3,0000,005,0101
2B4,2F40,2B5,2F40,2B4,0040,7FF,0040,0000,005,0101
2B5,F0FD,2B3,F0FD,2B5,F0FD,7FF,FFFD,0000,005,0101
2B3,1203,2B4,1203,2B3,1203,7FF,02B3,0000,005,0101
2B4,2F40,2B5,2F40,2B4,0040,7FF,0040,0000,005,0101
2B5,F0FD,2B3,F0FD,2B5,F0FD,7FF,FFFD,0000,005,0101
2B3,1203,2B4,1203,2B3,1203,7FF,02B3,0000,005,0101
2B4,2F40,2B5,2F40,2B4,0040,7FF,0040,0000,005,0101
2B5,F0FD,2B3,F0FD,2B5,F0FD,7FF,FFFD,0000,005,0101
2B3,1203,2B4,1203,2B3,1203,7FF,02B3,0000,005,0101
2B4,2F40,2B5,2F40,2B4,0040,7FF,0040,0000,005,0101
2B5,F0FD,2B3,F0FD,2B5,F0FD,7FF,FFFD,0000,005,0101
2B3,1203,2B4,1203,2B3,1203,7FF,02B3,0000,005,0101
2B4,2F40,2B5,2F40,2B4,0040,7FF,0040,0000,005,0101
2B5,F0FD,2B3,F0FD,2B5,F0FD,7FF,FFFD,0000,005,0101
2B3,1203,2B4,1203,2B3,1203,7FF,02B3,0000,005,0101
2B4,2F40,2B5,2F40,2B4,0040,7FF,0040,0000,005,0101
2B5,F0FD,2B3,F0FD,2B5,F0FD,7FF,FFFD,0000,005,0101
2B3,1203,2B4,1203,2B3,1203,7FF,02B3,0000,005,0101
2B4,2F40,2B5,2F40,2B4,0040,7FF,0040,0000,005,0101
2B5,F0FD,2B3,F0FD,2B5,F0FD,7FF,FFFD,0000,005,0101
2B3,1203,2B4,1203,2B3,1203,7FF,02B3,0000,005,0101
2B4,2F40,2B5,2F40,2B4,0040,7FF,0040,0000,005,0101
2B5,F0FD,2B3,F0FD,2B5,F0FD,7FF,FFFD,0000,005,0101
2B3,1203,2B4,1203,2B3,1203,7FF,02B3,0000,005,0101
2B4,2F40,2B5,2F40,2B4,0040,7FF,0040,0000,005,0101
2B5,F0FD,2B3,F0FD,2B5,F0FD,7FF,FFFD,0000,005,0101
2B3,1203,2B4,1203,2B3,1203,7FF,02B3,0000,005,0101
2B4,2F40,2B5,2F40,2B4,0040,7FF,0040,0000,005,0101
2B5,F0FD,2B3,F0FD,2B5,F0FD,7FF,FFFD,0000,005,0101
2B3,1203,2B4,1203,2B3,1203,7FF,02B3,0000,005,0101
2B4,2F40,2B5,2F40,2B4,0040,7FF,0040,0000,005,0101
2B5,F0FD,2B3,F0FD,2B5,F0FD,7FF,FFFD,0000,005,0101
2B3,1203,2B4,1203,2B3,1203,7FF,02B3,0000,005,0101
2B4,2F40,2B5,2F40,2B4,0040,7FF,0040,0000,005,0101
2B5,F0FD,2B3,F0FD,2B5,F0FD,7FF,FFFD,0000,005,0101
2B3,1203,2B4,1203,2B3,1203,7FF,02B3,0000,005,0101
2B4,2F40,2B5,2F40,2B4,0040,7FF,0040,0000,005,0101
2B5,F0FD,2B3,F0FD,2B5,F0FD,7FF,FFFD,0000,005,0101
2B3,1203,2B4,1203,2B3,1203,7FF,02B3,0000,005,0101
2B4,2F40,2B5,2F40,2B4,0040,7FF,0040,0000,005,0101
2B5,F0FD,2B3,F0FD,2B5,F0FD,7FF,FFFD,0000,005,0101
2B3,1203,2B4,1203,2B3,1203,7FF,02B3,0000,005,0101
2B4,2F40,2B5,2F40,2B4,0040,7FF,0040,0000,005,0101
2B5,F0FD,2B3,F0FD,2B5,F0FD,7FF,FFFD,0000,005,0101
2B3,1203,2B4,1203,2B3,1203,7FF,02B3,0000,005,0101
2B4,2F40,2B5,2F40,2B4,0040,7FF,0040,0000,005,0101
2B5,F0FD,2B3,F0FD,2B5,F0FD,7FF,FFFD,0000,005,0101
2B3,1203,2B4,1203,2B3,1203,7FF,02B3,0000,005,0101
2B4,2F40,2B5,2F40,2B4,0040,7FF,0040,0000,005,0101
2B5,F0FD,2B3,F0FD,2B5,F0FD,7FF,FFFD,0000,005,0101
2B3,1203,2B4,1203,2B3,1203,7FF,02B3,0000,005,0101
2B4,2F40,2B5,2F40,2B4,0040,7FF,0040,0000,005,0101
2B5,F0FD,2B3,F0FD,2B5,F0FD,7FF,FFFD,0000,005,0101
2B3,1203,2B4,1203,2B3,1203,7FF,02B3,0000,005,0101
2B4,2F40,2B5,2F40,2B4,0040,7FF,0040,0000,005,0101
2B5,F0FD,2B3,F0FD,2B5,F0FD,7FF,FFFD,0000,005,0101
2B3,1203,2B4,1203,2B3,1203,7FF,02B3,0000,005,0101
2B4,2F40,2B5,2F40,2B4,0040,7FF,0040,0000,005,0101
2B5,F0FD,2B3,F0FD,2B5,F0FD,7FF,FFFD,0000,005,0101
2B3,1203,2B4,1203,2B3,1203,7FF,02B3,0000,005,0101
2B4,2F40,2B5,2F40,2B4,0040,7FF,0040,0000,005,0101
2B5,F0FD,2B3,F0FD,2B5,F0FD,7FF,FFFD,0000,005,0101
2B3,1203,2B4,1203,2B3,1203,7FF,02B3,0000,005,0101
2B4,2F40,2B5,2F40,2B4,0040,7FF,0040,0000,005,0101
2B5,F0FD,2B3,F0FD,2B5,F0FD,7FF,FFFD,0000,005,0101
2B3,1203,2B4,1203,2B3,1203,7FF,02B3,0000,005,0101
2B4,2F40,2B5,2F40,2B4,0040,7FF,0040,0000,005,0101
2B5,F0FD,2B3,F0FD,2B5,F0FD,7FF,FFFD,0000,005,0101
2B3,1203,2B4,1203,2B3,1203,7FF,02B3,0000,005,0101
2B4,2F40,2B5,2F40,2B4,0040,7FF,0040,0000,005,0101
2B5,F0FD,2B3,F0FD,2B5,F0FD,7FF,FFFD,0000,005,0101
2B3,1203,2B4,1203,2B3,1203,7FF,02B3,0000,005,0101
2B4,2F40,2B5,2F40,2B4,0040,7FF,0040,0000,005,0101
2B5,F0FD,2B3,F0FD,2B5,F0FD,7FF,FFFD,0000,005,0101
2B3,1203,2B4,1203,2B3,1203,7FF,02B3,0000,005,0101
2B4,2F40,2B5,2F40,2B4,0040,7FF,0040,0000,005,0101
2B5,F0FD,2B3,F0FD,2B5,F0FD,7FF,FFFD,0000,005,0101
2B3,1203,2B4,1203,2B3,1203,7FF,02B3,0000,005,0101
2B4,2F40,2B5,2F40,2B4,0040,7FF,0040,0000,005,0101
2B5,F0FD,2B3,F0FD,2B5,F0FD,7FF,FFFD,0000,005,0101
2B3,1203,2B4,1203,2B3,1203,7FF,02B3,0000,005,0101
2B4,2F40,2B5,2F40,2B4,0040,7FF,0040,0000,005,0101
2B5,F0FD,2B3,F0FD,2B5,F0FD,7FF,FFFD,0000,005,0101
2B3,1203,2B4,1203,2B3,1203,7FF,02B3,0000,005,0101
2B4,2F40,2B5,2F40,2B4,0040,7FF,0040,0000,005,0101
2B5,F0FD,2B3,F0FD,2B5,F0FD,7FF,FFFD,0000,005,0101
2B3,1203,2B4,1203,2B3,1203,7FF,02B3,0000,005,0101
2B4,2F40,2B5,2F40,2B4,0040,7FF,0040,0000,005,0101
2B5,F0FD,2B3,F0FD,2B5,F0FD,7FF,FFFD,0000,005,0101
2B3,1203,2B4,1203,2B3,1203,7FF,02B3,0000,005,0101
2B4,2F40,2B5,2F40,2B4,0040,7FF,0040,0000,005,0101
2B5,F0FD,2B3,F0FD,2B5,F0FD,7FF,FFFD,0000,005,0101
2B3,1203,2B4,1203,2B3,1203,7FF,02B3,0000,005,0101
2B4,2F40,2B5,2F40,2B4,0040,7FF,0040,0000,005,0101
2B5,F0FD,2B3,F0FD,2B5,F0FD,7FF,FFFD,0000,005,0101
2B3,1203,2B4,1203,2B3,1203,7FF,02B3,0000,005,0101
2B4,2F40,2B5,2F40,2B4,0040,7FF,0040,0000,005,0101
2B5,F0FD,2B3,F0FD,2B5,F0FD,7FF,FFFD,0000,005,0101
2B3,1203,2B4,1203,2B3,1203,7FF,02B3,0000,005,0101
2B4,2F40,2B5,2F40,2B4,0040,7FF,0040,0000,005,0101
2B5,F0FD,2B3,F0FD,2B5,F0FD,7FF,FFFD,0000,005,0101
2B3,1203,2B4,1203,2B3,1203,7FF,02B3,0000,005,0101
2B4,2F40,2B5,2F40,2B4,0040,7FF,0040,0000,005,0101
2B5,F0FD,2B3,F0FD,2B5,F0FD,7FF,FFFD,0000,005,0101
2B3,1203,2B4,1203,2B3,1203,7FF,02B3,0000,005,0101
2B4,2F40,2B5,2F40,2B4,0040,7FF,0040,0000,005,0101
2B5,F0FD,2B3,F0FD,2B5,F0FD,7FF,FFFD,0000,005,0101
2B3,1203,2B4,1203,2B3,1203,7FF,02B3,0000,005,0101
2B4,2F40,2B5,2F40,2B4,0040,7FF,0040,0000,005,0101
2B5,F0FD,2B3,F0FD,2B5,F0FD,7FF,FFFD,0000,005,0101
2B3,1203,2B4,1203,2B3,1203,7FF,02B3,0000,005,0101
2B4,2F40,2B5,2F40,2B4,0040,7FF,0040,0000,005,0101
2B5,F0FD,2B3,F0FD,2B5,F0FD,7FF,FFFD,0000,005,0101
2B3,1203,2B4,1203,2B3,1203,7FF,02B3,0000,005,0101
2B4,2F40,2B5,2F40,2B4,0040,7FF,0040,0000,005,0101
2B5,F0FD,2B3,F0FD,2B5,F0FD,7FF,FFFD,0000,005,0101
2B3,1203,2B4,1203,2B3,1203,7FF,02B3,0000,005,0101
2B4,2F40,2B5,2F40,2B4,0040,7FF,0040,0000,005,0101
2B5,F0FD,2B3,F0FD,2B5,F0FD,7FF,FFFD,0000,005,0101
2B3,1203,2B4,1203,2B3,1203,7FF,02B3,0000,005,0101
2B4,2F40,2B5,2F40,2B4,0040,7FF,0040,0000,005,0101
2B5,F0FD,2B3,F0FD,2B5,F0FD,7FF,FFFD,0000,005,0101
2B3,1203,2B4,1203,2B3,1203,7FF,02B3,0000,005,0101
2B4,2F40,2B5,2F40,2B4,0040,7FF,0040,0000,005,0101
2B5,F0FD,2B3,F0FD,2B5,F0FD,7FF,FFFD,0000,005,0101
2B3,1203,2B4,1203,2B3,1203,7FF,02B3,0000,005,0101
2B4,2F40,2B5,2F40,2B4,0040,7FF,0040,0000,005,0101
2B5,F0FD,2B3,F0FD,2B5,F0FD,7FF,FFFD,0000,005,0101
2B3,1203,2B4,1203,2B3,1203,7FF,02B3,0000,005,0101
2B4,2F40,2B5,2F40,2B4,0040,7FF,0040,0000,005,0101
2B5,F0FD,2B3,F0FD,2B5,F0FD,7FF,FFFD,0000,005,0101
2B3,1203,2B4,1203,2B3,1203,7FF,02B3,0000,005,0101
2B4,2F40,2B5,2F40,2B4,0040,7FF,0040,0000,005,0101
2B5,F0FD,2B3,F0FD,2B5,F0FD,7FF,FFFD,0000,005,0101
2B3,1203,2B4,1203,2B3,1203,7FF,02B3,0000,005,0101
2B4,2F40,2B5,2F40,2B4,0040,7FF,0040,0000,005,0101
2B5,F0FD,2B3,F0FD,2B5,F0FD,7FF,FFFD,0000,005,0101
2B3,1203,2B4,1203,2B3,1203,7FF,02B3,0000,005,0101
2B4,2F40,2B5,2F40,2B4,0040,7FF,0040,0000,005,0101
2B5,F0FD,2B3,F0FD,2B5,F0FD,7FF,FFFD,0000,005,0101
2B3,1203,2B4,1203,2B3,1203,7FF,02B3,0000,005,0101
2B4,2F40,2B5,2F40,2B4,0040,7FF,0040,0000,005,0101
2B5,F0FD,2B3,F0FD,2B5,F0FD,7FF,FFFD,0000,005,0101
2B3,1203,2B4,1203,2B3,1203,7FF,02B3,0000,005,0101
2B4,2F40,2B5,2F40,2B4,0040,7FF,0040,0000,005,0101
2B5,F0FD,2B3,F0FD,2B5,F0FD,7FF,FFFD,0000,005,0101
2B3,1203,2B4,1203,2B3,1203,7FF,02B3,0000,005,0101
2B4,2F40,2B5,2F40,2B4,0040,7FF,0040,0000,005,0101
2B5,F0FD,2B3,F0FD,2B5,F0FD,7FF,FFFD,0000,005,0101
2B3,1203,2B4,1203,2B3,1203,7FF,02B3,0000,005,0101
2B4,2F40,2B5,2F40,2B4,0040,7FF,0040,0000,005,0101
2B5,F0FD,2B3,F0FD,2B5,F0FD,7FF,FFFD,0000,005,0101
2B3,1203,2B4,1203,2B3,1203,7FF,02B3,0000,005,0101
2B4,2F40,2B5,2F40,2B4,0040,7FF,0040,0000,005,0101
2B5,F0FD,2B3,F0FD,2B5,F0FD,7FF,FFFD,0000,005,0101
2B3,1203,2B4,1203,2B3,1203,7FF,02B3,0000,005,0101
2B4,2F40,2B5,2F40,2B4,0040,7FF,0040,0000,005,0101
2B5,F0FD,2B3,F0FD,2B5,F0FD,7FF,FFFD,0000,005,0101
2B3,1203,2B4,1203,2B3,1203,7FF,02B3,0000,005,0101
2B4,2F40,2B5,2F40,2B4,0040,7FF,0040,0000,005,0101
2B5,F0FD,2B3,F0FD,2B5,F0FD,7FF,FFFD,0000,005,0101
2B3,1203,2B4,1203,2B3,1203,7FF,02B3,0000,005,0101
2B4,2F40,2B5,2F40,2B4,0040,7FF,0040,0000,005,0101
2B5,F0FD,2B3,F0FD,2B5,F0FD,7FF,FFFD,0000,005,0101
2B3,1203,2B4,1203,2B3,1203,7FF,02B3,0000,005,0101
2B4,2F40,2B5,2F40,2B4,0040,7FF,0040,0000,005,0101
2B5,F0FD,2B3,F0FD,2B5,F0FD,7FF,FFFD,0000,005,0101
2B3,1203,2B4,1203,2B3,1203,7FF,02B3,0000,005,0101
2B4,2F40,2B5,2F40,2B4,0040,7FF,0040,0000,005,0101
2B5,F0FD,2B3,F0FD,2B5,F0FD,7FF,FFFD,0000,005,0101
2B3,1203,2B4,1203,2B3,1203,7FF,02B3,0000,005,0101
2B4,2F40,2B5,2F40,2B4,0040,7FF,0040,0000,005,0101
2B5,F0FD,2B3,F0FD,2B5,F0FD,7FF,FFFD,0000,005,0101
2B3,1203,2B4,1203,2B3,1203,7FF,02B3,0000,005,0101
2B4,2F40,2B5,2F40,2B4,0040,7FF,0040,0000,005,0101
2B5,F0FD,2B3,F0FD,2B5,F0FD,7FF,FFFD,0000,005,0101
2B3,1203,2B4,1203,2B3,1203,7FF,02B3,0000,005,0101
2B4,2F40,2B5,2F40,2B4,0040,7FF,0040,0000,005,0101
2B5,F0FD,2B3,F0FD,2B5,F0FD,7FF,FFFD,0000,005,0101
2B3,1203,2B4,1203,2B3,1203,7FF,02B3,0000,005,0101
2B4,2F40,2B5,2F40,2B4,0040,7FF,0040,0000,005,0101
2B5,F0FD,1F3,2F40,2B4,0040,7FF,0040,0000,005,0101
1F3,0000,1F4,2F40,1F3,0000,7FF,0040,0000,005,0101,1F3,0000
1F4,05A1,1F5,2F40,1F4,05A1,7FF,0040,0000,005,0101,1F4,05A1
1F5,CE00,1F6,2F40,1F5,CE00,7FF,0040,0000,005,0101,1F5,CE00
1F6,1203,1F7,2F40,1F6,1203,7FF,0040,0000,005,0101,1F6,1203
1F7,2F40,1F8,2F40,1F7,2F40,7FF,0040,0000,005,0101,1F7,2F40
1F8,F0FD,1F9,2F40,1F8,F0FD,7FF,0040,0000,005,0101,1F8,F0FD
1F9,AEF9,1FA,2F40,1F9,AEF9,7FF,0040,0000,005,0101,1F9,AEF9
1FA,F001,1FB,2F40,1FA,F001,7FF,0040,0000,005,0101,1FA,F001
1FB,CE06,1FC,2F40,1FB,CE06,7FF,0040,0000,005,0101,1FB,CE06
1FC,0700,1FD,2F40,1FC,0700,7FF,0040,0000,005,0101,1FC,0700
1FD,EEF5,1FE,2F40,1FD,EEF5,7FF,0040,0000,005,0101,1FD,EEF5
1FE,A8F5,1FF,2F40,1FE,A8F5,7FF,0040,0000,005,0101,1FE,A8F5
1FF,0680,200,2F40,1FF,0680,7FF,0040,0000,005,0101,1FF,0680
200,DE06,201,2F40,200,DE06,7FF,0040,0000,005,0101,200,DE06
201,CEF4,202,2F40,201,CEF4,7FF,0040,0000,005,0101,201,CEF4
202,0200,203,2F40,202,0200,7FF,0040,0000,005,0101,202,0200
203,EEEF,204,2F40,203,EEEF,7FF,0040,0000,005,0101,203,EEEF
204,AAEF,205,2F40,204,AAEF,7FF,0040,0000,005,0101,204,AAEF
205,DE01,206,2F40,205,DE01,7FF,0040,0000,005,0101,205,DE01
206,CEEF,207,2F40,206,CEEF,7FF,0040,0000,005,0101,206,CEEF
207,1302,208,2F40,207,1302,7FF,0040,0000,005,0101,207,1302
208,2FFF,209,2F40,208,2FFF,7FF,0040,0000,005,0101,208,2FFF
209,F001,20A,2F40,209,F001,7FF,0040,0000,005,0101,209,F001
20A,0A00,20B,2F40,20A,0A00,7FF,0040,0000,005,0101,20A,0A00
20B,0100,20C,2F40,20B,0100,7FF,0040,0000,005,0101,20B,0100
20C,0000,20D,2F40,20C,0000,7FF,0040,0000,005,0101,20C,0000
20D,0000,20E,2F40,20D,0000,7FF,0040,0000,005,0101,20D,0000
20E,0000,20F,2F40,20E,0000,7FF,0040,0000,005,0101,20E,0000
20F,0000,210,2F40,20F,0000,7FF,0040,0000,005,0101,20F,0000
210,0000,211,2F40,210,0000,7FF,0040,0000,005,0101,210,0000
211,0000,212,2F40,211,0000,7FF,0040,0000,005,0101,211,0000
212,0000,213,2F40,212,0000,7FF,0040,0000,005,0101,212,0000
213,0000,214,2F40,213,0000,7FF,0040,0000,005,0101,213,0000
214,0000,215,2F40,214,0000,7FF,0040,0000,005,0101,214,0000
215,0000,216,2F40,215,0000,7FF,0040,0000,005,0101,215,0000
216,0000,217,2F40,216,0000,7FF,0040,0000,005,0101,216,0000
217,0000,218,2F40,217,0000,7FF,0040,0000,005,0101,217,0000
218,0000,219,2F40,218,0000,7FF,0040,0000,005,0101,218,0000
219,0000,21A,2F40,219,0000,7FF,0040,0000,005,0101,219,0000
21A,0000,21B,2F40,21A,0000,7FF,0040,0000,005,0101,21A,0000
21B,0000,21C,2F40,21B,0000,7FF,0040,0000,005,0101,21B,0000
21C,0000,21D,2F40,21C,0000,7FF,0040,0000,005,0101,21C,0000
21D,0000,21E,2F40,21D,0000,7FF,0040,0000,005,0101,21D,0000
21E,0000,21F,2F40,21E,0000,7FF,0040,0000,005,0101,21E,0000
21F,0000,220,2F40,21F,0000,7FF,0040,0000,005,0101,21F,0000
220,0000,221,2F40,220,0000,7FF,0040,0000,005,0101,220,0000
221,0000,222,2F40,221,0000,7FF,0040,0000,005,0101,221,0000
222,0000,223,2F40,222,0000,7FF,0040,0000,005,0101,222,0000
223,0000,224,2F40,223,0000,7FF,0040,0000,005,0101,223,0000
224,0000,225,2F40,224,0000,7FF,0040,0000,005,0101,224,0000
225,0000,226,2F40,225,0000,7FF,0040,0000,005,0101,225,0000
226,0000,227,2F40,226,0000,7FF,0040,0000,005,0101,226,0000
227,0000,228,2F40,227,0000,7FF,0040,0000,005,0101,227,0000
228,0000,229,2F40,228,0000,7FF,0040,0000,005,0101,228,0000
229,0000,22A,2F40,229,0000,7FF,0040,0000,005,0101,229,0000
22A,0000,22B,2F40,22A,0000,7FF,0040,0000,005,0101,22A,0000
22B,0000,22C,2F40,22B,0000,7FF,0040,0000,005,0101,22B,0000
22C,0000,22D,2F40,22C,0000,7FF,0040,0000,005,0101,22C,0000
22D,0000,22E,2F40,22D,0000,7FF,0040,0000,005,0101,22D,0000
22E,0000,22F,2F40,22E,0000,7FF,0040,0000,005,0101,22E,0000
22F,0000,230,2F40,22F,0000,7FF,0040,0000,005,0101,22F,0000
230,0000,231,2F40,230,0000,7FF,0040,0000,005,0101,230,0000
231,0000,232,2F40,231,0000,7FF,0040,0000,005,0101,231,0000
232,0000,233,2F40,232,0000,7FF,0040,0000,005,0101,232,0000
233,0000,234,2F40,233,0000,7FF,0040,0000,005,0101,233,0000
234,0000,235,2F40,234,0000,7FF,0040,0000,005,0101,234,0000
235,0000,236,2F40,235,0000,7FF,0040,0000,005,0101,235,0000
236,0000,237,2F40,236,0000,7FF,0040,0000,005,0101,236,0000
237,0000,238,2F40,237,0000,7FF,0040,0000,005,0101,237,0000
238,0000,239,2F40,238,0000,7FF,0040,0000,005,0101,238,0000
239,0000,23A,2F40,239,0000,7FF,0040,0000,005,0101,239,0000
23A,0000,23B,2F40,23A,0000,7FF,0040,0000,005,0101,23A,0000
23B,0000,23C,2F40,23B,0000,7FF,0040,0000,005,0101,23B,0000
23C,0000,23D,2F40,23C,0000,7FF,0040,0000,005,0101,23C,0000
23D,0000,23E,2F40,23D,0000,7FF,0040,0000,005,0101,23D,0000
23E,0000,23F,2F40,23E,0000,7FF,0040,0000,005,0101,23E,0000
23F,0000,240,2F40,23F,0000,7FF,0040,0000,005,0101,23F,0000
240,0000,241,2F40,240,0000,7FF,0040,0000,005,0101,240,0000
241,0000,242,2F40,241,0000,7FF,0040,0000,005,0101,241,0000
242,0000,243,2F40,242,0000,7FF,0040,0000,005,0101,242,0000
243,0000,244,2F40,243,0000,7FF,0040,0000,005,0101,243,0000
244,0000,245,2F40,244,0000,7FF,0040,0000,005,0101,244,0000
245,0000,246,2F40,245,0000,7FF,0040,0000,005,0101,245,0000
246,0000,247,2F40,246,0000,7FF,0040,0000,005,0101,246,0000
247,0000,248,2F40,247,0000,7FF,0040,0000,005,0101,247,0000
248,0000,249,2F40,248,0000,7FF,0040,0000,005,0101,248,0000
249,0000,24A,2F40,249,0000,7FF,0040,0000,005,0101,249,0000
24A,0000,24B,2F40,24A,0000,7FF,0040,0000,005,0101,24A,0000
24B,0000,24C,2F40,24B,0000,7FF,0040,0000,005,0101,24B,0000
24C,0000,24D,2F40,24C,0000,7FF,0040,0000,005,0101,24C,0000
24D,0000,24E,2F40,24D,0000,7FF,0040,0000,005,0101,24D,0000
24E,0000,24F,2F40,24E,0000,7FF,0040,0000,005,0101,24E,0000
24F,0000,250,2F40,24F,0000,7FF,0040,0000,005,0101,24F,0000
250,0000,251,2F40,250,0000,7FF,0040,0000,005,0101,250,0000
251,0000,252,2F40,251,0000,7FF,0040,0000,005,0101,251,0000
252,0000,253,2F40,252,0000,7FF,0040,0000,005,0101,252,0000
253,0000,254,2F40,253,0000,7FF,0040,0000,005,0101,253,0000
254,0000,255,2F40,254,0000,7FF,0040,0000,005,0101,254,0000
255,0000,256,2F40,255,0000,7FF,0040,0000,005,0101,255,0000
256,0000,257,2F40,256,0000,7FF,0040,0000,005,0101,256,0000
257,0000,258,2F40,257,0000,7FF,0040,0000,005,0101,257,0000
258,0000,259,2F40,258,0000,7FF,0040,0000,005,0101,258,0000
259,0000,25A,2F40,259,0000,7FF,0040,0000,005,0101,259,0000
25A,0000,25B,2F40,25A,0000,7FF,0040,0000,005,0101,25A,0000
25B,0000,25C,2F40,25B,0000,7FF,0040,0000,005,0101,25B,0000
25C,0000,25D,2F40,25C,0000,7FF,0040,0000,005,0101,25C,0000
25D,0000,25E,2F40,25D,0000,7FF,0040,0000,005,0101,25D,0000
25E,0000,25F,2F40,25E,0000,7FF,0040,0000,005,0101,25E,0000
25F,0000,260,2F40,25F,0000,7FF,0040,0000,005,0101,25F,0000
260,0000,261,2F40,260,0000,7FF,0040,0000,005,0101,260,0000
261,0000,262,2F40,261,0000,7FF,0040,0000,005,0101,261,0000
262,0000,263,2F40,262,0000,7FF,0040,0000,005,0101,262,0000
263,0000,264,2F40,263,0000,7FF,0040,0000,005,0101,263,0000
264,0000,265,2F40,264,0000,7FF,0040,0000,005,0101,264,0000
265,0000,266,2F40,265,0000,7FF,0040,0000,005,0101,265,0000
266,0000,267,2F40,266,0000,7FF,0040,0000,005,0101,266,0000
267,0000,268,2F40,267,0000,7FF,0040,0000,005,0101,267,0000
268,0000,269,2F40,268,0000,7FF,0040,0000,005,0101,268,0000
269,0000,26A,2F40,269,0000,7FF,0040,0000,005,0101,269,0000
26A,0000,26B,2F40,26A,0000,7FF,0040,0000,005,0101,26A,0000
26B,0000,26C,2F40,26B,0000,7FF,0040,0000,005,0101,26B,0000
26C,0000,26D,2F40,26C,0000,7FF,0040,0000,005,0101,26C,0000
26D,0000,26E,2F40,26D,0000,7FF,0040,0000,005,0101,26D,0000
26E,0000,26F,2F40,26E,0000,7FF,0040,0000,005,0101,26E,0000
26F,0000,270,2F40,26F,0000,7FF,0040,0000,005,0101,26F,0000
270,0000,271,2F40,270,0000,7FF,0040,0000,005,0101,270,0000
271,0000,272,2F40,271,0000,7FF,0040,0000,005,0101,271,0000
272,0000,273,2F40,272,0000,7FF,0040,0000,005,0101,272,0000
273,0000,274,2F40,273,0000,7FF,0040,0000,005,0101,273,0000
274,0000,275,2F40,274,0000,7FF,0040,0000,005,0101,274,0000
275,0000,276,2F40,275,0000,7FF,0040,0000,005,0101,275,0000
276,0000,277,2F40,276,0000,7FF,0040,0000,005,0101,276,0000
277,0000,278,2F40,277,0000,7FF,0040,0000,005,0101,277,0000
278,0000,279,2F40,278,0000,7FF,0040,0000,005,0101,278,0000
279,0000,27A,2F40,279,0000,7FF,0040,0000,005,0101,279,0000
27A,0000,27B,2F40,27A,0000,7FF,0040,0000,005,0101,27A,0000
27B,0000,27C,2F40,27B,0000,7FF,0040,0000,005,0101,27B,0000
27C,0000,27D,2F40,27C,0000,7FF,0040,0000,005,0101,27C,0000
27D,0000,27E,2F40,27D,0000,7FF,0040,0000,005,0101,27D,0000
27E,0000,27F,2F40,27E,0000,7FF,0040,0000,005,0101,27E,0000
27F,0000,280,2F40,27F,0000,7FF,0040,0000,005,0101,27F,0000
280,0000,281,2F40,280,0000,7FF,0040,0000,005,0101,280,0000
281,0000,282,2F40,281,0000,7FF,0040,0000,005,0101,281,0000
282,0000,283,2F40,282,0000,7FF,0040,0000,005,0101,282,0000
283,0000,284,2F40,283,0000,7FF,0040,0000,005,0101,283,0000
284,0000,285,2F40,284,0000,7FF,0040,0000,005,0101,284,0000
285,0000,286,2F40,285,0000,7FF,0040,0000,005,0101,285,0000
286,0000,287,2F40,286,0000,7FF,0040,0000,005,0101,286,0000
287,0000,288,2F40,287,0000,7FF,0040,0000,005,0101,287,0000
288,0000,289,2F40,288,0000,7FF,0040,0000,005,0101,288,0000
289,0000,28A,2F40,289,0000,7FF,0040,0000,005,0101,289,0000
28A,0000,28B,2F40,28A,0000,7FF,0040,0000,005,0101,28A,0000
28B,0000,28C,2F40,28B,0000,7FF,0040,0000,005,0101,28B,0000
28C,0000,28D,2F40,28C,0000,7FF,0040,0000,005,0101,28C,0000
28D,0000,28E,2F40,28D,0000,7FF,0040,0000,005,0101,28D,0000
28E,0000,28F,2F40,28E,0000,7FF,0040,0000,005,0101,28E,0000
28F,0000,290,2F40,28F,0000,7FF,0040,0000,005,0101,28F,0000
290,0000,291,2F40,290,0000,7FF,0040,0000,005,0101,290,0000
291,0000,292,2F40,291,0000,7FF,0040,0000,005,0101,291,0000
292,0000,293,2F40,292,0000,7FF,0040,0000,005,0101,292,0000
293,0000,294,2F40,293,0000,7FF,0040,0000,005,0101,293,0000
294,0000,295,2F40,294,0000,7FF,0040,0000,005,0101,294,0000
295,0000,296,2F40,295,0000,7FF,0040,0000,005,0101,295,0000
296,0000,297,2F40,296,0000,7FF,0040,0000,005,0101,296,0000
297,0000,298,2F40,297,0000,7FF,0040,0000,005,0101,297,0000
298,0000,299,2F40,298,0000,7FF,0040,0000,005,0101,298,0000
299,0000,29A,2F40,299,0000,7FF,0040,0000,005,0101,299,0000
29A,0000,29B,2F40,29A,0000,7FF,0040,0000,005,0101,29A,0000
29B,0000,29C,2F40,29B,0000,7FF,0040,0000,005,0101,29B,0000
29C,0000,29D,2F40,29C,0000,7FF,0040,0000,005,0101,29C,0000
29D,0000,29E,2F40,29D,0000,7FF,0040,0000,005,0101,29D,0000
29E,0000,29F,2F40,29E,0000,7FF,0040,0000,005,0101,29E,0000
29F,0000,2A0,2F40,29F,0000,7FF,0040,0000,005,0101,29F,0000
2A0,0000,2A1,2F40,2A0,0000,7FF,0040,0000,005,0101,2A0,0000
2A1,0000,2A2,2F40,2A1,0000,7FF,0040,0000,005,0101,2A1,0000
2A2,0000,2A3,2F40,2A2,0000,7FF,0040,0000,005,0101,2A2,0000
2A3,0000,2A4,2F40,2A3,0000,7FF,0040,0000,005,0101,2A3,0000
2A4,0000,2A5,2F40,2A4,0000,7FF,0040,0000,005,0101,2A4,0000
2A5,0000,2A6,2F40,2A5,0000,7FF,0040,0000,005,0101,2A5,0000
2A6,0000,2A7,2F40,2A6,0000,7FF,0040,0000,005,0101,2A6,0000
2A7,0000,2A8,2F40,2A7,0000,7FF,0040,0000,005,0101,2A7,0000
2A8,0000,2A9,2F40,2A8,0000,7FF,0040,0000,005,0101,2A8,0000
2A9,0000,2AA,2F40,2A9,0000,7FF,0040,0000,005,0101,2A9,0000
2AA,0000,2AB,2F40,2AA,0000,7FF,0040,0000,005,0101,2AA,0000
2AB,0000,2AC,2F40,2AB,0000,7FF,0040,0000,005,0101,2AB,0000
2AC,0000,2AD,2F40,2AC,0000,7FF,0040,0000,005,0101,2AC,0000
2AD,0000,2AE,2F40,2AD,0000,7FF,0040,0000,005,0101,2AD,0000
2AE,0000,2AF,2F40,2AE,0000,7FF,0040,0000,005,0101,2AE,0000
2AF,0000,2B0,2F40,2AF,0000,7FF,0040,0000,005,0101,2AF,0000
2B0,0000,2B1,2F40,2B0,0000,7FF,0040,0000,005,0101,2B0,0000
2B1,0000,2B2,2F40,2B1,0000,7FF,0040,0000,005,0101,2B1,0000
2B2,0000,2B3,2F40,2B2,0000,7FF,0040,0000,005,0101,2B2,0000
2B3,0000,2B4,2F40,2B3,0000,7FF,0040,0000,005,0101,2B3,0000
2B4,0000,2B5,2F40,2B4,0000,7FF,0040,0000,005,0101,2B4,0000
2B5,0000,2B6,2F40,2B5,0000,7FF,0040,0000,005,0101,2B5,0000
2B6,0000,2B7,2F40,2B6,0000,7FF,0040,0000,005,0101,2B6,0000
2B7,0000,2B8,2F40,2B7,0000,7FF,0040,0000,005,0101,2B7,0000
2B8,0000,2B9,2F40,2B8,0000,7FF,0040,0000,005,0101,2B8,0000
2B9,0000,2BA,2F40,2B9,0000,7FF,0040,0000,005,0101,2B9,0000
2BA,0000,2BB,2F40,2BA,0000,7FF,0040,0000,005,0101,2BA,0000
2BB,0000,2BC,2F40,2BB,0000,7FF,0040,0000,005,0101,2BB,0000
2BC,0000,2BD,2F40,2BC,0000,7FF,0040,0000,005,0101,2BC,0000
2BD,0000,2BE,2F40,2BD,0000,7FF,0040,0000,005,0101,2BD,0000
2BE,0000,2BF,2F40,2BE,0000,7FF,0040,0000,005,0101,2BE,0000
2BF,0000,2C0,2F40,2BF,0000,7FF,0040,0000,005,0101,2BF,0000
2C0,0000,2C1,2F40,2C0,0000,7FF,0040,0000,005,0101,2C0,0000
2C1,0000,2C2,2F40,2C1,0000,7FF,0040,0000,005,0101,2C1,0000
2C2,0000,2C3,2F40,2C2,0000,7FF,0040,0000,005,0101,2C2,0000
2C3,0000,2C4,2F40,2C3,0000,7FF,0040,0000,005,0101,2C3,0000
2C4,0000,2C5,2F40,2C4,0000,7FF,0040,0000,005,0101,2C4,0000
2C5,0000,2C6,2F40,2C5,0000,7FF,0040,0000,005,0101,2C5,0000
2C6,0000,2C7,2F40,2C6,0000,7FF,0040,0000,005,0101,2C6,0000
2C7,0000,2C8,2F40,2C7,0000,7FF,0040,0000,005,0101,2C7,0000
2C8,0000,2C9,2F40,2C8,0000,7FF,0040,0000,005,0101,2C8,0000
2C9,0000,2CA,2F40,2C9,0000,7FF,0040,0000,005,0101,2C9,0000
2CA,0000,2CB,2F40,2CA,0000,7FF,0040,0000,005,0101,2CA,0000
2CB,0000,2CC,2F40,2CB,0000,7FF,0040,0000,005,0101,2CB,0000
2CC,0000,2CD,2F40,2CC,0000,7FF,0040,0000,005,0101,2CC,0000
2CD,0000,2CE,2F40,2CD,0000,7FF,0040,0000,005,0101,2CD,0000
2CE,0000,2CF,2F40,2CE,0000,7FF,0040,0000,005,0101,2CE,0000
2CF,0000,2D0,2F40,2CF,0000,7FF,0040,0000,005,0101,2CF,0000
2D0,0000,2D1,2F40,2D0,0000,7FF,0040,0000,005,0101,2D0,0000
2D1,0000,2D2,2F40,2D1,0000,7FF,0040,0000,005,0101,2D1,0000
2D2,0000,2D3,2F40,2D2,0000,7FF,0040,0000,005,0101,2D2,0000
2D3,0000,2D4,2F40,2D3,0000,7FF,0040,0000,005,0101,2D3,0000
2D4,0000,2D5,2F40,2D4,0000,7FF,0040,0000,005,0101,2D4,0000
2D5,0000,2D6,2F40,2D5,0000,7FF,0040,0000,005,0101,2D5,0000
2D6,0000,2D7,2F40,2D6,0000,7FF,0040,0000,005,0101,2D6,0000
2D7,0000,2D8,2F40,2D7,0000,7FF,0040,0000,005,0101,2D7,0000
2D8,0000,2D9,2F40,2D8,0000,7FF,0040,0000,005,0101,2D8,0000
2D9,0000,2DA,2F40,2D9,0000,7FF,0040,0000,005,0101,2D9,0000
2DA,0000,2DB,2F40,2DA,0000,7FF,0040,0000,005,0101,2DA,0000
2DB,0000,2DC,2F40,2DB,0000,7FF,0040,0000,005,0101,2DB,0000
2DC,0000,2DD,2F40,2DC,0000,7FF,0040,0000,005,0101,2DC,0000
2DD,0000,2DE,2F40,2DD,0000,7FF,0040,0000,005,0101,2DD,0000
2DE,0000,2DF,2F40,2DE,0000,7FF,0040,0000,005,0101,2DE,0000
2DF,0000,2E0,2F40,2DF,0000,7FF,0040,0000,005,0101,2DF,0000
2E0,0000,2E1,2F40,2E0,0000,7FF,0040,0000,005,0101,2E0,0000
2E1,0000,2E2,2F40,2E1,0000,7FF,0040,0000,005,0101,2E1,0000
2E2,0000,2E3,2F40,2E2,0000,7FF,0040,0000,005,0101,2E2,0000
2E3,0000,2E4,2F40,2E3,0000,7FF,0040,0000,005,0101,2E3,0000
2E4,0000,2E5,2F40,2E4,0000,7FF,0040,0000,005,0101,2E4,0000
2E5,0000,2E6,2F40,2E5,0000,7FF,0040,0000,005,0101,2E5,0000
2E6,0000,2E7,2F40,2E6,0000,7FF,0040,0000,005,0101,2E6,0000
2E7,0000,2E8,2F40,2E7,0000,7FF,0040,0000,005,0101,2E7,0000
2E8,0000,2E9,2F40,2E8,0000,7FF,0040,0000,005,0101,2E8,0000
2E9,0000,2EA,2F40,2E9,0000,7FF,0040,0000,005,0101,2E9,0000
2EA,0000,2EB,2F40,2EA,0000,7FF,0040,0000,005,0101,2EA,0000
2EB,0000,2EC,2F40,2EB,0000,7FF,0040,0000,005,0101,2EB,0000
2EC,0000,2ED,2F40,2EC,0000,7FF,0040,0000,005,0101,2EC,0000
2ED,0000,2EE,2F40,2ED,0000,7FF,0040,0000,005,0101,2ED,0000
2EE,0000,2EF,2F40,2EE,0000,7FF,0040,0000,005,0101,2EE,0000
2EF,0000,2F0,2F40,2EF,0000,7FF,0040,0000,005,0101,2EF,0000
2F0,0000,2F1,2F40,2F0,0000,7FF,0040,0000,005,0101,2F0,0000
2F1,0000,2F2,2F40,2F1,0000,7FF,0040,0000,005,0101,2F1,0000
2F2,0000,2F3,2F40,2F2,0000,7FF,0040,0000,005,0101,2F2,0000
2F3,0000,2F4,2F40,2F3,0000,7FF,0040,0000,005,0101,2F3,0000
2F4,0000,2F5,2F40,2F4,0000,7FF,0040,0000,005,0101,2F4,0000
2F5,0000,2F6,2F40,2F5,0000,7FF,0040,0000,005,0101,2F5,0000
2F6,0000,2F7,2F40,2F6,0000,7FF,0040,0000,005,0101,2F6,0000
2F7,0000,2F8,2F40,2F7,0000,7FF,0040,0000,005,0101,2F7,0000
2F8,0000,2F9,2F40,2F8,0000,7FF,0040,0000,005,0101,2F8,0000
2F9,0000,2FA,2F40,2F9,0000,7FF,0040,0000,005,0101,2F9,0000
2FA,0000,2FB,2F40,2FA,0000,7FF,0040,0000,005,0101,2FA,0000
2FB,0000,2FC,2F40,2FB,0000,7FF,0040,0000,005,0101,2FB,0000
2FC,0000,2FD,2F40,2FC,0000,7FF,0040,0000,005,0101,2FC,0000
2FD,0000,2FE,2F40,2FD,0000,7FF,0040,0000,005,0101,2FD,0000
2FE,0000,2FF,2F40,2FE,0000,7FF,0040,0000,005,0101,2FE,0000
2FF,0000,300,2F40,2FF,0000,7FF,0040,0000,005,0101,2FF,0000
300,0000,301,2F40,300,0000,7FF,0040,0000,005,0101,300,0000
301,0000,302,2F40,301,0000,7FF,0040,0000,005,0101,301,0000
302,0000,303,2F40,302,0000,7FF,0040,0000,005,0101,302,0000
303,0000,304,2F40,303,0000,7FF,0040,0000,005,0101,303,0000
304,0000,305,2F40,304,0000,7FF,0040,0000,005,0101,304,0000
305,0000,306,2F40,305,0000,7FF,0040,0000,005,0101,305,0000
306,0000,307,2F40,306,0000,7FF,0040,0000,005,0101,306,0000
307,0000,308,2F40,307,0000,7FF,0040,0000,005,0101,307,0000
308,0000,309,2F40,308,0000,7FF,0040,0000,005,0101,308,0000
309,0000,30A,2F40,309,0000,7FF,0040,0000,005,0101,309,0000
30A,0000,30B,2F40,30A,0000,7FF,0040,0000,005,0101,30A,0000
30B,0000,30C,2F40,30B,0000,7FF,0040,0000,005,0101,30B,0000
30C,0000,30D,2F40,30C,0000,7FF,0040,0000,005,0101,30C,0000
30D,0000,30E,2F40,30D,0000,7FF,0040,0000,005,0101,30D,0000
30E,0000,30F,2F40,30E,0000,7FF,0040,0000,005,0101,30E,0000
30F,0000,310,2F40,30F,0000,7FF,0040,0000,005,0101,30F,0000
310,0000,311,2F40,310,0000,7FF,0040,0000,005,0101,310,0000
311,0000,312,2F40,311,0000,7FF,0040,0000,005,0101,311,0000
312,0000,313,2F40,312,0000,7FF,0040,0000,005,0101,312,0000
313,0000,314,2F40,313,0000,7FF,0040,0000,005,0101,313,0000
314,0000,315,2F40,314,0000,7FF,0040,0000,005,0101,314,0000
315,0000,316,2F40,315,0000,7FF,0040,0000,005,0101,315,0000
316,0000,317,2F40,316,0000,7FF,0040,0000,005,0101,316,0000
317,0000,318,2F40,317,0000,7FF,0040,0000,005,0101,317,0000
318,0000,319,2F40,318,0000,7FF,0040,0000,005,0101,318,0000
319,0000,31A,2F40,319,0000,7FF,0040,0000,005,0101,319,0000
31A,0000,31B,2F40,31A,0000,7FF,0040,0000,005,0101,31A,0000
31B,0000,31C,2F40,31B,0000,7FF,0040,0000,005,0101,31B,0000
31C,0000,31D,2F40,31C,0000,7FF,0040,0000,005,0101,31C,0000
31D,0000,31E,2F40,31D,0000,7FF,0040,0000,005,0101,31D,0000
31E,0000,31F,2F40,31E,0000,7FF,0040,0000,005,0101,31E,0000
31F,0000,320,2F40,31F,0000,7FF,0040,0000,005,0101,31F,0000
320,0000,321,2F40,320,0000,7FF,0040,0000,005,0101,320,0000
321,0000,322,2F40,321,0000,7FF,0040,0000,005,0101,321,0000
322,0000,323,2F40,322,0000,7FF,0040,0000,005,0101,322,0000
323,0000,324,2F40,323,0000,7FF,0040,0000,005,0101,323,0000
324,0000,325,2F40,324,0000,7FF,0040,0000,005,0101,324,0000
325,0000,326,2F40,325,0000,7FF,0040,0000,005,0101,325,0000
326,0000,327,2F40,326,0000,7FF,0040,0000,005,0101,326,0000
327,0000,328,2F40,327,0000,7FF,0040,0000,005,0101,327,0000
328,0000,329,2F40,328,0000,7FF,0040,0000,005,0101,328,0000
329,0000,32A,2F40,329,0000,7FF,0040,0000,005,0101,329,0000
32A,0000,32B,2F40,32A,0000,7FF,0040,0000,005,0101,32A,0000
32B,0000,32C,2F40,32B,0000,7FF,0040,0000,005,0101,32B,0000
32C,0000,32D,2F40,32C,0000,7FF,0040,0000,005,0101,32C,0000
32D,0000,32E,2F40,32D,0000,7FF,0040,0000,005,0101,32D,0000
32E,0000,32F,2F40,32E,0000,7FF,0040,0000,005,0101,32E,0000
32F,0000,330,2F40,32F,0000,7FF,0040,0000,005,0101,32F,0000
330,0000,331,2F40,330,0000,7FF,0040,0000,005,0101,330,0000
331,0000,332,2F40,331,0000,7FF,0040,0000,005,0101,331,0000
332,0000,333,2F40,332,0000,7FF,0040,0000,005,0101,332,0000
333,0000,334,2F40,333,0000,7FF,0040,0000,005,0101,333,0000
334,0000,335,2F40,334,0000,7FF,0040,0000,005,0101,334,0000
335,0000,336,2F40,335,0000,7FF,0040,0000,005,0101,335,0000
336,0000,337,2F40,336,0000,7FF,0040,0000,005,0101,336,0000
337,0000,338,2F40,337,0000,7FF,0040,0000,005,0101,337,0000
338,0000,339,2F40,338,0000,7FF,0040,0000,005,0101,338,0000
339,0000,33A,2F40,339,0000,7FF,0040,0000,005,0101,339,0000
33A,0000,33B,2F40,33A,0000,7FF,0040,0000,005,0101,33A,0000
33B,0000,33C,2F40,33B,0000,7FF,0040,0000,005,0101,33B,0000
33C,0000,33D,2F40,33C,0000,7FF,0040,0000,005,0101,33C,0000
33D,0000,33E,2F40,33D,0000,7FF,0040,0000,005,0101,33D,0000
33E,0000,33F,2F40,33E,0000,7FF,0040,0000,005,0101,33E,0000
33F,0000,340,2F40,33F,0000,7FF,0040,0000,005,0101,33F,0000
340,0000,341,2F40,340,0000,7FF,0040,0000,005,0101,340,0000
341,0000,342,2F40,341,0000,7FF,0040,0000,005,0101,341,0000
342,0000,343,2F40,342,0000,7FF,0040,0000,005,0101,342,0000
343,0000,344,2F40,343,0000,7FF,0040,0000,005,0101,343,0000
344,0000,345,2F40,344,0000,7FF,0040,0000,005,0101,344,0000
345,0000,346,2F40,345,0000,7FF,0040,0000,005,0101,345,0000
346,0000,347,2F40,346,0000,7FF,0040,0000,005,0101,346,0000
347,0000,348,2F40,347,0000,7FF,0040,0000,005,0101,347,0000
348,0000,349,2F40,348,0000,7FF,0040,0000,005,0101,348,0000
349,0000,34A,2F40,349,0000,7FF,0040,0000,005,0101,349,0000
34A,0000,34B,2F40,34A,0000,7FF,0040,0000,005,0101,34A,0000
34B,0000,34C,2F40,34B,0000,7FF,0040,0000,005,0101,34B,0000
34C,0000,34D,2F40,34C,0000,7FF,0040,0000,005,0101,34C,0000
34D,0000,34E,2F40,34D,0000,7FF,0040,0000,005,0101,34D,0000
34E,0000,34F,2F40,34E,0000,7FF,0040,0000,005,0101,34E,0000
34F,0000,350,2F40,34F,0000,7FF,0040,0000,005,0101,34F,0000
350,0000,351,2F40,350,0000,7FF,0040,0000,005,0101,350,0000
351,0000,352,2F40,351,0000,7FF,0040,0000,005,0101,351,0000
352,0000,353,2F40,352,0000,7FF,0040,0000,005,0101,352,0000
353,0000,354,2F40,353,0000,7FF,0040,0000,005,0101,353,0000
354,0000,355,2F40,354,0000,7FF,0040,0000,005,0101,354,0000
355,0000,356,2F40,355,0000,7FF,0040,0000,005,0101,355,0000
356,0000,357,2F40,356,0000,7FF,0040,0000,005,0101,356,0000
357,0000,358,2F40,357,0000,7FF,0040,0000,005,0101,357,0000
358,0000,359,2F40,358,0000,7FF,0040,0000,005,0101,358,0000
359,0000,35A,2F40,359,0000,7FF,0040,0000,005,0101,359,0000
35A,0000,35B,2F40,35A,0000,7FF,0040,0000,005,0101,35A,0000
35B,0000,35C,2F40,35B,0000,7FF,0040,0000,005,0101,35B,0000
35C,0000,35D,2F40,35C,0000,7FF,0040,0000,005,0101,35C,0000
35D,0000,35E,2F40,35D,0000,7FF,0040,0000,005,0101,35D,0000
35E,0000,35F,2F40,35E,0000,7FF,0040,0000,005,0101,35E,0000
35F,0000,360,2F40,35F,0000,7FF,0040,0000,005,0101,35F,0000
360,0000,361,2F40,360,0000,7FF,0040,0000,005,0101,360,0000
361,0000,362,2F40,361,0000,7FF,0040,0000,005,0101,361,0000
362,0000,363,2F40,362,0000,7FF,0040,0000,005,0101,362,0000
363,0000,364,2F40,363,0000,7FF,0040,0000,005,0101,363,0000
364,0000,365,2F40,364,0000,7FF,0040,0000,005,0101,364,0000
365,0000,366,2F40,365,0000,7FF,0040,0000,005,0101,365,0000
366,0000,367,2F40,366,0000,7FF,0040,0000,005,0101,366,0000
367,0000,368,2F40,367,0000,7FF,0040,0000,005,0101,367,0000
368,0000,369,2F40,368,0000,7FF,0040,0000,005,0101,368,0000
369,0000,36A,2F40,369,0000,7FF,0040,0000,005,0101,369,0000
36A,0000,36B,2F40,36A,0000,7FF,0040,0000,005,0101,36A,0000
36B,0000,36C,2F40,36B,0000,7FF,0040,0000,005,0101,36B,0000
36C,0000,36D,2F40,36C,0000,7FF,0040,0000,005,0101,36C,0000
36D,0000,36E,2F40,36D,0000,7FF,0040,0000,005,0101,36D,0000
36E,0000,36F,2F40,36E,0000,7FF,0040,0000,005,0101,36E,0000
36F,0000,370,2F40,36F,0000,7FF,0040,0000,005,0101,36F,0000
370,0000,371,2F40,370,0000,7FF,0040,0000,005,0101,370,0000
371,0000,372,2F40,371,0000,7FF,0040,0000,005,0101,371,0000
372,0000,373,2F40,372,0000,7FF,0040,0000,005,0101,372,0000
373,0000,374,2F40,373,0000,7FF,0040,0000,005,0101,373,0000
374,0000,375,2F40,374,0000,7FF,0040,0000,005,0101,374,0000
375,0000,376,2F40,375,0000,7FF,0040,0000,005,0101,375,0000
376,0000,377,2F40,376,0000,7FF,0040,0000,005,0101,376,0000
377,0000,378,2F40,377,0000,7FF,0040,0000,005,0101,377,0000
378,0000,379,2F40,378,0000,7FF,0040,0000,005,0101,378,0000
379,0000,37A,2F40,379,0000,7FF,0040,0000,005,0101,379,0000
37A,0000,37B,2F40,37A,0000,7FF,0040,0000,005,0101,37A,0000
37B,0000,37C,2F40,37B,0000,7FF,0040,0000,005,0101,37B,0000
37C,0000,37D,2F40,37C,0000,7FF,0040,0000,005,0101,37C,0000
37D,0000,37E,2F40,37D,0000,7FF,0040,0000,005,0101,37D,0000
37E,0000,37F,2F40,37E,0000,7FF,0040,0000,005,0101,37E,0000
37F,0000,380,2F40,37F,0000,7FF,0040,0000,005,0101,37F,0000
380,0000,381,2F40,380,0000,7FF,0040,0000,005,0101,380,0000
381,0000,382,2F40,381,0000,7FF,0040,0000,005,0101,381,0000
382,0000,383,2F40,382,0000,7FF,0040,0000,005,0101,382,0000
383,0000,384,2F40,383,0000,7FF,0040,0000,005,0101,383,0000
384,0000,385,2F40,384,0000,7FF,0040,0000,005,0101,384,0000
385,0000,386,2F40,385,0000,7FF,0040,0000,005,0101,385,0000
386,0000,387,2F40,386,0000,7FF,0040,0000,005,0101,386,0000
387,0000,388,2F40,387,0000,7FF,0040,0000,005,0101,387,0000
388,0000,389,2F40,388,0000,7FF,0040,0000,005,0101,388,0000
389,0000,38A,2F40,389,0000,7FF,0040,0000,005,0101,389,0000
38A,0000,38B,2F40,38A,0000,7FF,0040,0000,005,0101,38A,0000
38B,0000,38C,2F40,38B,0000,7FF,0040,0000,005,0101,38B,0000
38C,0000,38D,2F40,38C,0000,7FF,0040,0000,005,0101,38C,0000
38D,0000,38E,2F40,38D,0000,7FF,0040,0000,005,0101,38D,0000
38E,0000,38F,2F40,38E,0000,7FF,0040,0000,005,0101,38E,0000
38F,0000,390,2F40,38F,0000,7FF,0040,0000,005,0101,38F,0000
390,0000,391,2F40,390,0000,7FF,0040,0000,005,0101,390,0000
391,0000,392,2F40,391,0000,7FF,0040,0000,005,0101,391,0000
392,0000,393,2F40,392,0000,7FF,0040,0000,005,0101,392,0000
393,0000,394,2F40,393,0000,7FF,0040,0000,005,0101,393,0000
394,0000,395,2F40,394,0000,7FF,0040,0000,005,0101,394,0000
395,0000,396,2F40,395,0000,7FF,0040,0000,005,0101,395,0000
396,0000,397,2F40,396,0000,7FF,0040,0000,005,0101,396,0000
397,0000,398,2F40,397,0000,7FF,0040,0000,005,0101,397,0000
398,0000,399,2F40,398,0000,7FF,0040,0000,005,0101,398,0000
399,0000,39A,2F40,399,0000,7FF,0040,0000,005,0101,399,0000
39A,0000,39B,2F40,39A,0000,7FF,0040,0000,005,0101,39A,0000
39B,0000,39C,2F40,39B,0000,7FF,0040,0000,005,0101,39B,0000
39C,0000,39D,2F40,39C,0000,7FF,0040,0000,005,0101,39C,0000
39D,0000,39E,2F40,39D,0000,7FF,0040,0000,005,0101,39D,0000
39E,0000,39F,2F40,39E,0000,7FF,0040,0000,005,0101,39E,0000
39F,0000,3A0,2F40,39F,0000,7FF,0040,0000,005,0101,39F,0000
3A0,0000,3A1,2F40,3A0,0000,7FF,0040,0000,005,0101,3A0,0000
3A1,0000,3A2,2F40,3A1,0000,7FF,0040,0000,005,0101,3A1,0000
3A2,0000,3A3,2F40,3A2,0000,7FF,0040,0000,005,0101,3A2,0000
3A3,0000,3A4,2F40,3A3,0000,7FF,0040,0000,005,0101,3A3,0000
3A4,0000,3A5,2F40,3A4,0000,7FF,0040,0000,005,0101,3A4,0000
3A5,0000,3A6,2F40,3A5,0000,7FF,0040,0000,005,0101,3A5,0000
3A6,0000,3A7,2F40,3A6,0000,7FF,0040,0000,005,0101,3A6,0000
3A7,0000,3A8,2F40,3A7,0000,7FF,0040,0000,005,0101,3A7,0000
3A8,0000,3A9,2F40,3A8,0000,7FF,0040,0000,005,0101,3A8,0000
3A9,0000,3AA,2F40,3A9,0000,7FF,0040,0000,005,0101,3A9,0000
3AA,0000,3AB,2F40,3AA,0000,7FF,0040,0000,005,0101,3AA,0000
3AB,0000,3AC,2F40,3AB,0000,7FF,0040,0000,005,0101,3AB,0000
3AC,0000,3AD,2F40,3AC,0000,7FF,0040,0000,005,0101,3AC,0000
3AD,0000,3AE,2F40,3AD,0000,7FF,0040,0000,005,0101,3AD,0000
3AE,0000,3AF,2F40,3AE,0000,7FF,0040,0000,005,0101,3AE,0000
3AF,0000,3B0,2F40,3AF,0000,7FF,0040,0000,005,0101,3AF,0000
3B0,0000,3B1,2F40,3B0,0000,7FF,0040,0000,005,0101,3B0,0000
3B1,0000,3B2,2F40,3B1,0000,7FF,0040,0000,005,0101,3B1,0000
3B2,0000,3B3,2F40,3B2,0000,7FF,0040,0000,005,0101,3B2,0000
3B3,0000,3B4,2F40,3B3,0000,7FF,0040,0000,005,0101,3B3,0000
3B4,0000,3B5,2F40,3B4,0000,7FF,0040,0000,005,0101,3B4,0000
3B5,0000,3B6,2F40,3B5,0000,7FF,0040,0000,005,0101,3B5,0000
3B6,0000,3B7,2F40,3B6,0000,7FF,0040,0000,005,0101,3B6,0000
3B7,0000,3B8,2F40,3B7,0000,7FF,0040,0000,005,0101,3B7,0000
3B8,0000,3B9,2F40,3B8,0000,7FF,0040,0000,005,0101,3B8,0000
3B9,0000,3BA,2F40,3B9,0000,7FF,0040,0000,005,0101,3B9,0000
3BA,0000,3BB,2F40,3BA,0000,7FF,0040,0000,005,0101,3BA,0000
3BB,0000,3BC,2F40,3BB,0000,7FF,0040,0000,005,0101,3BB,0000
3BC,0000,3BD,2F40,3BC,0000,7FF,0040,0000,005,0101,3BC,0000
3BD,0000,3BE,2F40,3BD,0000,7FF,0040,0000,005,0101,3BD,0000
3BE,0000,3BF,2F40,3BE,0000,7FF,0040,0000,005,0101,3BE,0000
3BF,0000,3C0,2F40,3BF,0000,7FF,0040,0000,005,0101,3BF,0000
3C0,0000,3C1,2F40,3C0,0000,7FF,0040,0000,005,0101,3C0,0000
3C1,0000,3C2,2F40,3C1,0000,7FF,0040,0000,005,0101,3C1,0000
3C2,0000,3C3,2F40,3C2,0000,7FF,0040,0000,005,0101,3C2,0000
3C3,0000,3C4,2F40,3C3,0000,7FF,0040,0000,005,0101,3C3,0000
3C4,0000,3C5,2F40,3C4,0000,7FF,0040,0000,005,0101,3C4,0000
3C5,0000,3C6,2F40,3C5,0000,7FF,0040,0000,005,0101,3C5,0000
3C6,0000,3C7,2F40,3C6,0000,7FF,0040,0000,005,0101,3C6,0000
3C7,0000,3C8,2F40,3C7,0000,7FF,0040,0000,005,0101,3C7,0000
3C8,0000,3C9,2F40,3C8,0000,7FF,0040,0000,005,0101,3C8,0000
3C9,0000,3CA,2F40,3C9,0000,7FF,0040,0000,005,0101,3C9,0000
3CA,0000,3CB,2F40,3CA,0000,7FF,0040,0000,005,0101,3CA,0000
3CB,0000,3CC,2F40,3CB,0000,7FF,0040,0000,005,0101,3CB,0000
3CC,0000,3CD,2F40,3CC,0000,7FF,0040,0000,005,0101,3CC,0000
3CD,0000,3CE,2F40,3CD,0000,7FF,0040,0000,005,0101,3CD,0000
3CE,0000,3CF,2F40,3CE,0000,7FF,0040,0000,005,0101,3CE,0000
3CF,0000,3D0,2F40,3CF,0000,7FF,0040,0000,005,0101,3CF,0000
3D0,0000,3D1,2F40,3D0,0000,7FF,0040,0000,005,0101,3D0,0000
3D1,0000,3D2,2F40,3D1,0000,7FF,0040,0000,005,0101,3D1,0000
3D2,0000,3D3,2F40,3D2,0000,7FF,0040,0000,005,0101,3D2,0000
3D3,0000,3D4,2F40,3D3,0000,7FF,0040,0000,005,0101,3D3,0000
3D4,0000,3D5,2F40,3D4,0000,7FF,0040,0000,005,0101,3D4,0000
3D5,0000,3D6,2F40,3D5,0000,7FF,0040,0000,005,0101,3D5,0000
3D6,0000,3D7,2F40,3D6,0000,7FF,0040,0000,005,0101,3D6,0000
3D7,0000,3D8,2F40,3D7,0000,7FF,0040,0000,005,0101,3D7,0000
3D8,0000,3D9,2F40,3D8,0000,7FF,0040,0000,005,0101,3D8,0000
3D9,0000,3DA,2F40,3D9,0000,7FF,0040,0000,005,0101,3D9,0000
3DA,0000,3DB,2F40,3DA,0000,7FF,0040,0000,005,0101,3DA,0000
3DB,0000,3DC,2F40,3DB,0000,7FF,0040,0000,005,0101,3DB,0000
3DC,0000,3DD,2F40,3DC,0000,7FF,0040,0000,005,0101,3DC,0000
3DD,0000,3DE,2F40,3DD,0000,7FF,0040,0000,005,0101,3DD,0000
3DE,0000,3DF,2F40,3DE,0000,7FF,0040,0000,005,0101,3DE,0000
3DF,0000,3E0,2F40,3DF,0000,7FF,0040,0000,005,0101,3DF,0000
3E0,0000,3E1,2F40,3E0,0000,7FF,0040,0000,005,0101,3E0,0000
3E1,0000,3E2,2F40,3E1,0000,7FF,0040,0000,005,0101,3E1,0000
3E2,0000,3E3,2F40,3E2,0000,7FF,0040,0000,005,0101,3E2,0000
3E3,0000,3E4,2F40,3E3,0000,7FF,0040,0000,005,0101,3E3,0000
3E4,0000,3E5,2F40,3E4,0000,7FF,0040,0000,005,0101,3E4,0000
3E5,0000,3E6,2F40,3E5,0000,7FF,0040,0000,005,0101,3E5,0000
3E6,0000,3E7,2F40,3E6,0000,7FF,0040,0000,005,0101,3E6,0000
3E7,0000,3E8,2F40,3E7,0000,7FF,0040,0000,005,0101,3E7,0000
3E8,0000,3E9,2F40,3E8,0000,7FF,0040,0000,005,0101,3E8,0000
3E9,0000,3EA,2F40,3E9,0000,7FF,0040,0000,005,0101,3E9,0000
3EA,0000,3EB,2F40,3EA,0000,7FF,0040,0000,005,0101,3EA,0000
3EB,0000,3EC,2F40,3EB,0000,7FF,0040,0000,005,0101,3EB,0000
3EC,0000,3ED,2F40,3EC,0000,7FF,0040,0000,005,0101,3EC,0000
3ED,0000,3EE,2F40,3ED,0000,7FF,0040,0000,005,0101,3ED,0000
3EE,0000,3EF,2F40,3EE,0000,7FF,0040,0000,005,0101,3EE,0000
3EF,0000,3F0,2F40,3EF,0000,7FF,0040,0000,005,0101,3EF,0000
3F0,0000,3F1,2F40,3F0,0000,7FF,0040,0000,005,0101,3F0,0000
3F1,0000,3F2,2F40,3F1,0000,7FF,0040,0000,005,0101,3F1,0000
3F2,0000,3F3,2F40,3F2,0000,7FF,0040,0000,005,0101,3F2,0000
3F3,0000,3F4,2F40,3F3,0000,7FF,0040,0000,005,0101,3F3,0000
3F4,0000,3F5,2F40,3F4,0000,7FF,0040,0000,005,0101,3F4,0000
3F5,0000,3F6,2F40,3F5,0000,7FF,0040,0000,005,0101,3F5,0000
3F6,0000,3F7,2F40,3F6,0000,7FF,0040,0000,005,0101,3F6,0000
3F7,0000,3F8,2F40,3F7,0000,7FF,0040,0000,005,0101,3F7,0000
3F8,0000,3F9,2F40,3F8,0000,7FF,0040,0000,005,0101,3F8,0000
3F9,0000,3FA,2F40,3F9,0000,7FF,0040,0000,005,0101,3F9,0000
3FA,0000,3FB,2F40,3FA,0000,7FF,0040,0000,005,0101,3FA,0000
3FB,0000,3FC,2F40,3FB,0000,7FF,0040,0000,005,0101,3FB,0000
3FC,0000,3FD,2F40,3FC,0000,7FF,0040,0000,005,0101,3FC,0000
3FD,0000,3FE,2F40,3FD,0000,7FF,0040,0000,005,0101,3FD,0000
3FE,0000,3FF,2F40,3FE,0000,7FF,0040,0000,005,0101,3FE,0000
3FF,0000,400,2F40,3FF,0000,7FF,0040,0000,005,0101,3FF,0000
400,0000,401,2F40,400,0000,7FF,0040,0000,005,0101,400,0000
401,0000,402,2F40,401,0000,7FF,0040,0000,005,0101,401,0000
402,0000,403,2F40,402,0000,7FF,0040,0000,005,0101,402,0000
403,0000,404,2F40,403,0000,7FF,0040,0000,005,0101,403,0000
404,0000,405,2F40,404,0000,7FF,0040,0000,005,0101,404,0000
405,0000,406,2F40,405,0000,7FF,0040,0000,005,0101,405,0000
406,0000,407,2F40,406,0000,7FF,0040,0000,005,0101,406,0000
407,0000,408,2F40,407,0000,7FF,0040,0000,005,0101,407,0000
408,0000,409,2F40,408,0000,7FF,0040,0000,005,0101,408,0000
409,0000,40A,2F40,409,0000,7FF,0040,0000,005,0101,409,0000
40A,0000,40B,2F40,40A,0000,7FF,0040,0000,005,0101,40A,0000
40B,0000,40C,2F40,40B,0000,7FF,0040,0000,005,0101,40B,0000
40C,0000,40D,2F40,40C,0000,7FF,0040,0000,005,0101,40C,0000
40D,0000,40E,2F40,40D,0000,7FF,0040,0000,005,0101,40D,0000
40E,0000,40F,2F40,40E,0000,7FF,0040,0000,005,0101,40E,0000
40F,0000,410,2F40,40F,0000,7FF,0040,0000,005,0101,40F,0000
410,0000,411,2F40,410,0000,7FF,0040,0000,005,0101,410,0000
411,0000,412,2F40,411,0000,7FF,0040,0000,005,0101,411,0000
412,0000,413,2F40,412,0000,7FF,0040,0000,005,0101,412,0000
413,0000,414,2F40,413,0000,7FF,0040,0000,005,0101,413,0000
414,0000,415,2F40,414,0000,7FF,0040,0000,005,0101,414,0000
415,0000,416,2F40,415,0000,7FF,0040,0000,005,0101,415,0000
416,0000,417,2F40,416,0000,7FF,0040,0000,005,0101,416,0000
417,0000,418,2F40,417,0000,7FF,0040,0000,005,0101,417,0000
418,0000,419,2F40,418,0000,7FF,0040,0000,005,0101,418,0000
419,0000,41A,2F40,419,0000,7FF,0040,0000,005,0101,419,0000
41A,0000,41B,2F40,41A,0000,7FF,0040,0000,005,0101,41A,0000
41B,0000,41C,2F40,41B,0000,7FF,0040,0000,005,0101,41B,0000
41C,0000,41D,2F40,41C,0000,7FF,0040,0000,005,0101,41C,0000
41D,0000,41E,2F40,41D,0000,7FF,0040,0000,005,0101,41D,0000
41E,0000,41F,2F40,41E,0000,7FF,0040,0000,005,0101,41E,0000
41F,0000,420,2F40,41F,0000,7FF,0040,0000,005,0101,41F,0000
420,0000,421,2F40,420,0000,7FF,0040,0000,005,0101,420,0000
421,0000,422,2F40,421,0000,7FF,0040,0000,005,0101,421,0000
422,0000,423,2F40,422,0000,7FF,0040,0000,005,0101,422,0000
423,0000,424,2F40,423,0000,7FF,0040,0000,005,0101,423,0000
424,0000,425,2F40,424,0000,7FF,0040,0000,005,0101,424,0000
425,0000,426,2F40,425,0000,7FF,0040,0000,005,0101,425,0000
426,0000,427,2F40,426,0000,7FF,0040,0000,005,0101,426,0000
427,0000,428,2F40,427,0000,7FF,0040,0000,005,0101,427,0000
428,0000,429,2F40,428,0000,7FF,0040,0000,005,0101,428,0000
429,0000,42A,2F40,429,0000,7FF,0040,0000,005,0101,429,0000
42A,0000,42B,2F40,42A,0000,7FF,0040,0000,005,0101,42A,0000
42B,0000,42C,2F40,42B,0000,7FF,0040,0000,005,0101,42B,0000
42C,0000,42D,2F40,42C,0000,7FF,0040,0000,005,0101,42C,0000
42D,0000,42E,2F40,42D,0000,7FF,0040,0000,005,0101,42D,0000
42E,0000,42F,2F40,42E,0000,7FF,0040,0000,005,0101,42E,0000
42F,0000,430,2F40,42F,0000,7FF,0040,0000,005,0101,42F,0000
430,0000,431,2F40,430,0000,7FF,0040,0000,005,0101,430,0000
431,0000,432,2F40,431,0000,7FF,0040,0000,005,0101,431,0000
432,0000,433,2F40,432,0000,7FF,0040,0000,005,0101,432,0000
433,0000,434,2F40,433,0000,7FF,0040,0000,005,0101,433,0000
434,0000,435,2F40,434,0000,7FF,0040,0000,005,0101,434,0000
435,0000,436,2F40,435,0000,7FF,0040,0000,005,0101,435,0000
436,0000,437,2F40,436,0000,7FF,0040,0000,005,0101,436,0000
437,0000,438,2F40,437,0000,7FF,0040,0000,005,0101,437,0000
438,0000,439,2F40,438,0000,7FF,0040,0000,005,0101,438,0000
439,0000,43A,2F40,439,0000,7FF,0040,0000,005,0101,439,0000
43A,0000,43B,2F40,43A,0000,7FF,0040,0000,005,0101,43A,0000
43B,0000,43C,2F40,43B,0000,7FF,0040,0000,005,0101,43B,0000
43C,0000,43D,2F40,43C,0000,7FF,0040,0000,005,0101,43C,0000
43D,0000,43E,2F40,43D,0000,7FF,0040,0000,005,0101,43D,0000
43E,0000,43F,2F40,43E,0000,7FF,0040,0000,005,0101,43E,0000
43F,0000,440,2F40,43F,0000,7FF,0040,0000,005,0101,43F,0000
440,0000,441,2F40,440,0000,7FF,0040,0000,005,0101,440,0000
441,0000,442,2F40,441,0000,7FF,0040,0000,005,0101,441,0000
442,0000,443,2F40,442,0000,7FF,0040,0000,005,0101,442,0000
443,0000,444,2F40,443,0000,7FF,0040,0000,005,0101,443,0000
444,0000,445,2F40,444,0000,7FF,0040,0000,005,0101,444,0000
445,0000,446,2F40,445,0000,7FF,0040,0000,005,0101,445,0000
446,0000,447,2F40,446,0000,7FF,0040,0000,005,0101,446,0000
447,0000,448,2F40,447,0000,7FF,0040,0000,005,0101,447,0000
448,0000,449,2F40,448,0000,7FF,0040,0000,005,0101,448,0000
449,0000,44A,2F40,449,0000,7FF,0040,0000,005,0101,449,0000
44A,0000,44B,2F40,44A,0000,7FF,0040,0000,005,0101,44A,0000
44B,0000,44C,2F40,44B,0000,7FF,0040,0000,005,0101,44B,0000
44C,0000,44D,2F40,44C,0000,7FF,0040,0000,005,0101,44C,0000
44D,0000,44E,2F40,44D,0000,7FF,0040,0000,005,0101,44D,0000
44E,0000,44F,2F40,44E,0000,7FF,0040,0000,005,0101,44E,0000
44F,0000,450,2F40,44F,0000,7FF,0040,0000,005,0101,44F,0000
450,0000,451,2F40,450,0000,7FF,0040,0000,005,0101,450,0000
451,0000,452,2F40,451,0000,7FF,0040,0000,005,0101,451,0000
452,0000,453,2F40,452,0000,7FF,0040,0000,005,0101,452,0000
453,0000,454,2F40,453,0000,7FF,0040,0000,005,0101,453,0000
454,0000,455,2F40,454,0000,7FF,0040,0000,005,0101,454,0000
455,0000,456,2F40,455,0000,7FF,0040,0000,005,0101,455,0000
456,0000,457,2F40,456,0000,7FF,0040,0000,005,0101,456,0000
457,0000,458,2F40,457,0000,7FF,0040,0000,005,0101,457,0000
458,0000,459,2F40,458,0000,7FF,0040,0000,005,0101,458,0000
459,0000,45A,2F40,459,0000,7FF,0040,0000,005,0101,459,0000
45A,0000,45B,2F40,45A,0000,7FF,0040,0000,005,0101,45A,0000
45B,0000,45C,2F40,45B,0000,7FF,0040,0000,005,0101,45B,0000
45C,0000,45D,2F40,45C,0000,7FF,0040,0000,005,0101,45C,0000
45D,0000,45E,2F40,45D,0000,7FF,0040,0000,005,0101,45D,0000
45E,0000,45F,2F40,45E,0000,7FF,0040,0000,005,0101,45E,0000
45F,0000,460,2F40,45F,0000,7FF,0040,0000,005,0101,45F,0000
460,0000,461,2F40,460,0000,7FF,0040,0000,005,0101,460,0000
461,0000,462,2F40,461,0000,7FF,0040,0000,005,0101,461,0000
462,0000,463,2F40,462,0000,7FF,0040,0000,005,0101,462,0000
463,0000,464,2F40,463,0000,7FF,0040,0000,005,0101,463,0000
464,0000,465,2F40,464,0000,7FF,0040,0000,005,0101,464,0000
465,0000,466,2F40,465,0000,7FF,0040,0000,005,0101,465,0000
466,0000,467,2F40,466,0000,7FF,0040,0000,005,0101,466,0000
467,0000,468,2F40,467,0000,7FF,0040,0000,005,0101,467,0000
468,0000,469,2F40,468,0000,7FF,0040,0000,005,0101,468,0000
469,0000,46A,2F40,469,0000,7FF,0040,0000,005,0101,469,0000
46A,0000,46B,2F40,46A,0000,7FF,0040,0000,005,0101,46A,0000
46B,0000,46C,2F40,46B,0000,7FF,0040,0000,005,0101,46B,0000
46C,0000,46D,2F40,46C,0000,7FF,0040,0000,005,0101,46C,0000
46D,0000,46E,2F40,46D,0000,7FF,0040,0000,005,0101,46D,0000
46E,0000,46F,2F40,46E,0000,7FF,0040,0000,005,0101,46E,0000
46F,0000,470,2F40,46F,0000,7FF,0040,0000,005,0101,46F,0000
470,0000,471,2F40,470,0000,7FF,0040,0000,005,0101,470,0000
471,0000,472,2F40,471,0000,7FF,0040,0000,005,0101,471,0000
472,0000,473,2F40,472,0000,7FF,0040,0000,005,0101,472,0000
473,0000,474,2F40,473,0000,7FF,0040,0000,005,0101,473,0000
474,0000,475,2F40,474,0000,7FF,0040,0000,005,0101,474,0000
475,0000,476,2F40,475,0000,7FF,0040,0000,005,0101,475,0000
476,0000,477,2F40,476,0000,7FF,0040,0000,005,0101,476,0000
477,0000,478,2F40,477,0000,7FF,0040,0000,005,0101,477,0000
478,0000,479,2F40,478,0000,7FF,0040,0000,005,0101,478,0000
479,0000,47A,2F40,479,0000,7FF,0040,0000,005,0101,479,0000
47A,0000,47B,2F40,47A,0000,7FF,0040,0000,005,0101,47A,0000
47B,0000,47C,2F40,47B,0000,7FF,0040,0000,005,0101,47B,0000
47C,0000,47D,2F40,47C,0000,7FF,0040,0000,005,0101,47C,0000
47D,0000,47E,2F40,47D,0000,7FF,0040,0000,005,0101,47D,0000
47E,0000,47F,2F40,47E,0000,7FF,0040,0000,005,0101,47E,0000
47F,0000,480,2F40,47F,0000,7FF,0040,0000,005,0101,47F,0000
480,0000,481,2F40,480,0000,7FF,0040,0000,005,0101,480,0000
481,0000,482,2F40,481,0000,7FF,0040,0000,005,0101,481,0000
482,0000,483,2F40,482,0000,7FF,0040,0000,005,0101,482,0000
483,0000,484,2F40,483,0000,7FF,0040,0000,005,0101,483,0000
484,0000,485,2F40,484,0000,7FF,0040,0000,005,0101,484,0000
485,0000,486,2F40,485,0000,7FF,0040,0000,005,0101,485,0000
486,0000,487,2F40,486,0000,7FF,0040,0000,005,0101,486,0000
487,0000,488,2F40,487,0000,7FF,0040,0000,005,0101,487,0000
488,0000,489,2F40,488,0000,7FF,0040,0000,005,0101,488,0000
489,0000,48A,2F40,489,0000,7FF,0040,0000,005,0101,489,0000
48A,0000,48B,2F40,48A,0000,7FF,0040,0000,005,0101,48A,0000
48B,0000,48C,2F40,48B,0000,7FF,0040,0000,005,0101,48B,0000
48C,0000,48D,2F40,48C,0000,7FF,0040,0000,005,0101,48C,0000
48D,0000,48E,2F40,48D,0000,7FF,0040,0000,005,0101,48D,0000
48E,0000,48F,2F40,48E,0000,7FF,0040,0000,005,0101,48E,0000
48F,0000,490,2F40,48F,0000,7FF,0040,0000,005,0101,48F,0000
490,0000,491,2F40,490,0000,7FF,0040,0000,005,0101,490,0000
491,0000,492,2F40,491,0000,7FF,0040,0000,005,0101,491,0000
492,0000,493,2F40,492,0000,7FF,0040,0000,005,0101,492,0000
493,0000,494,2F40,493,0000,7FF,0040,0000,005,0101,493,0000
494,0000,495,2F40,494,0000,7FF,0040,0000,005,0101,494,0000
495,0000,496,2F40,495,0000,7FF,0040,0000,005,0101,495,0000
496,0000,497,2F40,496,0000,7FF,0040,0000,005,0101,496,0000
497,0000,498,2F40,497,0000,7FF,0040,0000,005,0101,497,0000
498,0000,499,2F40,498,0000,7FF,0040,0000,005,0101,498,0000
499,0000,49A,2F40,499,0000,7FF,0040,0000,005,0101,499,0000
49A,0000,49B,2F40,49A,0000,7FF,0040,0000,005,0101,49A,0000
49B,0000,49C,2F40,49B,0000,7FF,0040,0000,005,0101,49B,0000
49C,0000,49D,2F40,49C,0000,7FF,0040,0000,005,0101,49C,0000
49D,0000,49E,2F40,49D,0000,7FF,0040,0000,005,0101,49D,0000
49E,0000,49F,2F40,49E,0000,7FF,0040,0000,005,0101,49E,0000
49F,0000,4A0,2F40,49F,0000,7FF,0040,0000,005,0101,49F,0000
4A0,0000,4A1,2F40,4A0,0000,7FF,0040,0000,005,0101,4A0,0000
4A1,0000,4A2,2F40,4A1,0000,7FF,0040,0000,005,0101,4A1,0000
4A2,0000,4A3,2F40,4A2,0000,7FF,0040,0000,005,0101,4A2,0000
4A3,0000,4A4,2F40,4A3,0000,7FF,0040,0000,005,0101,4A3,0000
4A4,0000,4A5,2F40,4A4,0000,7FF,0040,0000,005,0101,4A4,0000
4A5,0000,4A6,2F40,4A5,0000,7FF,0040,0000,005,0101,4A5,0000
4A6,0000,4A7,2F40,4A6,0000,7FF,0040,0000,005,0101,4A6,0000
4A7,0000,4A8,2F40,4A7,0000,7FF,0040,0000,005,0101,4A7,0000
4A8,0000,4A9,2F40,4A8,0000,7FF,0040,0000,005,0101,4A8,0000
4A9,0000,4AA,2F40,4A9,0000,7FF,0040,0000,005,0101,4A9,0000
4AA,0000,4AB,2F40,4AA,0000,7FF,0040,0000,005,0101,4AA,0000
4AB,0000,4AC,2F40,4AB,0000,7FF,0040,0000,005,0101,4AB,0000
4AC,0000,4AD,2F40,4AC,0000,7FF,0040,0000,005,0101,4AC,0000
4AD,0000,4AE,2F40,4AD,0000,7FF,0040,0000,005,0101,4AD,0000
4AE,0000,4AF,2F40,4AE,0000,7FF,0040,0000,005,0101,4AE,0000
4AF,0000,4B0,2F40,4AF,0000,7FF,0040,0000,005,0101,4AF,0000
4B0,0000,4B1,2F40,4B0,0000,7FF,0040,0000,005,0101,4B0,0000
4B1,0000,4B2,2F40,4B1,0000,7FF,0040,0000,005,0101,4B1,0000
4B2,0000,4B3,2F40,4B2,0000,7FF,0040,0000,005,0101,4B2,0000
4B3,0000,4B4,2F40,4B3,0000,7FF,0040,0000,005,0101,4B3,0000
4B4,0000,4B5,2F40,4B4,0000,7FF,0040,0000,005,0101,4B4,0000
4B5,0000,4B6,2F40,4B5,0000,7FF,0040,0000,005,0101,4B5,0000
4B6,0000,4B7,2F40,4B6,0000,7FF,0040,0000,005,0101,4B6,0000
4B7,0000,4B8,2F40,4B7,0000,7FF,0040,0000,005,0101,4B7,0000
4B8,0000,4B9,2F40,4B8,0000,7FF,0040,0000,005,0101,4B8,0000
4B9,0000,4BA,2F40,4B9,0000,7FF,0040,0000,005,0101,4B9,0000
4BA,0000,4BB,2F40,4BA,0000,7FF,0040,0000,005,0101,4BA,0000
4BB,0000,4BC,2F40,4BB,0000,7FF,0040,0000,005,0101,4BB,0000
4BC,0000,4BD,2F40,4BC,0000,7FF,0040,0000,005,0101,4BC,0000
4BD,0000,4BE,2F40,4BD,0000,7FF,0040,0000,005,0101,4BD,0000
4BE,0000,4BF,2F40,4BE,0000,7FF,0040,0000,005,0101,4BE,0000
4BF,0000,4C0,2F40,4BF,0000,7FF,0040,0000,005,0101,4BF,0000
4C0,0000,4C1,2F40,4C0,0000,7FF,0040,0000,005,0101,4C0,0000
4C1,0000,4C2,2F40,4C1,0000,7FF,0040,0000,005,0101,4C1,0000
4C2,0000,4C3,2F40,4C2,0000,7FF,0040,0000,005,0101,4C2,0000
4C3,0000,4C4,2F40,4C3,0000,7FF,0040,0000,005,0101,4C3,0000
4C4,0000,4C5,2F40,4C4,0000,7FF,0040,0000,005,0101,4C4,0000
4C5,0000,4C6,2F40,4C5,0000,7FF,0040,0000,005,0101,4C5,0000
4C6,0000,4C7,2F40,4C6,0000,7FF,0040,0000,005,0101,4C6,0000
4C7,0000,4C8,2F40,4C7,0000,7FF,0040,0000,005,0101,4C7,0000
4C8,0000,4C9,2F40,4C8,0000,7FF,0040,0000,005,0101,4C8,0000
4C9,0000,4CA,2F40,4C9,0000,7FF,0040,0000,005,0101,4C9,0000
4CA,0000,4CB,2F40,4CA,0000,7FF,0040,0000,005,0101,4CA,0000
4CB,0000,4CC,2F40,4CB,0000,7FF,0040,0000,005,0101,4CB,0000
4CC,0000,4CD,2F40,4CC,0000,7FF,0040,0000,005,0101,4CC,0000
4CD,0000,4CE,2F40,4CD,0000,7FF,0040,0000,005,0101,4CD,0000
4CE,0000,4CF,2F40,4CE,0000,7FF,0040,0000,005,0101,4CE,0000
4CF,0000,4D0,2F40,4CF,0000,7FF,0040,0000,005,0101,4CF,0000
4D0,0000,4D1,2F40,4D0,0000,7FF,0040,0000,005,0101,4D0,0000
4D1,0000,4D2,2F40,4D1,0000,7FF,0040,0000,005,0101,4D1,0000
4D2,0000,4D3,2F40,4D2,0000,7FF,0040,0000,005,0101,4D2,0000
4D3,0000,4D4,2F40,4D3,0000,7FF,0040,0000,005,0101,4D3,0000
4D4,0000,4D5,2F40,4D4,0000,7FF,0040,0000,005,0101,4D4,0000
4D5,0000,4D6,2F40,4D5,0000,7FF,0040,0000,005,0101,4D5,0000
4D6,0000,4D7,2F40,4D6,0000,7FF,0040,0000,005,0101,4D6,0000
4D7,0000,4D8,2F40,4D7,0000,7FF,0040,0000,005,0101,4D7,0000
4D8,0000,4D9,2F40,4D8,0000,7FF,0040,0000,005,0101,4D8,0000
4D9,0000,4DA,2F40,4D9,0000,7FF,0040,0000,005,0101,4D9,0000
4DA,0000,4DB,2F40,4DA,0000,7FF,0040,0000,005,0101,4DA,0000
4DB,0000,4DC,2F40,4DB,0000,7FF,0040,0000,005,0101,4DB,0000
4DC,0000,4DD,2F40,4DC,0000,7FF,0040,0000,005,0101,4DC,0000
4DD,0000,4DE,2F40,4DD,0000,7FF,0040,0000,005,0101,4DD,0000
4DE,0000,4DF,2F40,4DE,0000,7FF,0040,0000,005,0101,4DE,0000
4DF,0000,4E0,2F40,4DF,0000,7FF,0040,0000,005,0101,4DF,0000
4E0,0000,4E1,2F40,4E0,0000,7FF,0040,0000,005,0101,4E0,0000
4E1,0000,4E2,2F40,4E1,0000,7FF,0040,0000,005,0101,4E1,0000
4E2,0000,4E3,2F40,4E2,0000,7FF,0040,0000,005,0101,4E2,0000
4E3,0000,4E4,2F40,4E3,0000,7FF,0040,0000,005,0101,4E3,0000
4E4,0000,4E5,2F40,4E4,0000,7FF,0040,0000,005,0101,4E4,0000
4E5,0000,4E6,2F40,4E5,0000,7FF,0040,0000,005,0101,4E5,0000
4E6,0000,4E7,2F40,4E6,0000,7FF,0040,0000,005,0101,4E6,0000
4E7,0000,4E8,2F40,4E7,0000,7FF,0040,0000,005,0101,4E7,0000
4E8,0000,4E9,2F40,4E8,0000,7FF,0040,0000,005,0101,4E8,0000
4E9,0000,4EA,2F40,4E9,0000,7FF,0040,0000,005,0101,4E9,0000
4EA,0000,4EB,2F40,4EA,0000,7FF,0040,0000,005,0101,4EA,0000
4EB,0000,4EC,2F40,4EB,0000,7FF,0040,0000,005,0101,4EB,0000
4EC,0000,4ED,2F40,4EC,0000,7FF,0040,0000,005,0101,4EC,0000
4ED,0000,4EE,2F40,4ED,0000,7FF,0040,0000,005,0101,4ED,0000
4EE,0000,4EF,2F40,4EE,0000,7FF,0040,0000,005,0101,4EE,0000
4EF,0000,4F0,2F40,4EF,0000,7FF,0040,0000,005,0101,4EF,0000
4F0,0000,4F1,2F40,4F0,0000,7FF,0040,0000,005,0101,4F0,0000
4F1,0000,4F2,2F40,4F1,0000,7FF,0040,0000,005,0101,4F1,0000
4F2,0000,4F3,2F40,4F2,0000,7FF,0040,0000,005,0101,4F2,0000
4F3,0000,4F4,2F40,4F3,0000,7FF,0040,0000,005,0101,4F3,0000
4F4,0000,4F5,2F40,4F4,0000,7FF,0040,0000,005,0101,4F4,0000
4F5,0000,4F6,2F40,4F5,0000,7FF,0040,0000,005,0101,4F5,0000
4F6,0000,4F7,2F40,4F6,0000,7FF,0040,0000,005,0101,4F6,0000
4F7,0000,4F8,2F40,4F7,0000,7FF,0040,0000,005,0101,4F7,0000
4F8,0000,4F9,2F40,4F8,0000,7FF,0040,0000,005,0101,4F8,0000
4F9,0000,4FA,2F40,4F9,0000,7FF,0040,0000,005,0101,4F9,0000
4FA,0000,4FB,2F40,4FA,0000,7FF,0040,0000,005,0101,4FA,0000
4FB,0000,4FC,2F40,4FB,0000,7FF,0040,0000,005,0101,4FB,0000
4FC,0000,4FD,2F40,4FC,0000,7FF,0040,0000,005,0101,4FC,0000
4FD,0000,4FE,2F40,4FD,0000,7FF,0040,0000,005,0101,4FD,0000
4FE,0000,4FF,2F40,4FE,0000,7FF,0040,0000,005,0101,4FE,0000
4FF,0000,500,2F40,4FF,0000,7FF,0040,0000,005,0101,4FF,0000
500,0000,501,2F40,500,0000,7FF,0040,0000,005,0101,500,0000
501,0000,502,2F40,501,0000,7FF,0040,0000,005,0101,501,0000
502,0000,503,2F40,502,0000,7FF,0040,0000,005,0101,502,0000
503,0000,504,2F40,503,0000,7FF,0040,0000,005,0101,503,0000
504,0000,505,2F40,504,0000,7FF,0040,0000,005,0101,504,0000
505,0000,506,2F40,505,0000,7FF,0040,0000,005,0101,505,0000
506,0000,507,2F40,506,0000,7FF,0040,0000,005,0101,506,0000
507,0000,508,2F40,507,0000,7FF,0040,0000,005,0101,507,0000
508,0000,509,2F40,508,0000,7FF,0040,0000,005,0101,508,0000
509,0000,50A,2F40,509,0000,7FF,0040,0000,005,0101,509,0000
50A,0000,50B,2F40,50A,0000,7FF,0040,0000,005,0101,50A,0000
50B,0000,50C,2F40,50B,0000,7FF,0040,0000,005,0101,50B,0000
50C,0000,50D,2F40,50C,0000,7FF,0040,0000,005,0101,50C,0000
50D,0000,50E,2F40,50D,0000,7FF,0040,0000,005,0101,50D,0000
50E,0000,50F,2F40,50E,0000,7FF,0040,0000,005,0101,50E,0000
50F,0000,510,2F40,50F,0000,7FF,0040,0000,005,0101,50F,0000
510,0000,511,2F40,510,0000,7FF,0040,0000,005,0101,510,0000
511,0000,512,2F40,511,0000,7FF,0040,0000,005,0101,511,0000
512,0000,513,2F40,512,0000,7FF,0040,0000,005,0101,512,0000
513,0000,514,2F40,513,0000,7FF,0040,0000,005,0101,513,0000
514,0000,515,2F40,514,0000,7FF,0040,0000,005,0101,514,0000
515,0000,516,2F40,515,0000,7FF,0040,0000,005,0101,515,0000
516,0000,517,2F40,516,0000,7FF,0040,0000,005,0101,516,0000
517,0000,518,2F40,517,0000,7FF,0040,0000,005,0101,517,0000
518,0000,519,2F40,518,0000,7FF,0040,0000,005,0101,518,0000
519,0000,51A,2F40,519,0000,7FF,0040,0000,005,0101,519,0000
51A,0000,51B,2F40,51A,0000,7FF,0040,0000,005,0101,51A,0000
51B,0000,51C,2F40,51B,0000,7FF,0040,0000,005,0101,51B,0000
51C,0000,51D,2F40,51C,0000,7FF,0040,0000,005,0101,51C,0000
51D,0000,51E,2F40,51D,0000,7FF,0040,0000,005,0101,51D,0000
51E,0000,51F,2F40,51E,0000,7FF,0040,0000,005,0101,51E,0000
51F,0000,520,2F40,51F,0000,7FF,0040,0000,005,0101,51F,0000
520,0000,521,2F40,520,0000,7FF,0040,0000,005,0101,520,0000
521,0000,522,2F40,521,0000,7FF,0040,0000,005,0101,521,0000
522,0000,523,2F40,522,0000,7FF,0040,0000,005,0101,522,0000
523,0000,524,2F40,523,0000,7FF,0040,0000,005,0101,523,0000
524,0000,525,2F40,524,0000,7FF,0040,0000,005,0101,524,0000
525,0000,526,2F40,525,0000,7FF,0040,0000,005,0101,525,0000
526,0000,527,2F40,526,0000,7FF,0040,0000,005,0101,526,0000
527,0000,528,2F40,527,0000,7FF,0040,0000,005,0101,527,0000
528,0000,529,2F40,528,0000,7FF,0040,0000,005,0101,528,0000
529,0000,52A,2F40,529,0000,7FF,0040,0000,005,0101,529,0000
52A,0000,52B,2F40,52A,0000,7FF,0040,0000,005,0101,52A,0000
52B,0000,52C,2F40,52B,0000,7FF,0040,0000,005,0101,52B,0000
52C,0000,52D,2F40,52C,0000,7FF,0040,0000,005,0101,52C,0000
52D,0000,52E,2F40,52D,0000,7FF,0040,0000,005,0101,52D,0000
52E,0000,52F,2F40,52E,0000,7FF,0040,0000,005,0101,52E,0000
52F,0000,530,2F40,52F,0000,7FF,0040,0000,005,0101,52F,0000
530,0000,531,2F40,530,0000,7FF,0040,0000,005,0101,530,0000
531,0000,532,2F40,531,0000,7FF,0040,0000,005,0101,531,0000
532,0000,533,2F40,532,0000,7FF,0040,0000,005,0101,532,0000
533,0000,534,2F40,533,0000,7FF,0040,0000,005,0101,533,0000
534,0000,535,2F40,534,0000,7FF,0040,0000,005,0101,534,0000
535,0000,536,2F40,535,0000,7FF,0040,0000,005,0101,535,0000
536,0000,537,2F40,536,0000,7FF,0040,0000,005,0101,536,0000
537,0000,538,2F40,537,0000,7FF,0040,0000,005,0101,537,0000
538,0000,539,2F40,538,0000,7FF,0040,0000,005,0101,538,0000
539,0000,53A,2F40,539,0000,7FF,0040,0000,005,0101,539,0000
53A,0000,53B,2F40,53A,0000,7FF,0040,0000,005,0101,53A,0000
53B,0000,53C,2F40,53B,0000,7FF,0040,0000,005,0101,53B,0000
53C,0000,53D,2F40,53C,0000,7FF,0040,0000,005,0101,53C,0000
53D,0000,53E,2F40,53D,0000,7FF,0040,0000,005,0101,53D,0000
53E,0000,53F,2F40,53E,0000,7FF,0040,0000,005,0101,53E,0000
53F,0000,540,2F40,53F,0000,7FF,0040,0000,005,0101,53F,0000
540,0000,541,2F40,540,0000,7FF,0040,0000,005,0101,540,0000
541,0000,542,2F40,541,0000,7FF,0040,0000,005,0101,541,0000
542,0000,543,2F40,542,0000,7FF,0040,0000,005,0101,542,0000
543,0000,544,2F40,543,0000,7FF,0040,0000,005,0101,543,0000
544,0000,545,2F40,544,0000,7FF,0040,0000,005,0101,544,0000
545,0000,546,2F40,545,0000,7FF,0040,0000,005,0101,545,0000
546,0000,547,2F40,546,0000,7FF,0040,0000,005,0101,546,0000
547,0000,548,2F40,547,0000,7FF,0040,0000,005,0101,547,0000
548,0000,549,2F40,548,0000,7FF,0040,0000,005,0101,548,0000
549,0000,54A,2F40,549,0000,7FF,0040,0000,005,0101,549,0000
54A,0000,54B,2F40,54A,0000,7FF,0040,0000,005,0101,54A,0000
54B,0000,54C,2F40,54B,0000,7FF,0040,0000,005,0101,54B,0000
54C,0000,54D,2F40,54C,0000,7FF,0040,0000,005,0101,54C,0000
54D,0000,54E,2F40,54D,0000,7FF,0040,0000,005,0101,54D,0000
54E,0000,54F,2F40,54E,0000,7FF,0040,0000,005,0101,54E,0000
54F,0000,550,2F40,54F,0000,7FF,0040,0000,005,0101,54F,0000
550,0000,551,2F40,550,0000,7FF,0040,0000,005,0101,550,0000
551,0000,552,2F40,551,0000,7FF,0040,0000,005,0101,551,0000
552,0000,553,2F40,552,0000,7FF,0040,0000,005,0101,552,0000
553,0000,554,2F40,553,0000,7FF,0040,0000,005,0101,553,0000
554,0000,555,2F40,554,0000,7FF,0040,0000,005,0101,554,0000
555,0000,556,2F40,555,0000,7FF,0040,0000,005,0101,555,0000
556,0000,557,2F40,556,0000,7FF,0040,0000,005,0101,556,0000
557,0000,558,2F40,557,0000,7FF,0040,0000,005,0101,557,0000
558,0000,559,2F40,558,0000,7FF,0040,0000,005,0101,558,0000
559,0000,55A,2F40,559,0000,7FF,0040,0000,005,0101,559,0000
55A,0000,55B,2F40,55A,0000,7FF,0040,0000,005,0101,55A,0000
55B,0000,55C,2F40,55B,0000,7FF,0040,0000,005,0101,55B,0000
55C,0000,55D,2F40,55C,0000,7FF,0040,0000,005,0101,55C,0000
55D,0000,55E,2F40,55D,0000,7FF,0040,0000,005,0101,55D,0000
55E,0000,55F,2F40,55E,0000,7FF,0040,0000,005,0101,55E,0000
55F,0000,560,2F40,55F,0000,7FF,0040,0000,005,0101,55F,0000
560,0000,561,2F40,560,0000,7FF,0040,0000,005,0101,560,0000
561,0000,562,2F40,561,0000,7FF,0040,0000,005,0101,561,0000
562,0000,563,2F40,562,0000,7FF,0040,0000,005,0101,562,0000
563,0000,564,2F40,563,0000,7FF,0040,0000,005,0101,563,0000
564,0000,565,2F40,564,0000,7FF,0040,0000,005,0101,564,0000
565,0000,566,2F40,565,0000,7FF,0040,0000,005,0101,565,0000
566,0000,567,2F40,566,0000,7FF,0040,0000,005,0101,566,0000
567,0000,568,2F40,567,0000,7FF,0040,0000,005,0101,567,0000
568,0000,569,2F40,568,0000,7FF,0040,0000,005,0101,568,0000
569,0000,56A,2F40,569,0000,7FF,0040,0000,005,0101,569,0000
56A,0000,56B,2F40,56A,0000,7FF,0040,0000,005,0101,56A,0000
56B,0000,56C,2F40,56B,0000,7FF,0040,0000,005,0101,56B,0000
56C,0000,56D,2F40,56C,0000,7FF,0040,0000,005,0101,56C,0000
56D,0000,56E,2F40,56D,0000,7FF,0040,0000,005,0101,56D,0000
56E,0000,56F,2F40,56E,0000,7FF,0040,0000,005,0101,56E,0000
56F,0000,570,2F40,56F,0000,7FF,0040,0000,005,0101,56F,0000
570,0000,571,2F40,570,0000,7FF,0040,0000,005,0101,570,0000
571,0000,572,2F40,571,0000,7FF,0040,0000,005,0101,571,0000
572,0000,573,2F40,572,0000,7FF,0040,0000,005,0101,572,0000
573,0000,574,2F40,573,0000,7FF,0040,0000,005,0101,573,0000
574,0000,575,2F40,574,0000,7FF,0040,0000,005,0101,574,0000
575,0000,576,2F40,575,0000,7FF,0040,0000,005,0101,575,0000
576,0000,577,2F40,576,0000,7FF,0040,0000,005,0101,576,0000
577,0000,578,2F40,577,0000,7FF,0040,0000,005,0101,577,0000
578,0000,579,2F40,578,0000,7FF,0040,0000,005,0101,578,0000
579,0000,57A,2F40,579,0000,7FF,0040,0000,005,0101,579,0000
57A,0000,57B,2F40,57A,0000,7FF,0040,0000,005,0101,57A,0000
57B,0000,57C,2F40,57B,0000,7FF,0040,0000,005,0101,57B,0000
57C,0000,57D,2F40,57C,0000,7FF,0040,0000,005,0101,57C,0000
57D,0000,57E,2F40,57D,0000,7FF,0040,0000,005,0101,57D,0000
57E,0000,57F,2F40,57E,0000,7FF,0040,0000,005,0101,57E,0000
57F,0000,580,2F40,57F,0000,7FF,0040,0000,005,0101,57F,0000
580,0000,581,2F40,580,0000,7FF,0040,0000,005,0101,580,0000
581,0000,582,2F40,581,0000,7FF,0040,0000,005,0101,581,0000
582,0000,583,2F40,582,0000,7FF,0040,0000,005,0101,582,0000
583,0000,584,2F40,583,0000,7FF,0040,0000,005,0101,583,0000
584,0000,585,2F40,584,0000,7FF,0040,0000,005,0101,584,0000
585,0000,586,2F40,585,0000,7FF,0040,0000,005,0101,585,0000
586,0000,587,2F40,586,0000,7FF,0040,0000,005,0101,586,0000
587,0000,588,2F40,587,0000,7FF,0040,0000,005,0101,587,0000
588,0000,589,2F40,588,0000,7FF,0040,0000,005,0101,588,0000
589,0000,58A,2F40,589,0000,7FF,0040,0000,005,0101,589,0000
58A,0000,58B,2F40,58A,0000,7FF,0040,0000,005,0101,58A,0000
58B,0000,58C,2F40,58B,0000,7FF,0040,0000,005,0101,58B,0000
58C,0000,58D,2F40,58C,0000,7FF,0040,0000,005,0101,58C,0000
58D,0000,58E,2F40,58D,0000,7FF,0040,0000,005,0101,58D,0000
58E,0000,58F,2F40,58E,0000,7FF,0040,0000,005,0101,58E,0000
58F,0000,590,2F40,58F,0000,7FF,0040,0000,005,0101,58F,0000
590,0000,591,2F40,590,0000,7FF,0040,0000,005,0101,590,0000
591,0000,592,2F40,591,0000,7FF,0040,0000,005,0101,591,0000
592,0000,593,2F40,592,0000,7FF,0040,0000,005,0101,592,0000
593,0000,594,2F40,593,0000,7FF,0040,0000,005,0101,593,0000
594,0000,595,2F40,594,0000,7FF,0040,0000,005,0101,594,0000
595,0000,596,2F40,595,0000,7FF,0040,0000,005,0101,595,0000
596,0000,597,2F40,596,0000,7FF,0040,0000,005,0101,596,0000
597,0000,598,2F40,597,0000,7FF,0040,0000,005,0101,597,0000
598,0000,599,2F40,598,0000,7FF,0040,0000,005,0101,598,0000
599,0000,59A,2F40,599,0000,7FF,0040,0000,005,0101,599,0000
59A,0000,59B,2F40,59A,0000,7FF,0040,0000,005,0101,59A,0000
59B,0000,59C,2F40,59B,0000,7FF,0040,0000,005,0101,59B,0000
59C,0000,59D,2F40,59C,0000,7FF,0040,0000,005,0101,59C,0000
59D,0000,59E,2F40,59D,0000,7FF,0040,0000,005,0101,59D,0000
59E,0000,59F,2F40,59E,0000,7FF,0040,0000,005,0101,59E,0000
59F,0000,5A0,2F40,59F,0000,7FF,0040,0000,005,0101,59F,0000
5A0,0000,5A1,2F40,5A0,0000,7FF,0040,0000,005,0101,5A0,0000
5A1,B1D8,5A2,2F40,5A1,B1D8,7FF,0040,0000,005,0101,5A1,B1D8
5A2,D2D5,5A3,2F40,5A2,D2D5,7FF,0040,0000,005,0101,5A2,D2D5
5A3,DEDF,5A4,2F40,5A3,DEDF,7FF,0040,0000,005,0101,5A3,DEDF
5A4,3B00,5A5,2F40,5A4,3B00,7FF,0040,0000,005,0101,5A4,3B00
5A5,0000,1F5,2F40,5A4,3B00,7FF,0040,0000,005,0101
1F5,CE00,1F8,2F40,1F7,0040,000,0040,0000,004,0100
1F8,F0FD,1F7,1203,1F6,1203,000,01F6,0000,004,0100
1F7,2F40,1F3,1203,1F6,1203,000,01F6,0000,004,0100
1F3,0000,1F4,1203,1F3,0000,000,01F6,0000,004,0100,1F3,0000
1F4,05A1,1F5,1203,1F4,05A1,000,01F6,0000,004,0100,1F4,05A1
1F5,CE00,1F6,1203,1F5,CE00,000,01F6,0000,004,0100,1F5,CE00
1F6,1203,1F7,1203,1F6,1203,000,01F6,0000,004,0100,1F6,1203
1F7,2F40,1F8,1203,1F7,2F40,000,01F6,0000,004,0100,1F7,2F40
1F8,F0FD,1F9,1203,1F8,F0FD,000,01F6,0000,004,0100,1F8,F0FD
1F9,AEF9,1FA,1203,1F9,AEF9,000,01F6,0000,004,0100,1F9,AEF9
1FA,F001,1FB,1203,1FA,F001,000,01F6,0000,004,0100,1FA,F001
1FB,CE06,1FC,1203,1FB,CE06,000,01F6,0000,004,0100,1FB,CE06
1FC,0700,1FD,1203,1FC,0700,000,01F6,0000,004,0100,1FC,0700
1FD,EEF5,1FE,1203,1FD,EEF5,000,01F6,0000,004,0100,1FD,EEF5
1FE,A8F5,1FF,1203,1FE,A8F5,000,01F6,0000,004,0100,1FE,A8F5
1FF,0680,200,1203,1FF,0680,000,01F6,0000,004,0100,1FF,0680
200,DE06,201,1203,200,DE06,000,01F6,0000,004,0100,200,DE06
201,CEF4,202,1203,201,CEF4,000,01F6,0000,004,0100,201,CEF4
202,0200,203,1203,202,0200,000,01F6,0000,004,0100,202,0200
203,EEEF,204,1203,203,EEEF,000,01F6,0000,004,0100,203,EEEF
204,AAEF,205,1203,204,AAEF,000,01F6,0000,004,0100,204,AAEF
205,DE01,206,1203,205,DE01,000,01F6,0000,004,0100,205,DE01
206,CEEF,207,1203,206,CEEF,000,01F6,0000,004,0100,206,CEEF
207,1302,208,1203,207,1302,000,01F6,0000,004,0100,207,1302
208,2FFF,209,1203,208,2FFF,000,01F6,0000,004,0100,208,2FFF
209,F001,20A,1203,209,F001,000,01F6,0000,004,0100,209,F001
20A,0A00,20B,1203,20A,0A00,000,01F6,0000,004,0100,20A,0A00
20B,0100,20C,1203,20B,0100,000,01F6,0000,004,0100,20B,0100
20C,0000,20D,1203,20C,0000,000,01F6,0000,004,0100,20C,0000
20D,0000,20E,1203,20D,0000,000,01F6,0000,004,0100,20D,0000
20E,0000,20F,1203,20E,0000,000,01F6,0000,004,0100,20E,0000
20F,0000,210,1203,20F,0000,000,01F6,0000,004,0100,20F,0000
210,0000,211,1203,210,0000,000,01F6,0000,004,0100,210,0000
211,0000,212,1203,211,0000,000,01F6,0000,004,0100,211,0000
212,0000,213,1203,212,0000,000,01F6,0000,004,0100,212,0000
213,0000,214,1203,213,0000,000,01F6,0000,004,0100,213,0000
214,0000,215,1203,214,0000,000,01F6,0000,004,0100,214,0000
215,0000,216,1203,215,0000,000,01F6,0000,004,0100,215,0000
216,0000,217,1203,216,0000,000,01F6,0000,004,0100,216,0000
217,0000,218,1203,217,0000,000,01F6,0000,004,0100,217,0000
218,0000,219,1203,218,0000,000,01F6,0000,004,0100,218,0000
219,0000,21A,1203,219,0000,000,01F6,0000,004,0100,219,0000
21A,0000,21B,1203,21A,0000,000,01F6,0000,004,0100,21A,0000
21B,0000,21C,1203,21B,0000,000,01F6,0000,004,0100,21B,0000
21C,0000,21D,1203,21C,0000,000,01F6,0000,004,0100,21C,0000
21D,0000,21E,1203,21D,0000,000,01F6,0000,004,0100,21D,0000
21E,0000,21F,1203,21E,0000,000,01F6,0000,004,0100,21E,0000
21F,0000,220,1203,21F,0000,000,01F6,0000,004,0100,21F,0000
220,0000,221,1203,220,0000,000,01F6,0000,004,0100,220,0000
221,0000,222,1203,221,0000,000,01F6,0000,004,0100,221,0000
222,0000,223,1203,222,0000,000,01F6,0000,004,0100,222,0000
223,0000,224,1203,223,0000,000,01F6,0000,004,0100,223,0000
224,0000,225,1203,224,0000,000,01F6,0000,004,0100,224,0000
225,0000,226,1203,225,0000,000,01F6,0000,004,0100,225,0000
226,0000,227,1203,226,0000,000,01F6,0000,004,0100,226,0000
227,0000,228,1203,227,0000,000,01F6,0000,004,0100,227,0000
228,0000,229,1203,228,0000,000,01F6,0000,004,0100,228,0000
229,0000,22A,1203,229,0000,000,01F6,0000,004,0100,229,0000
22A,0000,22B,1203,22A,0000,000,01F6,0000,004,0100,22A,0000
22B,0000,22C,1203,22B,0000,000,01F6,0000,004,0100,22B,0000
22C,0000,22D,1203,22C,0000,000,01F6,0000,004,0100,22C,0000
22D,0000,22E,1203,22D,0000,000,01F6,0000,004,0100,22D,0000
22E,0000,22F,1203,22E,0000,000,01F6,0000,004,0100,22E,0000
22F,0000,230,1203,22F,0000,000,01F6,0000,004,0100,22F,0000
230,0000,231,1203,230,0000,000,01F6,0000,004,0100,230,0000
231,0000,232,1203,231,0000,000,01F6,0000,004,0100,231,0000
232,0000,233,1203,232,0000,000,01F6,0000,004,0100,232,0000
233,0000,234,1203,233,0000,000,01F6,0000,004,0100,233,0000
234,0000,235,1203,234,0000,000,01F6,0000,004,0100,234,0000
235,0000,236,1203,235,0000,000,01F6,0000,004,0100,235,0000
236,0000,237,1203,236,0000,000,01F6,0000,004,0100,236,0000
237,0000,238,1203,237,0000,000,01F6,0000,004,0100,237,0000
238,0000,239,1203,238,0000,000,01F6,0000,004,0100,238,0000
239,0000,23A,1203,239,0000,000,01F6,0000,004,0100,239,0000
23A,0000,23B,1203,23A,0000,000,01F6,0000,004,0100,23A,0000
23B,0000,23C,1203,23B,0000,000,01F6,0000,004,0100,23B,0000
23C,0000,23D,1203,23C,0000,000,01F6,0000,004,0100,23C,0000
23D,0000,23E,1203,23D,0000,000,01F6,0000,004,0100,23D,0000
23E,0000,23F,1203,23E,0000,000,01F6,0000,004,0100,23E,0000
23F,0000,240,1203,23F,0000,000,01F6,0000,004,0100,23F,0000
240,0000,241,1203,240,0000,000,01F6,0000,004,0100,240,0000
241,0000,242,1203,241,0000,000,01F6,0000,004,0100,241,0000
242,0000,243,1203,242,0000,000,01F6,0000,004,0100,242,0000
243,0000,244,1203,243,0000,000,01F6,0000,004,0100,243,0000
244,0000,245,1203,244,0000,000,01F6,0000,004,0100,244,0000
245,0000,246,1203,245,0000,000,01F6,0000,004,0100,245,0000
246,0000,247,1203,246,0000,000,01F6,0000,004,0100,246,0000
247,0000,248,1203,247,0000,000,01F6,0000,004,0100,247,0000
248,0000,249,1203,248,0000,000,01F6,0000,004,0100,248,0000
249,0000,24A,1203,249,0000,000,01F6,0000,004,0100,249,0000
24A,0000,24B,1203,24A,0000,000,01F6,0000,004,0100,24A,0000
24B,0000,24C,1203,24B,0000,000,01F6,0000,004,0100,24B,0000
24C,0000,24D,1203,24C,0000,000,01F6,0000,004,0100,24C,0000
24D,0000,24E,1203,24D,0000,000,01F6,0000,004,0100,24D,0000
24E,0000,24F,1203,24E,0000,000,01F6,0000,004,0100,24E,0000
24F,0000,250,1203,24F,0000,000,01F6,0000,004,0100,24F,0000
250,0000,251,1203,250,0000,000,01F6,0000,004,0100,250,0000
251,0000,252,1203,251,0000,000,01F6,0000,004,0100,251,0000
252,0000,253,1203,252,0000,000,01F6,0000,004,0100,252,0000
253,0000,254,1203,253,0000,000,01F6,0000,004,0100,253,0000
254,0000,255,1203,254,0000,000,01F6,0000,004,0100,254,0000
255,0000,256,1203,255,0000,000,01F6,0000,004,0100,255,0000
256,0000,257,1203,256,0000,000,01F6,0000,004,0100,256,0000
257,0000,258,1203,257,0000,000,01F6,0000,004,0100,257,0000
258,0000,259,1203,258,0000,000,01F6,0000,004,0100,258,0000
259,0000,25A,1203,259,0000,000,01F6,0000,004,0100,259,0000
25A,0000,25B,1203,25A,0000,000,01F6,0000,004,0100,25A,0000
25B,0000,25C,1203,25B,0000,000,01F6,0000,004,0100,25B,0000
25C,0000,25D,1203,25C,0000,000,01F6,0000,004,0100,25C,0000
25D,0000,25E,1203,25D,0000,000,01F6,0000,004,0100,25D,0000
25E,0000,25F,1203,25E,0000,000,01F6,0000,004,0100,25E,0000
25F,0000,260,1203,25F,0000,000,01F6,0000,004,0100,25F,0000
260,0000,261,1203,260,0000,000,01F6,0000,004,0100,260,0000
261,0000,262,1203,261,0000,000,01F6,0000,004,0100,261,0000
262,0000,263,1203,262,0000,000,01F6,0000,004,0100,262,0000
263,0000,264,1203,263,0000,000,01F6,0000,004,0100,263,0000
264,0000,265,1203,264,0000,000,01F6,0000,004,0100,264,0000
265,0000,266,1203,265,0000,000,01F6,0000,004,0100,265,0000
266,0000,267,1203,266,0000,000,01F6,0000,004,0100,266,0000
267,0000,268,1203,267,0000,000,01F6,0000,004,0100,267,0000
268,0000,269,1203,268,0000,000,01F6,0000,004,0100,268,0000
269,0000,26A,1203,269,0000,000,01F6,0000,004,0100,269,0000
26A,0000,26B,1203,26A,0000,000,01F6,0000,004,0100,26A,0000
26B,0000,26C,1203,26B,0000,000,01F6,0000,004,0100,26B,0000
26C,0000,26D,1203,26C,0000,000,01F6,0000,004,0100,26C,0000
26D,0000,26E,1203,26D,0000,000,01F6,0000,004,0100,26D,0000
26E,0000,26F,1203,26E,0000,000,01F6,0000,004,0100,26E,0000
26F,0000,270,1203,26F,0000,000,01F6,0000,004,0100,26F,0000
270,0000,271,1203,270,0000,000,01F6,0000,004,0100,270,0000
271,0000,272,1203,271,0000,000,01F6,0000,004,0100,271,0000
272,0000,273,1203,272,0000,000,01F6,0000,004,0100,272,0000
273,0000,274,1203,273,0000,000,01F6,0000,004,0100,273,0000
274,0000,275,1203,274,0000,000,01F6,0000,004,0100,274,0000
275,0000,276,1203,275,0000,000,01F6,0000,004,0100,275,0000
276,0000,277,1203,276,0000,000,01F6,0000,004,0100,276,0000
277,0000,278,1203,277,0000,000,01F6,0000,004,0100,277,0000
278,0000,279,1203,278,0000,000,01F6,0000,004,0100,278,0000
279,0000,27A,1203,279,0000,000,01F6,0000,004,0100,279,0000
27A,0000,27B,1203,27A,0000,000,01F6,0000,004,0100,27A,0000
27B,0000,27C,1203,27B,0000,000,01F6,0000,004,0100,27B,0000
27C,0000,27D,1203,27C,0000,000,01F6,0000,004,0100,27C,0000
27D,0000,27E,1203,27D,0000,000,01F6,0000,004,0100,27D,0000
27E,0000,27F,1203,27E,0000,000,01F6,0000,004,0100,27E,0000
27F,0000,280,1203,27F,0000,000,01F6,0000,004,0100,27F,0000
280,0000,281,1203,280,0000,000,01F6,0000,004,0100,280,0000
281,0000,282,1203,281,0000,000,01F6,0000,004,0100,281,0000
282,0000,283,1203,282,0000,000,01F6,0000,004,0100,282,0000
283,0000,284,1203,283,0000,000,01F6,0000,004,0100,283,0000
284,0000,285,1203,284,0000,000,01F6,0000,004,0100,284,0000
285,0000,286,1203,285,0000,000,01F6,0000,004,0100,285,0000
286,0000,287,1203,286,0000,000,01F6,0000,004,0100,286,0000
287,0000,288,1203,287,0000,000,01F6,0000,004,0100,287,0000
288,0000,289,1203,288,0000,000,01F6,0000,004,0100,288,0000
289,0000,28A,1203,289,0000,000,01F6,0000,004,0100,289,0000
28A,0000,28B,1203,28A,0000,000,01F6,0000,004,0100,28A,0000
28B,0000,28C,1203,28B,0000,000,01F6,0000,004,0100,28B,0000
28C,0000,28D,1203,28C,0000,000,01F6,0000,004,0100,28C,0000
28D,0000,28E,1203,28D,0000,000,01F6,0000,004,0100,28D,0000
28E,0000,28F,1203,28E,0000,000,01F6,0000,004,0100,28E,0000
28F,0000,290,1203,28F,0000,000,01F6,0000,004,0100,28F,0000
290,0000,291,1203,290,0000,000,01F6,0000,004,0100,290,0000
291,0000,292,1203,291,0000,000,01F6,0000,004,0100,291,0000
292,0000,293,1203,292,0000,000,01F6,0000,004,0100,292,0000
293,0000,294,1203,293,0000,000,01F6,0000,004,0100,293,0000
294,0000,295,1203,294,0000,000,01F6,0000,004,0100,294,0000
295,0000,296,1203,295,0000,000,01F6,0000,004,0100,295,0000
296,0000,297,1203,296,0000,000,01F6,0000,004,0100,296,0000
297,0000,298,1203,297,0000,000,01F6,0000,004,0100,297,0000
298,0000,299,1203,298,0000,000,01F6,0000,004,0100,298,0000
299,0000,29A,1203,299,0000,000,01F6,0000,004,0100,299,0000
29A,0000,29B,1203,29A,0000,000,01F6,0000,004,0100,29A,0000
29B,0000,29C,1203,29B,0000,000,01F6,0000,004,0100,29B,0000
29C,0000,29D,1203,29C,0000,000,01F6,0000,004,0100,29C,0000
29D,0000,29E,1203,29D,0000,000,01F6,0000,004,0100,29D,0000
29E,0000,29F,1203,29E,0000,000,01F6,0000,004,0100,29E,0000
29F,0000,2A0,1203,29F,0000,000,01F6,0000,004,0100,29F,0000
2A0,0000,2A1,1203,2A0,0000,000,01F6,0000,004,0100,2A0,0000
2A1,0000,2A2,1203,2A1,0000,000,01F6,0000,004,0100,2A1,0000
2A2,0000,2A3,1203,2A2,0000,000,01F6,0000,004,0100,2A2,0000
2A3,0000,2A4,1203,2A3,0000,000,01F6,0000,004,0100,2A3,0000
2A4,0000,2A5,1203,2A4,0000,000,01F6,0000,004,0100,2A4,0000
2A5,0000,2A6,1203,2A5,0000,000,01F6,0000,004,0100,2A5,0000
2A6,0000,2A7,1203,2A6,0000,000,01F6,0000,004,0100,2A6,0000
2A7,0000,2A8,1203,2A7,0000,000,01F6,0000,004,0100,2A7,0000
2A8,0000,2A9,1203,2A8,0000,000,01F6,0000,004,0100,2A8,0000
2A9,0000,2AA,1203,2A9,0000,000,01F6,0000,004,0100,2A9,0000
2AA,0000,2AB,1203,2AA,0000,000,01F6,0000,004,0100,2AA,0000
2AB,0000,2AC,1203,2AB,0000,000,01F6,0000,004,0100,2AB,0000
2AC,0000,2AD,1203,2AC,0000,000,01F6,0000,004,0100,2AC,0000
2AD,0000,2AE,1203,2AD,0000,000,01F6,0000,004,0100,2AD,0000
2AE,0000,2AF,1203,2AE,0000,000,01F6,0000,004,0100,2AE,0000
2AF,0000,2B0,1203,2AF,0000,000,01F6,0000,004,0100,2AF,0000
2B0,0000,2B1,1203,2B0,0000,000,01F6,0000,004,0100,2B0,0000
2B1,0000,2B2,1203,2B1,0000,000,01F6,0000,004,0100,2B1,0000
2B2,0000,2B3,1203,2B2,0000,000,01F6,0000,004,0100,2B2,0000
2B3,0000,2B4,1203,2B3,0000,000,01F6,0000,004,0100,2B3,0000
2B4,0000,2B5,1203,2B4,0000,000,01F6,0000,004,0100,2B4,0000
2B5,0000,2B6,1203,2B5,0000,000,01F6,0000,004,0100,2B5,0000
2B6,0000,2B7,1203,2B6,0000,000,01F6,0000,004,0100,2B6,0000
2B7,0000,2B8,1203,2B7,0000,000,01F6,0000,004,0100,2B7,0000
2B8,0000,2B9,1203,2B8,0000,000,01F6,0000,004,0100,2B8,0000
2B9,0000,2BA,1203,2B9,0000,000,01F6,0000,004,0100,2B9,0000
2BA,0000,2BB,1203,2BA,0000,000,01F6,0000,004,0100,2BA,0000
2BB,0000,2BC,1203,2BB,0000,000,01F6,0000,004,0100,2BB,0000
2BC,0000,2BD,1203,2BC,0000,000,01F6,0000,004,0100,2BC,0000
2BD,0000,2BE,1203,2BD,0000,000,01F6,0000,004,0100,2BD,0000
2BE,0000,2BF,1203,2BE,0000,000,01F6,0000,004,0100,2BE,0000
2BF,0000,2C0,1203,2BF,0000,000,01F6,0000,004,0100,2BF,0000
2C0,0000,2C1,1203,2C0,0000,000,01F6,0000,004,0100,2C0,0000
2C1,0000,2C2,1203,2C1,0000,000,01F6,0000,004,0100,2C1,0000
2C2,0000,2C3,1203,2C2,0000,000,01F6,0000,004,0100,2C2,0000
2C3,0000,2C4,1203,2C3,0000,000,01F6,0000,004,0100,2C3,0000
2C4,0000,2C5,1203,2C4,0000,000,01F6,0000,004,0100,2C4,0000
2C5,0000,2C6,1203,2C5,0000,000,01F6,0000,004,0100,2C5,0000
2C6,0000,2C7,1203,2C6,0000,000,01F6,0000,004,0100,2C6,0000
2C7,0000,2C8,1203,2C7,0000,000,01F6,0000,004,0100,2C7,0000
2C8,0000,2C9,1203,2C8,0000,000,01F6,0000,004,0100,2C8,0000
2C9,0000,2CA,1203,2C9,0000,000,01F6,0000,004,0100,2C9,0000
2CA,0000,2CB,1203,2CA,0000,000,01F6,0000,004,0100,2CA,0000
2CB,0000,2CC,1203,2CB,0000,000,01F6,0000,004,0100,2CB,0000
2CC,0000,2CD,1203,2CC,0000,000,01F6,0000,004,0100,2CC,0000
2CD,0000,2CE,1203,2CD,0000,000,01F6,0000,004,0100,2CD,0000
2CE,0000,2CF,1203,2CE,0000,000,01F6,0000,004,0100,2CE,0000
2CF,0000,2D0,1203,2CF,0000,000,01F6,0000,004,0100,2CF,0000
2D0,0000,2D1,1203,2D0,0000,000,01F6,0000,004,0100,2D0,0000
2D1,0000,2D2,1203,2D1,0000,000,01F6,0000,004,0100,2D1,0000
2D2,0000,2D3,1203,2D2,0000,000,01F6,0000,004,0100,2D2,0000
2D3,0000,2D4,1203,2D3,0000,000,01F6,0000,004,0100,2D3,0000
2D4,0000,2D5,1203,2D4,0000,000,01F6,0000,004,0100,2D4,0000
2D5,0000,2D6,1203,2D5,0000,000,01F6,0000,004,0100,2D5,0000
2D6,0000,2D7,1203,2D6,0000,000,01F6,0000,004,0100,2D6,0000
2D7,0000,2D8,1203,2D7,0000,000,01F6,0000,004,0100,2D7,0000
2D8,0000,2D9,1203,2D8,0000,000,01F6,0000,004,0100,2D8,0000
2D9,0000,2DA,1203,2D9,0000,000,01F6,0000,004,0100,2D9,0000
2DA,0000,2DB,1203,2DA,0000,000,01F6,0000,004,0100,2DA,0000
2DB,0000,2DC,1203,2DB,0000,000,01F6,0000,004,0100,2DB,0000
2DC,0000,2DD,1203,2DC,0000,000,01F6,0000,004,0100,2DC,0000
2DD,0000,2DE,1203,2DD,0000,000,01F6,0000,004,0100,2DD,0000
2DE,0000,2DF,1203,2DE,0000,000,01F6,0000,004,0100,2DE,0000
2DF,0000,2E0,1203,2DF,0000,000,01F6,0000,004,0100,2DF,0000
2E0,0000,2E1,1203,2E0,0000,000,01F6,0000,004,0100,2E0,0000
2E1,0000,2E2,1203,2E1,0000,000,01F6,0000,004,0100,2E1,0000
2E2,0000,2E3,1203,2E2,0000,000,01F6,0000,004,0100,2E2,0000
2E3,0000,2E4,1203,2E3,0000,000,01F6,0000,004,0100,2E3,0000
2E4,0000,2E5,1203,2E4,0000,000,01F6,0000,004,0100,2E4,0000
2E5,0000,2E6,1203,2E5,0000,000,01F6,0000,004,0100,2E5,0000
2E6,0000,2E7,1203,2E6,0000,000,01F6,0000,004,0100,2E6,0000
2E7,0000,2E8,1203,2E7,0000,000,01F6,0000,004,0100,2E7,0000
2E8,0000,2E9,1203,2E8,0000,000,01F6,0000,004,0100,2E8,0000
2E9,0000,2EA,1203,2E9,0000,000,01F6,0000,004,0100,2E9,0000
2EA,0000,2EB,1203,2EA,0000,000,01F6,0000,004,0100,2EA,0000
2EB,0000,2EC,1203,2EB,0000,000,01F6,0000,004,0100,2EB,0000
2EC,0000,2ED,1203,2EC,0000,000,01F6,0000,004,0100,2EC,0000
2ED,0000,2EE,1203,2ED,0000,000,01F6,0000,004,0100,2ED,0000
2EE,0000,2EF,1203,2EE,0000,000,01F6,0000,004,0100,2EE,0000
2EF,0000,2F0,1203,2EF,0000,000,01F6,0000,004,0100,2EF,0000
2F0,0000,2F1,1203,2F0,0000,000,01F6,0000,004,0100,2F0,0000
2F1,0000,2F2,1203,2F1,0000,000,01F6,0000,004,0100,2F1,0000
2F2,0000,2F3,1203,2F2,0000,000,01F6,0000,004,0100,2F2,0000
2F3,0000,2F4,1203,2F3,0000,000,01F6,0000,004,0100,2F3,0000
2F4,0000,2F5,1203,2F4,0000,000,01F6,0000,004,0100,2F4,0000
2F5,0000,2F6,1203,2F5,0000,000,01F6,0000,004,0100,2F5,0000
2F6,0000,2F7,1203,2F6,0000,000,01F6,0000,004,0100,2F6,0000
2F7,0000,2F8,1203,2F7,0000,000,01F6,0000,004,0100,2F7,0000
2F8,0000,2F9,1203,2F8,0000,000,01F6,0000,004,0100,2F8,0000
2F9,0000,2FA,1203,2F9,0000,000,01F6,0000,004,0100,2F9,0000
2FA,0000,2FB,1203,2FA,0000,000,01F6,0000,004,0100,2FA,0000
2FB,0000,2FC,1203,2FB,0000,000,01F6,0000,004,0100,2FB,0000
2FC,0000,2FD,1203,2FC,0000,000,01F6,0000,004,0100,2FC,0000
2FD,0000,2FE,1203,2FD,0000,000,01F6,0000,004,0100,2FD,0000
2FE,0000,2FF,1203,2FE,0000,000,01F6,0000,004,0100,2FE,0000
2FF,0000,300,1203,2FF,0000,000,01F6,0000,004,0100,2FF,0000
300,0000,301,1203,300,0000,000,01F6,0000,004,0100,300,0000
301,0000,302,1203,301,0000,000,01F6,0000,004,0100,301,0000
302,0000,303,1203,302,0000,000,01F6,0000,004,0100,302,0000
303,0000,304,1203,303,0000,000,01F6,0000,004,0100,303,0000
304,0000,305,1203,304,0000,000,01F6,0000,004,0100,304,0000
305,0000,306,1203,305,0000,000,01F6,0000,004,0100,305,0000
306,0000,307,1203,306,0000,000,01F6,0000,004,0100,306,0000
307,0000,308,1203,307,0000,000,01F6,0000,004,0100,307,0000
308,0000,309,1203,308,0000,000,01F6,0000,004,0100,308,0000
309,0000,30A,1203,309,0000,000,01F6,0000,004,0100,309,0000
30A,0000,30B,1203,30A,0000,000,01F6,0000,004,0100,30A,0000
30B,0000,30C,1203,30B,0000,000,01F6,0000,004,0100,30B,0000
30C,0000,30D,1203,30C,0000,000,01F6,0000,004,0100,30C,0000
30D,0000,30E,1203,30D,0000,000,01F6,0000,004,0100,30D,0000
30E,0000,30F,1203,30E,0000,000,01F6,0000,004,0100,30E,0000
30F,0000,310,1203,30F,0000,000,01F6,0000,004,0100,30F,0000
310,0000,311,1203,310,0000,000,01F6,0000,004,0100,310,0000
311,0000,312,1203,311,0000,000,01F6,0000,004,0100,311,0000
312,0000,313,1203,312,0000,000,01F6,0000,004,0100,312,0000
313,0000,314,1203,313,0000,000,01F6,0000,004,0100,313,0000
314,0000,315,1203,314,0000,000,01F6,0000,004,0100,314,0000
315,0000,316,1203,315,0000,000,01F6,0000,004,0100,315,0000
316,0000,317,1203,316,0000,000,01F6,0000,004,0100,316,0000
317,0000,318,1203,317,0000,000,01F6,0000,004,0100,317,0000
318,0000,319,1203,318,0000,000,01F6,0000,004,0100,318,0000
319,0000,31A,1203,319,0000,000,01F6,0000,004,0100,319,0000
31A,0000,31B,1203,31A,0000,000,01F6,0000,004,0100,31A,0000
31B,0000,31C,1203,31B,0000,000,01F6,0000,004,0100,31B,0000
31C,0000,31D,1203,31C,0000,000,01F6,0000,004,0100,31C,0000
31D,0000,31E,1203,31D,0000,000,01F6,0000,004,0100,31D,0000
31E,0000,31F,1203,31E,0000,000,01F6,0000,004,0100,31E,0000
31F,0000,320,1203,31F,0000,000,01F6,0000,004,0100,31F,0000
320,0000,321,1203,320,0000,000,01F6,0000,004,0100,320,0000
321,0000,322,1203,321,0000,000,01F6,0000,004,0100,321,0000
322,0000,323,1203,322,0000,000,01F6,0000,004,0100,322,0000
323,0000,324,1203,323,0000,000,01F6,0000,004,0100,323,0000
324,0000,325,1203,324,0000,000,01F6,0000,004,0100,324,0000
325,0000,326,1203,325,0000,000,01F6,0000,004,0100,325,0000
326,0000,327,1203,326,0000,000,01F6,0000,004,0100,326,0000
327,0000,328,1203,327,0000,000,01F6,0000,004,0100,327,0000
328,0000,329,1203,328,0000,000,01F6,0000,004,0100,328,0000
329,0000,32A,1203,329,0000,000,01F6,0000,004,0100,329,0000
32A,0000,32B,1203,32A,0000,000,01F6,0000,004,0100,32A,0000
32B,0000,32C,1203,32B,0000,000,01F6,0000,004,0100,32B,0000
32C,0000,32D,1203,32C,0000,000,01F6,0000,004,0100,32C,0000
32D,0000,32E,1203,32D,0000,000,01F6,0000,004,0100,32D,0000
32E,0000,32F,1203,32E,0000,000,01F6,0000,004,0100,32E,0000
32F,0000,330,1203,32F,0000,000,01F6,0000,004,0100,32F,0000
330,0000,331,1203,330,0000,000,01F6,0000,004,0100,330,0000
331,0000,332,1203,331,0000,000,01F6,0000,004,0100,331,0000
332,0000,333,1203,332,0000,000,01F6,0000,004,0100,332,0000
333,0000,334,1203,333,0000,000,01F6,0000,004,0100,333,0000
334,0000,335,1203,334,0000,000,01F6,0000,004,0100,334,0000
335,0000,336,1203,335,0000,000,01F6,0000,004,0100,335,0000
336,0000,337,1203,336,0000,000,01F6,0000,004,0100,336,0000
337,0000,338,1203,337,0000,000,01F6,0000,004,0100,337,0000
338,0000,339,1203,338,0000,000,01F6,0000,004,0100,338,0000
339,0000,33A,1203,339,0000,000,01F6,0000,004,0100,339,0000
33A,0000,33B,1203,33A,0000,000,01F6,0000,004,0100,33A,0000
33B,0000,33C,1203,33B,0000,000,01F6,0000,004,0100,33B,0000
33C,0000,33D,1203,33C,0000,000,01F6,0000,004,0100,33C,0000
33D,0000,33E,1203,33D,0000,000,01F6,0000,004,0100,33D,0000
33E,0000,33F,1203,33E,0000,000,01F6,0000,004,0100,33E,0000
33F,0000,340,1203,33F,0000,000,01F6,0000,004,0100,33F,0000
340,0000,341,1203,340,0000,000,01F6,0000,004,0100,340,0000
341,0000,342,1203,341,0000,000,01F6,0000,004,0100,341,0000
342,0000,343,1203,342,0000,000,01F6,0000,004,0100,342,0000
343,0000,344,1203,343,0000,000,01F6,0000,004,0100,343,0000
344,0000,345,1203,344,0000,000,01F6,0000,004,0100,344,0000
345,0000,346,1203,345,0000,000,01F6,0000,004,0100,345,0000
346,0000,347,1203,346,0000,000,01F6,0000,004,0100,346,0000
347,0000,348,1203,347,0000,000,01F6,0000,004,0100,347,0000
348,0000,349,1203,348,0000,000,01F6,0000,004,0100,348,0000
349,0000,34A,1203,349,0000,000,01F6,0000,004,0100,349,0000
34A,0000,34B,1203,34A,0000,000,01F6,0000,004,0100,34A,0000
34B,0000,34C,1203,34B,0000,000,01F6,0000,004,0100,34B,0000
34C,0000,34D,1203,34C,0000,000,01F6,0000,004,0100,34C,0000
34D,0000,34E,1203,34D,0000,000,01F6,0000,004,0100,34D,0000
34E,0000,34F,1203,34E,0000,000,01F6,0000,004,0100,34E,0000
34F,0000,350,1203,34F,0000,000,01F6,0000,004,0100,34F,0000
350,0000,351,1203,350,0000,000,01F6,0000,004,0100,350,0000
351,0000,352,1203,351,0000,000,01F6,0000,004,0100,351,0000
352,0000,353,1203,352,0000,000,01F6,0000,004,0100,352,0000
353,0000,354,1203,353,0000,000,01F6,0000,004,0100,353,0000
354,0000,355,1203,354,0000,000,01F6,0000,004,0100,354,0000
355,0000,356,1203,355,0000,000,01F6,0000,004,0100,355,0000
356,0000,357,1203,356,0000,000,01F6,0000,004,0100,356,0000
357,0000,358,1203,357,0000,000,01F6,0000,004,0100,357,0000
358,0000,359,1203,358,0000,000,01F6,0000,004,0100,358,0000
359,0000,35A,1203,359,0000,000,01F6,0000,004,0100,359,0000
35A,0000,35B,1203,35A,0000,000,01F6,0000,004,0100,35A,0000
35B,0000,35C,1203,35B,0000,000,01F6,0000,004,0100,35B,0000
35C,0000,35D,1203,35C,0000,000,01F6,0000,004,0100,35C,0000
35D,0000,35E,1203,35D,0000,000,01F6,0000,004,0100,35D,0000
35E,0000,35F,1203,35E,0000,000,01F6,0000,004,0100,35E,0000
35F,0000,360,1203,35F,0000,000,01F6,0000,004,0100,35F,0000
360,0000,361,1203,360,0000,000,01F6,0000,004,0100,360,0000
361,0000,362,1203,361,0000,000,01F6,0000,004,0100,361,0000
362,0000,363,1203,362,0000,000,01F6,0000,004,0100,362,0000
363,0000,364,1203,363,0000,000,01F6,0000,004,0100,363,0000
364,0000,365,1203,364,0000,000,01F6,0000,004,0100,364,0000
365,0000,366,1203,365,0000,000,01F6,0000,004,0100,365,0000
366,0000,367,1203,366,0000,000,01F6,0000,004,0100,366,0000
367,0000,368,1203,367,0000,000,01F6,0000,004,0100,367,0000
368,0000,369,1203,368,0000,000,01F6,0000,004,0100,368,0000
369,0000,36A,1203,369,0000,000,01F6,0000,004,0100,369,0000
36A,0000,36B,1203,36A,0000,000,01F6,0000,004,0100,36A,0000
36B,0000,36C,1203,36B,0000,000,01F6,0000,004,0100,36B,0000
36C,0000,36D,1203,36C,0000,000,01F6,0000,004,0100,36C,0000
36D,0000,36E,1203,36D,0000,000,01F6,0000,004,0100,36D,0000
36E,0000,36F,1203,36E,0000,000,01F6,0000,004,0100,36E,0000
36F,0000,370,1203,36F,0000,000,01F6,0000,004,0100,36F,0000
370,0000,371,1203,370,0000,000,01F6,0000,004,0100,370,0000
371,0000,372,1203,371,0000,000,01F6,0000,004,0100,371,0000
372,0000,373,1203,372,0000,000,01F6,0000,004,0100,372,0000
373,0000,374,1203,373,0000,000,01F6,0000,004,0100,373,0000
374,0000,375,1203,374,0000,000,01F6,0000,004,0100,374,0000
375,0000,376,1203,375,0000,000,01F6,0000,004,0100,375,0000
376,0000,377,1203,376,0000,000,01F6,0000,004,0100,376,0000
377,0000,378,1203,377,0000,000,01F6,0000,004,0100,377,0000
378,0000,379,1203,378,0000,000,01F6,0000,004,0100,378,0000
379,0000,37A,1203,379,0000,000,01F6,0000,004,0100,379,0000
37A,0000,37B,1203,37A,0000,000,01F6,0000,004,0100,37A,0000
37B,0000,37C,1203,37B,0000,000,01F6,0000,004,0100,37B,0000
37C,0000,37D,1203,37C,0000,000,01F6,0000,004,0100,37C,0000
37D,0000,37E,1203,37D,0000,000,01F6,0000,004,0100,37D,0000
37E,0000,37F,1203,37E,0000,000,01F6,0000,004,0100,37E,0000
37F,0000,380,1203,37F,0000,000,01F6,0000,004,0100,37F,0000
380,0000,381,1203,380,0000,000,01F6,0000,004,0100,380,0000
381,0000,382,1203,381,0000,000,01F6,0000,004,0100,381,0000
382,0000,383,1203,382,0000,000,01F6,0000,004,0100,382,0000
383,0000,384,1203,383,0000,000,01F6,0000,004,0100,383,0000
384,0000,385,1203,384,0000,000,01F6,0000,004,0100,384,0000
385,0000,386,1203,385,0000,000,01F6,0000,004,0100,385,0000
386,0000,387,1203,386,0000,000,01F6,0000,004,0100,386,0000
387,0000,388,1203,387,0000,000,01F6,0000,004,0100,387,0000
388,0000,389,1203,388,0000,000,01F6,0000,004,0100,388,0000
389,0000,38A,1203,389,0000,000,01F6,0000,004,0100,389,0000
38A,0000,38B,1203,38A,0000,000,01F6,0000,004,0100,38A,0000
38B,0000,38C,1203,38B,0000,000,01F6,0000,004,0100,38B,0000
38C,0000,38D,1203,38C,0000,000,01F6,0000,004,0100,38C,0000
38D,0000,38E,1203,38D,0000,000,01F6,0000,004,0100,38D,0000
38E,0000,38F,1203,38E,0000,000,01F6,0000,004,0100,38E,0000
38F,0000,390,1203,38F,0000,000,01F6,0000,004,0100,38F,0000
390,0000,391,1203,390,0000,000,01F6,0000,004,0100,390,0000
391,0000,392,1203,391,0000,000,01F6,0000,004,0100,391,0000
392,0000,393,1203,392,0000,000,01F6,0000,004,0100,392,0000
393,0000,394,1203,393,0000,000,01F6,0000,004,0100,393,0000
394,0000,395,1203,394,0000,000,01F6,0000,004,0100,394,0000
395,0000,396,1203,395,0000,000,01F6,0000,004,0100,395,0000
396,0000,397,1203,396,0000,000,01F6,0000,004,0100,396,0000
397,0000,398,1203,397,0000,000,01F6,0000,004,0100,397,0000
398,0000,399,1203,398,0000,000,01F6,0000,004,0100,398,0000
399,0000,39A,1203,399,0000,000,01F6,0000,004,0100,399,0000
39A,0000,39B,1203,39A,0000,000,01F6,0000,004,0100,39A,0000
39B,0000,39C,1203,39B,0000,000,01F6,0000,004,0100,39B,0000
39C,0000,39D,1203,39C,0000,000,01F6,0000,004,0100,39C,0000
39D,0000,39E,1203,39D,0000,000,01F6,0000,004,0100,39D,0000
39E,0000,39F,1203,39E,0000,000,01F6,0000,004,0100,39E,0000
39F,0000,3A0,1203,39F,0000,000,01F6,0000,004,0100,39F,0000
3A0,0000,3A1,1203,3A0,0000,000,01F6,0000,004,0100,3A0,0000
3A1,0000,3A2,1203,3A1,0000,000,01F6,0000,004,0100,3A1,0000
3A2,0000,3A3,1203,3A2,0000,000,01F6,0000,004,0100,3A2,0000
3A3,0000,3A4,1203,3A3,0000,000,01F6,0000,004,0100,3A3,0000
3A4,0000,3A5,1203,3A4,0000,000,01F6,0000,004,0100,3A4,0000
3A5,0000,3A6,1203,3A5,0000,000,01F6,0000,004,0100,3A5,0000
3A6,0000,3A7,1203,3A6,0000,000,01F6,0000,004,0100,3A6,0000
3A7,0000,3A8,1203,3A7,0000,000,01F6,0000,004,0100,3A7,0000
3A8,0000,3A9,1203,3A8,0000,000,01F6,0000,004,0100,3A8,0000
3A9,0000,3AA,1203,3A9,0000,000,01F6,0000,004,0100,3A9,0000
3AA,0000,3AB,1203,3AA,0000,000,01F6,0000,004,0100,3AA,0000
3AB,0000,3AC,1203,3AB,0000,000,01F6,0000,004,0100,3AB,0000
3AC,0000,3AD,1203,3AC,0000,000,01F6,0000,004,0100,3AC,0000
3AD,0000,3AE,1203,3AD,0000,000,01F6,0000,004,0100,3AD,0000
3AE,0000,3AF,1203,3AE,0000,000,01F6,0000,004,0100,3AE,0000
3AF,0000,3B0,1203,3AF,0000,000,01F6,0000,004,0100,3AF,0000
3B0,0000,3B1,1203,3B0,0000,000,01F6,0000,004,0100,3B0,0000
3B1,0000,3B2,1203,3B1,0000,000,01F6,0000,004,0100,3B1,0000
3B2,0000,3B3,1203,3B2,0000,000,01F6,0000,004,0100,3B2,0000
3B3,0000,3B4,1203,3B3,0000,000,01F6,0000,004,0100,3B3,0000
3B4,0000,3B5,1203,3B4,0000,000,01F6,0000,004,0100,3B4,0000
3B5,0000,3B6,1203,3B5,0000,000,01F6,0000,004,0100,3B5,0000
3B6,0000,3B7,1203,3B6,0000,000,01F6,0000,004,0100,3B6,0000
3B7,0000,3B8,1203,3B7,0000,000,01F6,0000,004,0100,3B7,0000
3B8,0000,3B9,1203,3B8,0000,000,01F6,0000,004,0100,3B8,0000
3B9,0000,3BA,1203,3B9,0000,000,01F6,0000,004,0100,3B9,0000
3BA,0000,3BB,1203,3BA,0000,000,01F6,0000,004,0100,3BA,0000
3BB,0000,3BC,1203,3BB,0000,000,01F6,0000,004,0100,3BB,0000
3BC,0000,3BD,1203,3BC,0000,000,01F6,0000,004,0100,3BC,0000
3BD,0000,3BE,1203,3BD,0000,000,01F6,0000,004,0100,3BD,0000
3BE,0000,3BF,1203,3BE,0000,000,01F6,0000,004,0100,3BE,0000
3BF,0000,3C0,1203,3BF,0000,000,01F6,0000,004,0100,3BF,0000
3C0,0000,3C1,1203,3C0,0000,000,01F6,0000,004,0100,3C0,0000
3C1,0000,3C2,1203,3C1,0000,000,01F6,0000,004,0100,3C1,0000
3C2,0000,3C3,1203,3C2,0000,000,01F6,0000,004,0100,3C2,0000
3C3,0000,3C4,1203,3C3,0000,000,01F6,0000,004,0100,3C3,0000
3C4,0000,3C5,1203,3C4,0000,000,01F6,0000,004,0100,3C4,0000
3C5,0000,3C6,1203,3C5,0000,000,01F6,0000,004,0100,3C5,0000
3C6,0000,3C7,1203,3C6,0000,000,01F6,0000,004,0100,3C6,0000
3C7,0000,3C8,1203,3C7,0000,000,01F6,0000,004,0100,3C7,0000
3C8,0000,3C9,1203,3C8,0000,000,01F6,0000,004,0100,3C8,0000
3C9,0000,3CA,1203,3C9,0000,000,01F6,0000,004,0100,3C9,0000
3CA,0000,3CB,1203,3CA,0000,000,01F6,0000,004,0100,3CA,0000
3CB,0000,3CC,1203,3CB,0000,000,01F6,0000,004,0100,3CB,0000
3CC,0000,3CD,1203,3CC,0000,000,01F6,0000,004,0100,3CC,0000
3CD,0000,3CE,1203,3CD,0000,000,01F6,0000,004,0100,3CD,0000
3CE,0000,3CF,1203,3CE,0000,000,01F6,0000,004,0100,3CE,0000
3CF,0000,3D0,1203,3CF,0000,000,01F6,0000,004,0100,3CF,0000
3D0,0000,3D1,1203,3D0,0000,000,01F6,0000,004,0100,3D0,0000
3D1,0000,3D2,1203,3D1,0000,000,01F6,0000,004,0100,3D1,0000
3D2,0000,3D3,1203,3D2,0000,000,01F6,0000,004,0100,3D2,0000
3D3,0000,3D4,1203,3D3,0000,000,01F6,0000,004,0100,3D3,0000
3D4,0000,3D5,1203,3D4,0000,000,01F6,0000,004,0100,3D4,0000
3D5,0000,3D6,1203,3D5,0000,000,01F6,0000,004,0100,3D5,0000
3D6,0000,3D7,1203,3D6,0000,000,01F6,0000,004,0100,3D6,0000
3D7,0000,3D8,1203,3D7,0000,000,01F6,0000,004,0100,3D7,0000
3D8,0000,3D9,1203,3D8,0000,000,01F6,0000,004,0100,3D8,0000
3D9,0000,3DA,1203,3D9,0000,000,01F6,0000,004,0100,3D9,0000
3DA,0000,3DB,1203,3DA,0000,000,01F6,0000,004,0100,3DA,0000
3DB,0000,3DC,1203,3DB,0000,000,01F6,0000,004,0100,3DB,0000
3DC,0000,3DD,1203,3DC,0000,000,01F6,0000,004,0100,3DC,0000
3DD,0000,3DE,1203,3DD,0000,000,01F6,0000,004,0100,3DD,0000
3DE,0000,3DF,1203,3DE,0000,000,01F6,0000,004,0100,3DE,0000
3DF,0000,3E0,1203,3DF,0000,000,01F6,0000,004,0100,3DF,0000
3E0,0000,3E1,1203,3E0,0000,000,01F6,0000,004,0100,3E0,0000
3E1,0000,3E2,1203,3E1,0000,000,01F6,0000,004,0100,3E1,0000
3E2,0000,3E3,1203,3E2,0000,000,01F6,0000,004,0100,3E2,0000
3E3,0000,3E4,1203,3E3,0000,000,01F6,0000,004,0100,3E3,0000
3E4,0000,3E5,1203,3E4,0000,000,01F6,0000,004,0100,3E4,0000
3E5,0000,3E6,1203,3E5,0000,000,01F6,0000,004,0100,3E5,0000
3E6,0000,3E7,1203,3E6,0000,000,01F6,0000,004,0100,3E6,0000
3E7,0000,3E8,1203,3E7,0000,000,01F6,0000,004,0100,3E7,0000
3E8,0000,3E9,1203,3E8,0000,000,01F6,0000,004,0100,3E8,0000
3E9,0000,3EA,1203,3E9,0000,000,01F6,0000,004,0100,3E9,0000
3EA,0000,3EB,1203,3EA,0000,000,01F6,0000,004,0100,3EA,0000
3EB,0000,3EC,1203,3EB,0000,000,01F6,0000,004,0100,3EB,0000
3EC,0000,3ED,1203,3EC,0000,000,01F6,0000,004,0100,3EC,0000
3ED,0000,3EE,1203,3ED,0000,000,01F6,0000,004,0100,3ED,0000
3EE,0000,3EF,1203,3EE,0000,000,01F6,0000,004,0100,3EE,0000
3EF,0000,3F0,1203,3EF,0000,000,01F6,0000,004,0100,3EF,0000
3F0,0000,3F1,1203,3F0,0000,000,01F6,0000,004,0100,3F0,0000
3F1,0000,3F2,1203,3F1,0000,000,01F6,0000,004,0100,3F1,0000
3F2,0000,3F3,1203,3F2,0000,000,01F6,0000,004,0100,3F2,0000
3F3,0000,3F4,1203,3F3,0000,000,01F6,0000,004,0100,3F3,0000
3F4,0000,3F5,1203,3F4,0000,000,01F6,0000,004,0100,3F4,0000
3F5,0000,3F6,1203,3F5,0000,000,01F6,0000,004,0100,3F5,0000
3F6,0000,3F7,1203,3F6,0000,000,01F6,0000,004,0100,3F6,0000
3F7,0000,3F8,1203,3F7,0000,000,01F6,0000,004,0100,3F7,0000
3F8,0000,3F9,1203,3F8,0000,000,01F6,0000,004,0100,3F8,0000
3F9,0000,3FA,1203,3F9,0000,000,01F6,0000,004,0100,3F9,0000
3FA,0000,3FB,1203,3FA,0000,000,01F6,0000,004,0100,3FA,0000
3FB,0000,3FC,1203,3FB,0000,000,01F6,0000,004,0100,3FB,0000
3FC,0000,3FD,1203,3FC,0000,000,01F6,0000,004,0100,3FC,0000
3FD,0000,3FE,1203,3FD,0000,000,01F6,0000,004,0100,3FD,0000
3FE,0000,3FF,1203,3FE,0000,000,01F6,0000,004,0100,3FE,0000
3FF,0000,400,1203,3FF,0000,000,01F6,0000,004,0100,3FF,0000
400,0000,401,1203,400,0000,000,01F6,0000,004,0100,400,0000
401,0000,402,1203,401,0000,000,01F6,0000,004,0100,401,0000
402,0000,403,1203,402,0000,000,01F6,0000,004,0100,402,0000
403,0000,404,1203,403,0000,000,01F6,0000,004,0100,403,0000
404,0000,405,1203,404,0000,000,01F6,0000,004,0100,404,0000
405,0000,406,1203,405,0000,000,01F6,0000,004,0100,405,0000
406,0000,407,1203,406,0000,000,01F6,0000,004,0100,406,0000
407,0000,408,1203,407,0000,000,01F6,0000,004,0100,407,0000
408,0000,409,1203,408,0000,000,01F6,0000,004,0100,408,0000
409,0000,40A,1203,409,0000,000,01F6,0000,004,0100,409,0000
40A,0000,40B,1203,40A,0000,000,01F6,0000,004,0100,40A,0000
40B,0000,40C,1203,40B,0000,000,01F6,0000,004,0100,40B,0000
40C,0000,40D,1203,40C,0000,000,01F6,0000,004,0100,40C,0000
40D,0000,40E,1203,40D,0000,000,01F6,0000,004,0100,40D,0000
40E,0000,40F,1203,40E,0000,000,01F6,0000,004,0100,40E,0000
40F,0000,410,1203,40F,0000,000,01F6,0000,004,0100,40F,0000
410,0000,411,1203,410,0000,000,01F6,0000,004,0100,410,0000
411,0000,412,1203,411,0000,000,01F6,0000,004,0100,411,0000
412,0000,413,1203,412,0000,000,01F6,0000,004,0100,412,0000
413,0000,414,1203,413,0000,000,01F6,0000,004,0100,413,0000
414,0000,415,1203,414,0000,000,01F6,0000,004,0100,414,0000
415,0000,416,1203,415,0000,000,01F6,0000,004,0100,415,0000
416,0000,417,1203,416,0000,000,01F6,0000,004,0100,416,0000
417,0000,418,1203,417,0000,000,01F6,0000,004,0100,417,0000
418,0000,419,1203,418,0000,000,01F6,0000,004,0100,418,0000
419,0000,41A,1203,419,0000,000,01F6,0000,004,0100,419,0000
41A,0000,41B,1203,41A,0000,000,01F6,0000,004,0100,41A,0000
41B,0000,41C,1203,41B,0000,000,01F6,0000,004,0100,41B,0000
41C,0000,41D,1203,41C,0000,000,01F6,0000,004,0100,41C,0000
41D,0000,41E,1203,41D,0000,000,01F6,0000,004,0100,41D,0000
41E,0000,41F,1203,41E,0000,000,01F6,0000,004,0100,41E,0000
41F,0000,420,1203,41F,0000,000,01F6,0000,004,0100,41F,0000
420,0000,421,1203,420,0000,000,01F6,0000,004,0100,420,0000
421,0000,422,1203,421,0000,000,01F6,0000,004,0100,421,0000
422,0000,423,1203,422,0000,000,01F6,0000,004,0100,422,0000
423,0000,424,1203,423,0000,000,01F6,0000,004,0100,423,0000
424,0000,425,1203,424,0000,000,01F6,0000,004,0100,424,0000
425,0000,426,1203,425,0000,000,01F6,0000,004,0100,425,0000
426,0000,427,1203,426,0000,000,01F6,0000,004,0100,426,0000
427,0000,428,1203,427,0000,000,01F6,0000,004,0100,427,0000
428,0000,429,1203,428,0000,000,01F6,0000,004,0100,428,0000
429,0000,42A,1203,429,0000,000,01F6,0000,004,0100,429,0000
42A,0000,42B,1203,42A,0000,000,01F6,0000,004,0100,42A,0000
42B,0000,42C,1203,42B,0000,000,01F6,0000,004,0100,42B,0000
42C,0000,42D,1203,42C,0000,000,01F6,0000,004,0100,42C,0000
42D,0000,42E,1203,42D,0000,000,01F6,0000,004,0100,42D,0000
42E,0000,42F,1203,42E,0000,000,01F6,0000,004,0100,42E,0000
42F,0000,430,1203,42F,0000,000,01F6,0000,004,0100,42F,0000
430,0000,431,1203,430,0000,000,01F6,0000,004,0100,430,0000
431,0000,432,1203,431,0000,000,01F6,0000,004,0100,431,0000
432,0000,433,1203,432,0000,000,01F6,0000,004,0100,432,0000
433,0000,434,1203,433,0000,000,01F6,0000,004,0100,433,0000
434,0000,435,1203,434,0000,000,01F6,0000,004,0100,434,0000
435,0000,436,1203,435,0000,000,01F6,0000,004,0100,435,0000
436,0000,437,1203,436,0000,000,01F6,0000,004,0100,436,0000
437,0000,438,1203,437,0000,000,01F6,0000,004,0100,437,0000
438,0000,439,1203,438,0000,000,01F6,0000,004,0100,438,0000
439,0000,43A,1203,439,0000,000,01F6,0000,004,0100,439,0000
43A,0000,43B,1203,43A,0000,000,01F6,0000,004,0100,43A,0000
43B,0000,43C,1203,43B,0000,000,01F6,0000,004,0100,43B,0000
43C,0000,43D,1203,43C,0000,000,01F6,0000,004,0100,43C,0000
43D,0000,43E,1203,43D,0000,000,01F6,0000,004,0100,43D,0000
43E,0000,43F,1203,43E,0000,000,01F6,0000,004,0100,43E,0000
43F,0000,440,1203,43F,0000,000,01F6,0000,004,0100,43F,0000
440,0000,441,1203,440,0000,000,01F6,0000,004,0100,440,0000
441,0000,442,1203,441,0000,000,01F6,0000,004,0100,441,0000
442,0000,443,1203,442,0000,000,01F6,0000,004,0100,442,0000
443,0000,444,1203,443,0000,000,01F6,0000,004,0100,443,0000
444,0000,445,1203,444,0000,000,01F6,0000,004,0100,444,0000
445,0000,446,1203,445,0000,000,01F6,0000,004,0100,445,0000
446,0000,447,1203,446,0000,000,01F6,0000,004,0100,446,0000
447,0000,448,1203,447,0000,000,01F6,0000,004,0100,447,0000
448,0000,449,1203,448,0000,000,01F6,0000,004,0100,448,0000
449,0000,44A,1203,449,0000,000,01F6,0000,004,0100,449,0000
44A,0000,44B,1203,44A,0000,000,01F6,0000,004,0100,44A,0000
44B,0000,44C,1203,44B,0000,000,01F6,0000,004,0100,44B,0000
44C,0000,44D,1203,44C,0000,000,01F6,0000,004,0100,44C,0000
44D,0000,44E,1203,44D,0000,000,01F6,0000,004,0100,44D,0000
44E,0000,44F,1203,44E,0000,000,01F6,0000,004,0100,44E,0000
44F,0000,450,1203,44F,0000,000,01F6,0000,004,0100,44F,0000
450,0000,451,1203,450,0000,000,01F6,0000,004,0100,450,0000
451,0000,452,1203,451,0000,000,01F6,0000,004,0100,451,0000
452,0000,453,1203,452,0000,000,01F6,0000,004,0100,452,0000
453,0000,454,1203,453,0000,000,01F6,0000,004,0100,453,0000
454,0000,455,1203,454,0000,000,01F6,0000,004,0100,454,0000
455,0000,456,1203,455,0000,000,01F6,0000,004,0100,455,0000
456,0000,457,1203,456,0000,000,01F6,0000,004,0100,456,0000
457,0000,458,1203,457,0000,000,01F6,0000,004,0100,457,0000
458,0000,459,1203,458,0000,000,01F6,0000,004,0100,458,0000
459,0000,45A,1203,459,0000,000,01F6,0000,004,0100,459,0000
45A,0000,45B,1203,45A,0000,000,01F6,0000,004,0100,45A,0000
45B,0000,45C,1203,45B,0000,000,01F6,0000,004,0100,45B,0000
45C,0000,45D,1203,45C,0000,000,01F6,0000,004,0100,45C,0000
45D,0000,45E,1203,45D,0000,000,01F6,0000,004,0100,45D,0000
45E,0000,45F,1203,45E,0000,000,01F6,0000,004,0100,45E,0000
45F,0000,460,1203,45F,0000,000,01F6,0000,004,0100,45F,0000
460,0000,461,1203,460,0000,000,01F6,0000,004,0100,460,0000
461,0000,462,1203,461,0000,000,01F6,0000,004,0100,461,0000
462,0000,463,1203,462,0000,000,01F6,0000,004,0100,462,0000
463,0000,464,1203,463,0000,000,01F6,0000,004,0100,463,0000
464,0000,465,1203,464,0000,000,01F6,0000,004,0100,464,0000
465,0000,466,1203,465,0000,000,01F6,0000,004,0100,465,0000
466,0000,467,1203,466,0000,000,01F6,0000,004,0100,466,0000
467,0000,468,1203,467,0000,000,01F6,0000,004,0100,467,0000
468,0000,469,1203,468,0000,000,01F6,0000,004,0100,468,0000
469,0000,46A,1203,469,0000,000,01F6,0000,004,0100,469,0000
46A,0000,46B,1203,46A,0000,000,01F6,0000,004,0100,46A,0000
46B,0000,46C,1203,46B,0000,000,01F6,0000,004,0100,46B,0000
46C,0000,46D,1203,46C,0000,000,01F6,0000,004,0100,46C,0000
46D,0000,46E,1203,46D,0000,000,01F6,0000,004,0100,46D,0000
46E,0000,46F,1203,46E,0000,000,01F6,0000,004,0100,46E,0000
46F,0000,470,1203,46F,0000,000,01F6,0000,004,0100,46F,0000
470,0000,471,1203,470,0000,000,01F6,0000,004,0100,470,0000
471,0000,472,1203,471,0000,000,01F6,0000,004,0100,471,0000
472,0000,473,1203,472,0000,000,01F6,0000,004,0100,472,0000
473,0000,474,1203,473,0000,000,01F6,0000,004,0100,473,0000
474,0000,475,1203,474,0000,000,01F6,0000,004,0100,474,0000
475,0000,476,1203,475,0000,000,01F6,0000,004,0100,475,0000
476,0000,477,1203,476,0000,000,01F6,0000,004,0100,476,0000
477,0000,478,1203,477,0000,000,01F6,0000,004,0100,477,0000
478,0000,479,1203,478,0000,000,01F6,0000,004,0100,478,0000
479,0000,47A,1203,479,0000,000,01F6,0000,004,0100,479,0000
47A,0000,47B,1203,47A,0000,000,01F6,0000,004,0100,47A,0000
47B,0000,47C,1203,47B,0000,000,01F6,0000,004,0100,47B,0000
47C,0000,47D,1203,47C,0000,000,01F6,0000,004,0100,47C,0000
47D,0000,47E,1203,47D,0000,000,01F6,0000,004,0100,47D,0000
47E,0000,47F,1203,47E,0000,000,01F6,0000,004,0100,47E,0000
47F,0000,480,1203,47F,0000,000,01F6,0000,004,0100,47F,0000
480,0000,481,1203,480,0000,000,01F6,0000,004,0100,480,0000
481,0000,482,1203,481,0000,000,01F6,0000,004,0100,481,0000
482,0000,483,1203,482,0000,000,01F6,0000,004,0100,482,0000
483,0000,484,1203,483,0000,000,01F6,0000,004,0100,483,0000
484,0000,485,1203,484,0000,000,01F6,0000,004,0100,484,0000
485,0000,486,1203,485,0000,000,01F6,0000,004,0100,485,0000
486,0000,487,1203,486,0000,000,01F6,0000,004,0100,486,0000
487,0000,488,1203,487,0000,000,01F6,0000,004,0100,487,0000
488,0000,489,1203,488,0000,000,01F6,0000,004,0100,488,0000
489,0000,48A,1203,489,0000,000,01F6,0000,004,0100,489,0000
48A,0000,48B,1203,48A,0000,000,01F6,0000,004,0100,48A,0000
48B,0000,48C,1203,48B,0000,000,01F6,0000,004,0100,48B,0000
48C,0000,48D,1203,48C,0000,000,01F6,0000,004,0100,48C,0000
48D,0000,48E,1203,48D,0000,000,01F6,0000,004,0100,48D,0000
48E,0000,48F,1203,48E,0000,000,01F6,0000,004,0100,48E,0000
48F,0000,490,1203,48F,0000,000,01F6,0000,004,0100,48F,0000
490,0000,491,1203,490,0000,000,01F6,0000,004,0100,490,0000
491,0000,492,1203,491,0000,000,01F6,0000,004,0100,491,0000
492,0000,493,1203,492,0000,000,01F6,0000,004,0100,492,0000
493,0000,494,1203,493,0000,000,01F6,0000,004,0100,493,0000
494,0000,495,1203,494,0000,000,01F6,0000,004,0100,494,0000
495,0000,496,1203,495,0000,000,01F6,0000,004,0100,495,0000
496,0000,497,1203,496,0000,000,01F6,0000,004,0100,496,0000
497,0000,498,1203,497,0000,000,01F6,0000,004,0100,497,0000
498,0000,499,1203,498,0000,000,01F6,0000,004,0100,498,0000
499,0000,49A,1203,499,0000,000,01F6,0000,004,0100,499,0000
49A,0000,49B,1203,49A,0000,000,01F6,0000,004,0100,49A,0000
49B,0000,49C,1203,49B,0000,000,01F6,0000,004,0100,49B,0000
49C,0000,49D,1203,49C,0000,000,01F6,0000,004,0100,49C,0000
49D,0000,49E,1203,49D,0000,000,01F6,0000,004,0100,49D,0000
49E,0000,49F,1203,49E,0000,000,01F6,0000,004,0100,49E,0000
49F,0000,4A0,1203,49F,0000,000,01F6,0000,004,0100,49F,0000
4A0,0000,4A1,1203,4A0,0000,000,01F6,0000,004,0100,4A0,0000
4A1,0000,4A2,1203,4A1,0000,000,01F6,0000,004,0100,4A1,0000
4A2,0000,4A3,1203,4A2,0000,000,01F6,0000,004,0100,4A2,0000
4A3,0000,4A4,1203,4A3,0000,000,01F6,0000,004,0100,4A3,0000
4A4,0000,4A5,1203,4A4,0000,000,01F6,0000,004,0100,4A4,0000
4A5,0000,4A6,1203,4A5,0000,000,01F6,0000,004,0100,4A5,0000
4A6,0000,4A7,1203,4A6,0000,000,01F6,0000,004,0100,4A6,0000
4A7,0000,4A8,1203,4A7,0000,000,01F6,0000,004,0100,4A7,0000
4A8,0000,4A9,1203,4A8,0000,000,01F6,0000,004,0100,4A8,0000
4A9,0000,4AA,1203,4A9,0000,000,01F6,0000,004,0100,4A9,0000
4AA,0000,4AB,1203,4AA,0000,000,01F6,0000,004,0100,4AA,0000
4AB,0000,4AC,1203,4AB,0000,000,01F6,0000,004,0100,4AB,0000
4AC,0000,4AD,1203,4AC,0000,000,01F6,0000,004,0100,4AC,0000
4AD,0000,4AE,1203,4AD,0000,000,01F6,0000,004,0100,4AD,0000
4AE,0000,4AF,1203,4AE,0000,000,01F6,0000,004,0100,4AE,0000
4AF,0000,4B0,1203,4AF,0000,000,01F6,0000,004,0100,4AF,0000
4B0,0000,4B1,1203,4B0,0000,000,01F6,0000,004,0100,4B0,0000
4B1,0000,4B2,1203,4B1,0000,000,01F6,0000,004,0100,4B1,0000
4B2,0000,4B3,1203,4B2,0000,000,01F6,0000,004,0100,4B2,0000
4B3,0000,4B4,1203,4B3,0000,000,01F6,0000,004,0100,4B3,0000
4B4,0000,4B5,1203,4B4,0000,000,01F6,0000,004,0100,4B4,0000
4B5,0000,4B6,1203,4B5,0000,000,01F6,0000,004,0100,4B5,0000
4B6,0000,4B7,1203,4B6,0000,000,01F6,0000,004,0100,4B6,0000
4B7,0000,4B8,1203,4B7,0000,000,01F6,0000,004,0100,4B7,0000
4B8,0000,4B9,1203,4B8,0000,000,01F6,0000,004,0100,4B8,0000
4B9,0000,4BA,1203,4B9,0000,000,01F6,0000,004,0100,4B9,0000
4BA,0000,4BB,1203,4BA,0000,000,01F6,0000,004,0100,4BA,0000
4BB,0000,4BC,1203,4BB,0000,000,01F6,0000,004,0100,4BB,0000
4BC,0000,4BD,1203,4BC,0000,000,01F6,0000,004,0100,4BC,0000
4BD,0000,4BE,1203,4BD,0000,000,01F6,0000,004,0100,4BD,0000
4BE,0000,4BF,1203,4BE,0000,000,01F6,0000,004,0100,4BE,0000
4BF,0000,4C0,1203,4BF,0000,000,01F6,0000,004,0100,4BF,0000
4C0,0000,4C1,1203,4C0,0000,000,01F6,0000,004,0100,4C0,0000
4C1,0000,4C2,1203,4C1,0000,000,01F6,0000,004,0100,4C1,0000
4C2,0000,4C3,1203,4C2,0000,000,01F6,0000,004,0100,4C2,0000
4C3,0000,4C4,1203,4C3,0000,000,01F6,0000,004,0100,4C3,0000
4C4,0000,4C5,1203,4C4,0000,000,01F6,0000,004,0100,4C4,0000
4C5,0000,4C6,1203,4C5,0000,000,01F6,0000,004,0100,4C5,0000
4C6,0000,4C7,1203,4C6,0000,000,01F6,0000,004,0100,4C6,0000
4C7,0000,4C8,1203,4C7,0000,000,01F6,0000,004,0100,4C7,0000
4C8,0000,4C9,1203,4C8,0000,000,01F6,0000,004,0100,4C8,0000
4C9,0000,4CA,1203,4C9,0000,000,01F6,0000,004,0100,4C9,0000
4CA,0000,4CB,1203,4CA,0000,000,01F6,0000,004,0100,4CA,0000
4CB,0000,4CC,1203,4CB,0000,000,01F6,0000,004,0100,4CB,0000
4CC,0000,4CD,1203,4CC,0000,000,01F6,0000,004,0100,4CC,0000
4CD,0000,4CE,1203,4CD,0000,000,01F6,0000,004,0100,4CD,0000
4CE,0000,4CF,1203,4CE,0000,000,01F6,0000,004,0100,4CE,0000
4CF,0000,4D0,1203,4CF,0000,000,01F6,0000,004,0100,4CF,0000
4D0,0000,4D1,1203,4D0,0000,000,01F6,0000,004,0100,4D0,0000
4D1,0000,4D2,1203,4D1,0000,000,01F6,0000,004,0100,4D1,0000
4D2,0000,4D3,1203,4D2,0000,000,01F6,0000,004,0100,4D2,0000
4D3,0000,4D4,1203,4D3,0000,000,01F6,0000,004,0100,4D3,0000
4D4,0000,4D5,1203,4D4,0000,000,01F6,0000,004,0100,4D4,0000
4D5,0000,4D6,1203,4D5,0000,000,01F6,0000,004,0100,4D5,0000
4D6,0000,4D7,1203,4D6,0000,000,01F6,0000,004,0100,4D6,0000
4D7,0000,4D8,1203,4D7,0000,000,01F6,0000,004,0100,4D7,0000
4D8,0000,4D9,1203,4D8,0000,000,01F6,0000,004,0100,4D8,0000
4D9,0000,4DA,1203,4D9,0000,000,01F6,0000,004,0100,4D9,0000
4DA,0000,4DB,1203,4DA,0000,000,01F6,0000,004,0100,4DA,0000
4DB,0000,4DC,1203,4DB,0000,000,01F6,0000,004,0100,4DB,0000
4DC,0000,4DD,1203,4DC,0000,000,01F6,0000,004,0100,4DC,0000
4DD,0000,4DE,1203,4DD,0000,000,01F6,0000,004,0100,4DD,0000
4DE,0000,4DF,1203,4DE,0000,000,01F6,0000,004,0100,4DE,0000
4DF,0000,4E0,1203,4DF,0000,000,01F6,0000,004,0100,4DF,0000
4E0,0000,4E1,1203,4E0,0000,000,01F6,0000,004,0100,4E0,0000
4E1,0000,4E2,1203,4E1,0000,000,01F6,0000,004,0100,4E1,0000
4E2,0000,4E3,1203,4E2,0000,000,01F6,0000,004,0100,4E2,0000
4E3,0000,4E4,1203,4E3,0000,000,01F6,0000,004,0100,4E3,0000
4E4,0000,4E5,1203,4E4,0000,000,01F6,0000,004,0100,4E4,0000
4E5,0000,4E6,1203,4E5,0000,000,01F6,0000,004,0100,4E5,0000
4E6,0000,4E7,1203,4E6,0000,000,01F6,0000,004,0100,4E6,0000
4E7,0000,4E8,1203,4E7,0000,000,01F6,0000,004,0100,4E7,0000
4E8,0000,4E9,1203,4E8,0000,000,01F6,0000,004,0100,4E8,0000
4E9,0000,4EA,1203,4E9,0000,000,01F6,0000,004,0100,4E9,0000
4EA,0000,4EB,1203,4EA,0000,000,01F6,0000,004,0100,4EA,0000
4EB,0000,4EC,1203,4EB,0000,000,01F6,0000,004,0100,4EB,0000
4EC,0000,4ED,1203,4EC,0000,000,01F6,0000,004,0100,4EC,0000
4ED,0000,4EE,1203,4ED,0000,000,01F6,0000,004,0100,4ED,0000
4EE,0000,4EF,1203,4EE,0000,000,01F6,0000,004,0100,4EE,0000
4EF,0000,4F0,1203,4EF,0000,000,01F6,0000,004,0100,4EF,0000
4F0,0000,4F1,1203,4F0,0000,000,01F6,0000,004,0100,4F0,0000
4F1,0000,4F2,1203,4F1,0000,000,01F6,0000,004,0100,4F1,0000
4F2,0000,4F3,1203,4F2,0000,000,01F6,0000,004,0100,4F2,0000
4F3,0000,4F4,1203,4F3,0000,000,01F6,0000,004,0100,4F3,0000
4F4,0000,4F5,1203,4F4,0000,000,01F6,0000,004,0100,4F4,0000
4F5,0000,4F6,1203,4F5,0000,000,01F6,0000,004,0100,4F5,0000
4F6,0000,4F7,1203,4F6,0000,000,01F6,0000,004,0100,4F6,0000
4F7,0000,4F8,1203,4F7,0000,000,01F6,0000,004,0100,4F7,0000
4F8,0000,4F9,1203,4F8,0000,000,01F6,0000,004,0100,4F8,0000
4F9,0000,4FA,1203,4F9,0000,000,01F6,0000,004,0100,4F9,0000
4FA,0000,4FB,1203,4FA,0000,000,01F6,0000,004,0100,4FA,0000
4FB,0000,4FC,1203,4FB,0000,000,01F6,0000,004,0100,4FB,0000
4FC,0000,4FD,1203,4FC,0000,000,01F6,0000,004,0100,4FC,0000
4FD,0000,4FE,1203,4FD,0000,000,01F6,0000,004,0100,4FD,0000
4FE,0000,4FF,1203,4FE,0000,000,01F6,0000,004,0100,4FE,0000
4FF,0000,500,1203,4FF,0000,000,01F6,0000,004,0100,4FF,0000
500,0000,501,1203,500,0000,000,01F6,0000,004,0100,500,0000
501,0000,502,1203,501,0000,000,01F6,0000,004,0100,501,0000
502,0000,503,1203,502,0000,000,01F6,0000,004,0100,502,0000
503,0000,504,1203,503,0000,000,01F6,0000,004,0100,503,0000
504,0000,505,1203,504,0000,000,01F6,0000,004,0100,504,0000
505,0000,506,1203,505,0000,000,01F6,0000,004,0100,505,0000
506,0000,507,1203,506,0000,000,01F6,0000,004,0100,506,0000
507,0000,508,1203,507,0000,000,01F6,0000,004,0100,507,0000
508,0000,509,1203,508,0000,000,01F6,0000,004,0100,508,0000
509,0000,50A,1203,509,0000,000,01F6,0000,004,0100,509,0000
50A,0000,50B,1203,50A,0000,000,01F6,0000,004,0100,50A,0000
50B,0000,50C,1203,50B,0000,000,01F6,0000,004,0100,50B,0000
50C,0000,50D,1203,50C,0000,000,01F6,0000,004,0100,50C,0000
50D,0000,50E,1203,50D,0000,000,01F6,0000,004,0100,50D,0000
50E,0000,50F,1203,50E,0000,000,01F6,0000,004,0100,50E,0000
50F,0000,510,1203,50F,0000,000,01F6,0000,004,0100,50F,0000
510,0000,511,1203,510,0000,000,01F6,0000,004,0100,510,0000
511,0000,512,1203,511,0000,000,01F6,0000,004,0100,511,0000
512,0000,513,1203,512,0000,000,01F6,0000,004,0100,512,0000
513,0000,514,1203,513,0000,000,01F6,0000,004,0100,513,0000
514,0000,515,1203,514,0000,000,01F6,0000,004,0100,514,0000
515,0000,516,1203,515,0000,000,01F6,0000,004,0100,515,0000
516,0000,517,1203,516,0000,000,01F6,0000,004,0100,516,0000
517,0000,518,1203,517,0000,000,01F6,0000,004,0100,517,0000
518,0000,519,1203,518,0000,000,01F6,0000,004,0100,518,0000
519,0000,51A,1203,519,0000,000,01F6,0000,004,0100,519,0000
51A,0000,51B,1203,51A,0000,000,01F6,0000,004,0100,51A,0000
51B,0000,51C,1203,51B,0000,000,01F6,0000,004,0100,51B,0000
51C,0000,51D,1203,51C,0000,000,01F6,0000,004,0100,51C,0000
51D,0000,51E,1203,51D,0000,000,01F6,0000,004,0100,51D,0000
51E,0000,51F,1203,51E,0000,000,01F6,0000,004,0100,51E,0000
51F,0000,520,1203,51F,0000,000,01F6,0000,004,0100,51F,0000
520,0000,521,1203,520,0000,000,01F6,0000,004,0100,520,0000
521,0000,522,1203,521,0000,000,01F6,0000,004,0100,521,0000
522,0000,523,1203,522,0000,000,01F6,0000,004,0100,522,0000
523,0000,524,1203,523,0000,000,01F6,0000,004,0100,523,0000
524,0000,525,1203,524,0000,000,01F6,0000,004,0100,524,0000
525,0000,526,1203,525,0000,000,01F6,0000,004,0100,525,0000
526,0000,527,1203,526,0000,000,01F6,0000,004,0100,526,0000
527,0000,528,1203,527,0000,000,01F6,0000,004,0100,527,0000
528,0000,529,1203,528,0000,000,01F6,0000,004,0100,528,0000
529,0000,52A,1203,529,0000,000,01F6,0000,004,0100,529,0000
52A,0000,52B,1203,52A,0000,000,01F6,0000,004,0100,52A,0000
52B,0000,52C,1203,52B,0000,000,01F6,0000,004,0100,52B,0000
52C,0000,52D,1203,52C,0000,000,01F6,0000,004,0100,52C,0000
52D,0000,52E,1203,52D,0000,000,01F6,0000,004,0100,52D,0000
52E,0000,52F,1203,52E,0000,000,01F6,0000,004,0100,52E,0000
52F,0000,530,1203,52F,0000,000,01F6,0000,004,0100,52F,0000
530,0000,531,1203,530,0000,000,01F6,0000,004,0100,530,0000
531,0000,532,1203,531,0000,000,01F6,0000,004,0100,531,0000
532,0000,533,1203,532,0000,000,01F6,0000,004,0100,532,0000
533,0000,534,1203,533,0000,000,01F6,0000,004,0100,533,0000
534,0000,535,1203,534,0000,000,01F6,0000,004,0100,534,0000
535,0000,536,1203,535,0000,000,01F6,0000,004,0100,535,0000
536,0000,537,1203,536,0000,000,01F6,0000,004,0100,536,0000
537,0000,538,1203,537,0000,000,01F6,0000,004,0100,537,0000
538,0000,539,1203,538,0000,000,01F6,0000,004,0100,538,0000
539,0000,53A,1203,539,0000,000,01F6,0000,004,0100,539,0000
53A,0000,53B,1203,53A,0000,000,01F6,0000,004,0100,53A,0000
53B,0000,53C,1203,53B,0000,000,01F6,0000,004,0100,53B,0000
53C,0000,53D,1203,53C,0000,000,01F6,0000,004,0100,53C,0000
53D,0000,53E,1203,53D,0000,000,01F6,0000,004,0100,53D,0000
53E,0000,53F,1203,53E,0000,000,01F6,0000,004,0100,53E,0000
53F,0000,540,1203,53F,0000,000,01F6,0000,004,0100,53F,0000
540,0000,541,1203,540,0000,000,01F6,0000,004,0100,540,0000
541,0000,542,1203,541,0000,000,01F6,0000,004,0100,541,0000
542,0000,543,1203,542,0000,000,01F6,0000,004,0100,542,0000
543,0000,544,1203,543,0000,000,01F6,0000,004,0100,543,0000
544,0000,545,1203,544,0000,000,01F6,0000,004,0100,544,0000
545,0000,546,1203,545,0000,000,01F6,0000,004,0100,545,0000
546,0000,547,1203,546,0000,000,01F6,0000,004,0100,546,0000
547,0000,548,1203,547,0000,000,01F6,0000,004,0100,547,0000
548,0000,549,1203,548,0000,000,01F6,0000,004,0100,548,0000
549,0000,54A,1203,549,0000,000,01F6,0000,004,0100,549,0000
54A,0000,54B,1203,54A,0000,000,01F6,0000,004,0100,54A,0000
54B,0000,54C,1203,54B,0000,000,01F6,0000,004,0100,54B,0000
54C,0000,54D,1203,54C,0000,000,01F6,0000,004,0100,54C,0000
54D,0000,54E,1203,54D,0000,000,01F6,0000,004,0100,54D,0000
54E,0000,54F,1203,54E,0000,000,01F6,0000,004,0100,54E,0000
54F,0000,550,1203,54F,0000,000,01F6,0000,004,0100,54F,0000
550,0000,551,1203,550,0000,000,01F6,0000,004,0100,550,0000
551,0000,552,1203,551,0000,000,01F6,0000,004,0100,551,0000
552,0000,553,1203,552,0000,000,01F6,0000,004,0100,552,0000
553,0000,554,1203,553,0000,000,01F6,0000,004,0100,553,0000
554,0000,555,1203,554,0000,000,01F6,0000,004,0100,554,0000
555,0000,556,1203,555,0000,000,01F6,0000,004,0100,555,0000
556,0000,557,1203,556,0000,000,01F6,0000,004,0100,556,0000
557,0000,558,1203,557,0000,000,01F6,0000,004,0100,557,0000
558,0000,559,1203,558,0000,000,01F6,0000,004,0100,558,0000
559,0000,55A,1203,559,0000,000,01F6,0000,004,0100,559,0000
55A,0000,55B,1203,55A,0000,000,01F6,0000,004,0100,55A,0000
55B,0000,55C,1203,55B,0000,000,01F6,0000,004,0100,55B,0000
55C,0000,55D,1203,55C,0000,000,01F6,0000,004,0100,55C,0000
55D,0000,55E,1203,55D,0000,000,01F6,0000,004,0100,55D,0000
55E,0000,55F,1203,55E,0000,000,01F6,0000,004,0100,55E,0000
55F,0000,560,1203,55F,0000,000,01F6,0000,004,0100,55F,0000
560,0000,561,1203,560,0000,000,01F6,0000,004,0100,560,0000
561,0000,562,1203,561,0000,000,01F6,0000,004,0100,561,0000
562,0000,563,1203,562,0000,000,01F6,0000,004,0100,562,0000
563,0000,564,1203,563,0000,000,01F6,0000,004,0100,563,0000
564,0000,565,1203,564,0000,000,01F6,0000,004,0100,564,0000
565,0000,566,1203,565,0000,000,01F6,0000,004,0100,565,0000
566,0000,567,1203,566,0000,000,01F6,0000,004,0100,566,0000
567,0000,568,1203,567,0000,000,01F6,0000,004,0100,567,0000
568,0000,569,1203,568,0000,000,01F6,0000,004,0100,568,0000
569,0000,56A,1203,569,0000,000,01F6,0000,004,0100,569,0000
56A,0000,56B,1203,56A,0000,000,01F6,0000,004,0100,56A,0000
56B,0000,56C,1203,56B,0000,000,01F6,0000,004,0100,56B,0000
56C,0000,56D,1203,56C,0000,000,01F6,0000,004,0100,56C,0000
56D,0000,56E,1203,56D,0000,000,01F6,0000,004,0100,56D,0000
56E,0000,56F,1203,56E,0000,000,01F6,0000,004,0100,56E,0000
56F,0000,570,1203,56F,0000,000,01F6,0000,004,0100,56F,0000
570,0000,571,1203,570,0000,000,01F6,0000,004,0100,570,0000
571,0000,572,1203,571,0000,000,01F6,0000,004,0100,571,0000
572,0000,573,1203,572,0000,000,01F6,0000,004,0100,572,0000
573,0000,574,1203,573,0000,000,01F6,0000,004,0100,573,0000
574,0000,575,1203,574,0000,000,01F6,0000,004,0100,574,0000
575,0000,576,1203,575,0000,000,01F6,0000,004,0100,575,0000
576,0000,577,1203,576,0000,000,01F6,0000,004,0100,576,0000
577,0000,578,1203,577,0000,000,01F6,0000,004,0100,577,0000
578,0000,579,1203,578,0000,000,01F6,0000,004,0100,578,0000
579,0000,57A,1203,579,0000,000,01F6,0000,004,0100,579,0000
57A,0000,57B,1203,57A,0000,000,01F6,0000,004,0100,57A,0000
57B,0000,57C,1203,57B,0000,000,01F6,0000,004,0100,57B,0000
57C,0000,57D,1203,57C,0000,000,01F6,0000,004,0100,57C,0000
57D,0000,57E,1203,57D,0000,000,01F6,0000,004,0100,57D,0000
57E,0000,57F,1203,57E,0000,000,01F6,0000,004,0100,57E,0000
57F,0000,580,1203,57F,0000,000,01F6,0000,004,0100,57F,0000
580,0000,581,1203,580,0000,000,01F6,0000,004,0100,580,0000
581,0000,582,1203,581,0000,000,01F6,0000,004,0100,581,0000
582,0000,583,1203,582,0000,000,01F6,0000,004,0100,582,0000
583,0000,584,1203,583,0000,000,01F6,0000,004,0100,583,0000
584,0000,585,1203,584,0000,000,01F6,0000,004,0100,584,0000
585,0000,586,1203,585,0000,000,01F6,0000,004,0100,585,0000
586,0000,587,1203,586,0000,000,01F6,0000,004,0100,586,0000
587,0000,588,1203,587,0000,000,01F6,0000,004,0100,587,0000
588,0000,589,1203,588,0000,000,01F6,0000,004,0100,588,0000
589,0000,58A,1203,589,0000,000,01F6,0000,004,0100,589,0000
58A,0000,58B,1203,58A,0000,000,01F6,0000,004,0100,58A,0000
58B,0000,58C,1203,58B,0000,000,01F6,0000,004,0100,58B,0000
58C,0000,58D,1203,58C,0000,000,01F6,0000,004,0100,58C,0000
58D,0000,58E,1203,58D,0000,000,01F6,0000,004,0100,58D,0000
58E,0000,58F,1203,58E,0000,000,01F6,0000,004,0100,58E,0000
58F,0000,590,1203,58F,0000,000,01F6,0000,004,0100,58F,0000
590,0000,591,1203,590,0000,000,01F6,0000,004,0100,590,0000
591,0000,592,1203,591,0000,000,01F6,0000,004,0100,591,0000
592,0000,593,1203,592,0000,000,01F6,0000,004,0100,592,0000
593,0000,594,1203,593,0000,000,01F6,0000,004,0100,593,0000
594,0000,595,1203,594,0000,000,01F6,0000,004,0100,594,0000
595,0000,596,1203,595,0000,000,01F6,0000,004,0100,595,0000
596,0000,597,1203,596,0000,000,01F6,0000,004,0100,596,0000
597,0000,598,1203,597,0000,000,01F6,0000,004,0100,597,0000
598,0000,599,1203,598,0000,000,01F6,0000,004,0100,598,0000
599,0000,59A,1203,599,0000,000,01F6,0000,004,0100,599,0000
59A,0000,59B,1203,59A,0000,000,01F6,0000,004,0100,59A,0000
59B,0000,59C,1203,59B,0000,000,01F6,0000,004,0100,59B,0000
59C,0000,59D,1203,59C,0000,000,01F6,0000,004,0100,59C,0000
59D,0000,59E,1203,59D,0000,000,01F6,0000,004,0100,59D,0000
59E,0000,59F,1203,59E,0000,000,01F6,0000,004,0100,59E,0000
59F,0000,5A0,1203,59F,0000,000,01F6,0000,004,0100,59F,0000
5A0,0000,5A1,1203,5A0,0000,000,01F6,0000,004,0100,5A0,0000
5A1,B1D8,5A2,1203,5A1,B1D8,000,01F6,0000,004,0100,5A1,B1D8
5A2,D2D5,5A3,1203,5A2,D2D5,000,01F6,0000,004,0100,5A2,D2D5
5A3,DEDF,5A4,1203,5A3,DEDF,000,01F6,0000,004,0100,5A3,DEDF
5A4,3B00,5A5,1203,5A4,3B00,000,01F6,0000,004,0100,5A4,3B00
5A5,0000,1F5,1203,5A4,3B00,000,01F6,0000,004,0100
1F5,CE00,1F3,1203,5A4,3B00,000,01F6,0000,084,0100
1F3,0001,20C,0100,20B,0100,7FF,020B,0000,084,0100,1F3,0001
,                                 ,7FF,0201
,                                 ,1F4,05A5
20C,0000,318,0000,317,0000,000,0317,0000,004,0100
318,0000,1F3,0000,317,0000,000,0317,0000,004,0100
1F3,0000,1F4,0000,1F3,0000,000,0317,0000,004,0100,1F3,0000
1F4,05A1,1F5,0000,1F4,05A1,000,0317,0000,004,0100,1F4,05A1
1F5,CE00,1F6,0000,1F5,CE00,000,0317,0000,004,0100,1F5,CE00
1F6,1203,1F7,0000,1F6,1203,000,0317,0000,004,0100,1F6,1203
1F7,2F40,1F8,0000,1F7,2F40,000,0317,0000,004,0100,1F7,2F40
1F8,F0FD,1F9,0000,1F8,F0FD,000,0317,0000,004,0100,1F8,F0FD
1F9,AEF9,1FA,0000,1F9,AEF9,000,0317,0000,004,0100,1F9,AEF9
1FA,F001,1FB,0000,1FA,F001,000,0317,0000,004,0100,1FA,F001
1FB,CE06,1FC,0000,1FB,CE06,000,0317,0000,004,0100,1FB,CE06
1FC,0700,1FD,0000,1FC,0700,000,0317,0000,004,0100,1FC,0700
1FD,EEF5,1FE,0000,1FD,EEF5,000,0317,0000,004,0100,1FD,EEF5
1FE,A8F5,1FF,0000,1FE,A8F5,000,0317,0000,004,0100,1FE,A8F5
1FF,0680,200,0000,1FF,0680,000,0317,0000,004,0100,1FF,0680
200,DE06,201,0000,200,DE06,000,0317,0000,004,0100,200,DE06
201,CEF4,202,0000,201,CEF4,000,0317,0000,004,0100,201,CEF4
202,0200,203,0000,202,0200,000,0317,0000,004,0100,202,0200
203,EEEF,204,0000,203,EEEF,000,0317,0000,004,0100,203,EEEF
204,AAEF,205,0000,204,AAEF,000,0317,0000,004,0100,204,AAEF
205,DE01,206,0000,205,DE01,000,0317,0000,004,0100,205,DE01
206,CEEF,207,0000,206,CEEF,000,0317,0000,004,0100,206,CEEF
207,1302,208,0000,207,1302,000,0317,0000,004,0100,207,1302
208,2FFF,209,0000,208,2FFF,000,0317,0000,004,0100,208,2FFF
209,F001,20A,0000,209,F001,000,0317,0000,004,0100,209,F001
20A,0A00,20B,0000,20A,0A00,000,0317,0000,004,0100,20A,0A00
20B,0100,20C,0000,20B,0100,000,0317,0000,004,0100,20B,0100
20C,0000,20D,0000,20C,0000,000,0317,0000,004,0100,20C,0000
20D,0000,20E,0000,20D,0000,000,0317,0000,004,0100,20D,0000
20E,0000,20F,0000,20E,0000,000,0317,0000,004,0100,20E,0000
20F,0000,210,0000,20F,0000,000,0317,0000,004,0100,20F,0000
210,0000,211,0000,210,0000,000,0317,0000,004,0100,210,0000
211,0000,212,0000,211,0000,000,0317,0000,004,0100,211,0000
212,0000,213,0000,212,0000,000,0317,0000,004,0100,212,0000
213,0000,214,0000,213,0000,000,0317,0000,004,0100,213,0000
214,0000,215,0000,214,0000,000,0317,0000,004,0100,214,0000
215,0000,216,0000,215,0000,000,0317,0000,004,0100,215,0000
216,0000,217,0000,216,0000,000,0317,0000,004,0100,216,0000
217,0000,218,0000,217,0000,000,0317,0000,004,0100,217,0000
218,0000,219,0000,218,0000,000,0317,0000,004,0100,218,0000
219,0000,21A,0000,219,0000,000,0317,0000,004,0100,219,0000
21A,0000,21B,0000,21A,0000,000,0317,0000,004,0100,21A,0000
21B,0000,21C,0000,21B,0000,000,0317,0000,004,0100,21B,0000
21C,0000,21D,0000,21C,0000,000,0317,0000,004,0100,21C,0000
21D,0000,21E,0000,21D,0000,000,0317,0000,004,0100,21D,0000
21E,0000,21F,0000,21E,0000,000,0317,0000,004,0100,21E,0000
21F,0000,220,0000,21F,0000,000,0317,0000,004,0100,21F,0000
220,0000,221,0000,220,0000,000,0317,0000,004,0100,220,0000
221,0000,222,0000,221,0000,000,0317,0000,004,0100,221,0000
222,0000,223,0000,222,0000,000,0317,0000,004,0100,222,0000
223,0000,224,0000,223,0000,000,0317,0000,004,0100,223,0000
224,0000,225,0000,224,0000,000,0317,0000,004,0100,224,0000
225,0000,226,0000,225,0000,000,0317,0000,004,0100,225,0000
226,0000,227,0000,226,0000,000,0317,0000,004,0100,226,0000
227,0000,228,0000,227,0000,000,0317,0000,004,0100,227,0000
228,0000,229,0000,228,0000,000,0317,0000,004,0100,228,0000
229,0000,22A,0000,229,0000,000,0317,0000,004,0100,229,0000
22A,0000,22B,0000,22A,0000,000,0317,0000,004,0100,22A,0000
22B,0000,22C,0000,22B,0000,000,0317,0000,004,0100,22B,0000
22C,0000,22D,0000,22C,0000,000,0317,0000,004,0100,22C,0000
22D,0000,22E,0000,22D,0000,000,0317,0000,004,0100,22D,0000
22E,0000,22F,0000,22E,0000,000,0317,0000,004,0100,22E,0000
22F,0000,230,0000,22F,0000,000,0317,0000,004,0100,22F,0000
230,0000,231,0000,230,0000,000,0317,0000,004,0100,230,0000
231,0000,232,0000,231,0000,000,0317,0000,004,0100,231,0000
232,0000,233,0000,232,0000,000,0317,0000,004,0100,232,0000
233,0000,234,0000,233,0000,000,0317,0000,004,0100,233,0000
234,0000,235,0000,234,0000,000,0317,0000,004,0100,234,0000
235,0000,236,0000,235,0000,000,0317,0000,004,0100,235,0000
236,0000,237,0000,236,0000,000,0317,0000,004,0100,236,0000
237,0000,238,0000,237,0000,000,0317,0000,004,0100,237,0000
238,0000,239,0000,238,0000,000,0317,0000,004,0100,238,0000
239,0000,23A,0000,239,0000,000,0317,0000,004,0100,239,0000
23A,0000,23B,0000,23A,0000,000,0317,0000,004,0100,23A,0000
23B,0000,23C,0000,23B,0000,000,0317,0000,004,0100,23B,0000
23C,0000,23D,0000,23C,0000,000,0317,0000,004,0100,23C,0000
23D,0000,23E,0000,23D,0000,000,0317,0000,004,0100,23D,0000
23E,0000,23F,0000,23E,0000,000,0317,0000,004,0100,23E,0000
23F,0000,240,0000,23F,0000,000,0317,0000,004,0100,23F,0000
240,0000,241,0000,240,0000,000,0317,0000,004,0100,240,0000
241,0000,242,0000,241,0000,000,0317,0000,004,0100,241,0000
242,0000,243,0000,242,0000,000,0317,0000,004,0100,242,0000
243,0000,244,0000,243,0000,000,0317,0000,004,0100,243,0000
244,0000,245,0000,244,0000,000,0317,0000,004,0100,244,0000
245,0000,246,0000,245,0000,000,0317,0000,004,0100,245,0000
246,0000,247,0000,246,0000,000,0317,0000,004,0100,246,0000
247,0000,248,0000,247,0000,000,0317,0000,004,0100,247,0000
248,0000,249,0000,248,0000,000,0317,0000,004,0100,248,0000
249,0000,24A,0000,249,0000,000,0317,0000,004,0100,249,0000
24A,0000,24B,0000,24A,0000,000,0317,0000,004,0100,24A,0000
24B,0000,24C,0000,24B,0000,000,0317,0000,004,0100,24B,0000
24C,0000,24D,0000,24C,0000,000,0317,0000,004,0100,24C,0000
24D,0000,24E,0000,24D,0000,000,0317,0000,004,0100,24D,0000
24E,0000,24F,0000,24E,0000,000,0317,0000,004,0100,24E,0000
24F,0000,250,0000,24F,0000,000,0317,0000,004,0100,24F,0000
250,0000,251,0000,250,0000,000,0317,0000,004,0100,250,0000
251,0000,252,0000,251,0000,000,0317,0000,004,0100,251,0000
252,0000,253,0000,252,0000,000,0317,0000,004,0100,252,0000
253,0000,254,0000,253,0000,000,0317,0000,004,0100,253,0000
254,0000,255,0000,254,0000,000,0317,0000,004,0100,254,0000
255,0000,256,0000,255,0000,000,0317,0000,004,0100,255,0000
256,0000,257,0000,256,0000,000,0317,0000,004,0100,256,0000
257,0000,258,0000,257,0000,000,0317,0000,004,0100,257,0000
258,0000,259,0000,258,0000,000,0317,0000,004,0100,258,0000
259,0000,25A,0000,259,0000,000,0317,0000,004,0100,259,0000
25A,0000,25B,0000,25A,0000,000,0317,0000,004,0100,25A,0000
25B,0000,25C,0000,25B,0000,000,0317,0000,004,0100,25B,0000
25C,0000,25D,0000,25C,0000,000,0317,0000,004,0100,25C,0000
25D,0000,25E,0000,25D,0000,000,0317,0000,004,0100,25D,0000
25E,0000,25F,0000,25E,0000,000,0317,0000,004,0100,25E,0000
25F,0000,260,0000,25F,0000,000,0317,0000,004,0100,25F,0000
260,0000,261,0000,260,0000,000,0317,0000,004,0100,260,0000
261,0000,262,0000,261,0000,000,0317,0000,004,0100,261,0000
262,0000,263,0000,262,0000,000,0317,0000,004,0100,262,0000
263,0000,264,0000,263,0000,000,0317,0000,004,0100,263,0000
264,0000,265,0000,264,0000,000,0317,0000,004,0100,264,0000
265,0000,266,0000,265,0000,000,0317,0000,004,0100,265,0000
266,0000,267,0000,266,0000,000,0317,0000,004,0100,266,0000
267,0000,268,0000,267,0000,000,0317,0000,004,0100,267,0000
268,0000,269,0000,268,0000,000,0317,0000,004,0100,268,0000
269,0000,26A,0000,269,0000,000,0317,0000,004,0100,269,0000
26A,0000,26B,0000,26A,0000,000,0317,0000,004,0100,26A,0000
26B,0000,26C,0000,26B,0000,000,0317,0000,004,0100,26B,0000
26C,0000,26D,0000,26C,0000,000,0317,0000,004,0100,26C,0000
26D,0000,26E,0000,26D,0000,000,0317,0000,004,0100,26D,0000
26E,0000,26F,0000,26E,0000,000,0317,0000,004,0100,26E,0000
26F,0000,270,0000,26F,0000,000,0317,0000,004,0100,26F,0000
270,0000,271,0000,270,0000,000,0317,0000,004,0100,270,0000
271,0000,272,0000,271,0000,000,0317,0000,004,0100,271,0000
272,0000,273,0000,272,0000,000,0317,0000,004,0100,272,0000
273,0000,274,0000,273,0000,000,0317,0000,004,0100,273,0000
274,0000,275,0000,274,0000,000,0317,0000,004,0100,274,0000
275,0000,276,0000,275,0000,000,0317,0000,004,0100,275,0000
276,0000,277,0000,276,0000,000,0317,0000,004,0100,276,0000
277,0000,278,0000,277,0000,000,0317,0000,004,0100,277,0000
278,0000,279,0000,278,0000,000,0317,0000,004,0100,278,0000
279,0000,27A,0000,279,0000,000,0317,0000,004,0100,279,0000
27A,0000,27B,0000,27A,0000,000,0317,0000,004,0100,27A,0000
27B,0000,27C,0000,27B,0000,000,0317,0000,004,0100,27B,0000
27C,0000,27D,0000,27C,0000,000,0317,0000,004,0100,27C,0000
27D,0000,27E,0000,27D,0000,000,0317,0000,004,0100,27D,0000
27E,0000,27F,0000,27E,0000,000,0317,0000,004,0100,27E,0000
27F,0000,280,0000,27F,0000,000,0317,0000,004,0100,27F,0000
280,0000,281,0000,280,0000,000,0317,0000,004,0100,280,0000
281,0000,282,0000,281,0000,000,0317,0000,004,0100,281,0000
282,0000,283,0000,282,0000,000,0317,0000,004,0100,282,0000
283,0000,284,0000,283,0000,000,0317,0000,004,0100,283,0000
284,0000,285,0000,284,0000,000,0317,0000,004,0100,284,0000
285,0000,286,0000,285,0000,000,0317,0000,004,0100,285,0000
286,0000,287,0000,286,0000,000,0317,0000,004,0100,286,0000
287,0000,288,0000,287,0000,000,0317,0000,004,0100,287,0000
288,0000,289,0000,288,0000,000,0317,0000,004,0100,288,0000
289,0000,28A,0000,289,0000,000,0317,0000,004,0100,289,0000
28A,0000,28B,0000,28A,0000,000,0317,0000,004,0100,28A,0000
28B,0000,28C,0000,28B,0000,000,0317,0000,004,0100,28B,0000
28C,0000,28D,0000,28C,0000,000,0317,0000,004,0100,28C,0000
28D,0000,28E,0000,28D,0000,000,0317,0000,004,0100,28D,0000
28E,0000,28F,0000,28E,0000,000,0317,0000,004,0100,28E,0000
28F,0000,290,0000,28F,0000,000,0317,0000,004,0100,28F,0000
290,0000,291,0000,290,0000,000,0317,0000,004,0100,290,0000
291,0000,292,0000,291,0000,000,0317,0000,004,0100,291,0000
292,0000,293,0000,292,0000,000,0317,0000,004,0100,292,0000
293,0000,294,0000,293,0000,000,0317,0000,004,0100,293,0000
294,0000,295,0000,294,0000,000,0317,0000,004,0100,294,0000
295,0000,296,0000,295,0000,000,0317,0000,004,0100,295,0000
296,0000,297,0000,296,0000,000,0317,0000,004,0100,296,0000
297,0000,298,0000,297,0000,000,0317,0000,004,0100,297,0000
298,0000,299,0000,298,0000,000,0317,0000,004,0100,298,0000
299,0000,29A,0000,299,0000,000,0317,0000,004,0100,299,0000
29A,0000,29B,0000,29A,0000,000,0317,0000,004,0100,29A,0000
29B,0000,29C,0000,29B,0000,000,0317,0000,004,0100,29B,0000
29C,0000,29D,0000,29C,0000,000,0317,0000,004,0100,29C,0000
29D,0000,29E,0000,29D,0000,000,0317,0000,004,0100,29D,0000
29E,0000,29F,0000,29E,0000,000,0317,0000,004,0100,29E,0000
29F,0000,2A0,0000,29F,0000,000,0317,0000,004,0100,29F,0000
2A0,0000,2A1,0000,2A0,0000,000,0317,0000,004,0100,2A0,0000
2A1,0000,2A2,0000,2A1,0000,000,0317,0000,004,0100,2A1,0000
2A2,0000,2A3,0000,2A2,0000,000,0317,0000,004,0100,2A2,0000
2A3,0000,2A4,0000,2A3,0000,000,0317,0000,004,0100,2A3,0000
2A4,0000,2A5,0000,2A4,0000,000,0317,0000,004,0100,2A4,0000
2A5,0000,2A6,0000,2A5,0000,000,0317,0000,004,0100,2A5,0000
2A6,0000,2A7,0000,2A6,0000,000,0317,0000,004,0100,2A6,0000
2A7,0000,2A8,0000,2A7,0000,000,0317,0000,004,0100,2A7,0000
2A8,0000,2A9,0000,2A8,0000,000,0317,0000,004,0100,2A8,0000
2A9,0000,2AA,0000,2A9,0000,000,0317,0000,004,0100,2A9,0000
2AA,0000,2AB,0000,2AA,0000,000,0317,0000,004,0100,2AA,0000
2AB,0000,2AC,0000,2AB,0000,000,0317,0000,004,0100,2AB,0000
2AC,0000,2AD,0000,2AC,0000,000,0317,0000,004,0100,2AC,0000
2AD,0000,2AE,0000,2AD,0000,000,0317,0000,004,0100,2AD,0000
2AE,0000,2AF,0000,2AE,0000,000,0317,0000,004,0100,2AE,0000
2AF,0000,2B0,0000,2AF,0000,000,0317,0000,004,0100,2AF,0000
2B0,0000,2B1,0000,2B0,0000,000,0317,0000,004,0100,2B0,0000
2B1,0000,2B2,0000,2B1,0000,000,0317,0000,004,0100,2B1,0000
2B2,0000,2B3,0000,2B2,0000,000,0317,0000,004,0100,2B2,0000
2B3,0000,2B4,0000,2B3,0000,000,0317,0000,004,0100,2B3,0000
2B4,0000,2B5,0000,2B4,0000,000,0317,0000,004,0100,2B4,0000
2B5,0000,2B6,0000,2B5,0000,000,0317,0000,004,0100,2B5,0000
2B6,0000,2B7,0000,2B6,0000,000,0317,0000,004,0100,2B6,0000
2B7,0000,2B8,0000,2B7,0000,000,0317,0000,004,0100,2B7,0000
2B8,0000,2B9,0000,2B8,0000,000,0317,0000,004,0100,2B8,0000
2B9,0000,2BA,0000,2B9,0000,000,0317,0000,004,0100,2B9,0000
2BA,0000,2BB,0000,2BA,0000,000,0317,0000,004,0100,2BA,0000
2BB,0000,2BC,0000,2BB,0000,000,0317,0000,004,0100,2BB,0000
2BC,0000,2BD,0000,2BC,0000,000,0317,0000,004,0100,2BC,0000
2BD,0000,2BE,0000,2BD,0000,000,0317,0000,004,0100,2BD,0000
2BE,0000,2BF,0000,2BE,0000,000,0317,0000,004,0100,2BE,0000
2BF,0000,2C0,0000,2BF,0000,000,0317,0000,004,0100,2BF,0000
2C0,0000,2C1,0000,2C0,0000,000,0317,0000,004,0100,2C0,0000
2C1,0000,2C2,0000,2C1,0000,000,0317,0000,004,0100,2C1,0000
2C2,0000,2C3,0000,2C2,0000,000,0317,0000,004,0100,2C2,0000
2C3,0000,2C4,0000,2C3,0000,000,0317,0000,004,0100,2C3,0000
2C4,0000,2C5,0000,2C4,0000,000,0317,0000,004,0100,2C4,0000
2C5,0000,2C6,0000,2C5,0000,000,0317,0000,004,0100,2C5,0000
2C6,0000,2C7,0000,2C6,0000,000,0317,0000,004,0100,2C6,0000
2C7,0000,2C8,0000,2C7,0000,000,0317,0000,004,0100,2C7,0000
2C8,0000,2C9,0000,2C8,0000,000,0317,0000,004,0100,2C8,0000
2C9,0000,2CA,0000,2C9,0000,000,0317,0000,004,0100,2C9,0000
2CA,0000,2CB,0000,2CA,0000,000,0317,0000,004,0100,2CA,0000
2CB,0000,2CC,0000,2CB,0000,000,0317,0000,004,0100,2CB,0000
2CC,0000,2CD,0000,2CC,0000,000,0317,0000,004,0100,2CC,0000
2CD,0000,2CE,0000,2CD,0000,000,0317,0000,004,0100,2CD,0000
2CE,0000,2CF,0000,2CE,0000,000,0317,0000,004,0100,2CE,0000
2CF,0000,2D0,0000,2CF,0000,000,0317,0000,004,0100,2CF,0000
2D0,0000,2D1,0000,2D0,0000,000,0317,0000,004,0100,2D0,0000
2D1,0000,2D2,0000,2D1,0000,000,0317,0000,004,0100,2D1,0000
2D2,0000,2D3,0000,2D2,0000,000,0317,0000,004,0100,2D2,0000
2D3,0000,2D4,0000,2D3,0000,000,0317,0000,004,0100,2D3,0000
2D4,0000,2D5,0000,2D4,0000,000,0317,0000,004,0100,2D4,0000
2D5,0000,2D6,0000,2D5,0000,000,0317,0000,004,0100,2D5,0000
2D6,0000,2D7,0000,2D6,0000,000,0317,0000,004,0100,2D6,0000
2D7,0000,2D8,0000,2D7,0000,000,0317,0000,004,0100,2D7,0000
2D8,0000,2D9,0000,2D8,0000,000,0317,0000,004,0100,2D8,0000
2D9,0000,2DA,0000,2D9,0000,000,0317,0000,004,0100,2D9,0000
2DA,0000,2DB,0000,2DA,0000,000,0317,0000,004,0100,2DA,0000
2DB,0000,2DC,0000,2DB,0000,000,0317,0000,004,0100,2DB,0000
2DC,0000,2DD,0000,2DC,0000,000,0317,0000,004,0100,2DC,0000
2DD,0000,2DE,0000,2DD,0000,000,0317,0000,004,0100,2DD,0000
2DE,0000,2DF,0000,2DE,0000,000,0317,0000,004,0100,2DE,0000
2DF,0000,2E0,0000,2DF,0000,000,0317,0000,004,0100,2DF,0000
2E0,0000,2E1,0000,2E0,0000,000,0317,0000,004,0100,2E0,0000
2E1,0000,2E2,0000,2E1,0000,000,0317,0000,004,0100,2E1,0000
2E2,0000,2E3,0000,2E2,0000,000,0317,0000,004,0100,2E2,0000
2E3,0000,2E4,0000,2E3,0000,000,0317,0000,004,0100,2E3,0000
2E4,0000,2E5,0000,2E4,0000,000,0317,0000,004,0100,2E4,0000
2E5,0000,2E6,0000,2E5,0000,000,0317,0000,004,0100,2E5,0000
2E6,0000,2E7,0000,2E6,0000,000,0317,0000,004,0100,2E6,0000
2E7,0000,2E8,0000,2E7,0000,000,0317,0000,004,0100,2E7,0000
2E8,0000,2E9,0000,2E8,0000,000,0317,0000,004,0100,2E8,0000
2E9,0000,2EA,0000,2E9,0000,000,0317,0000,004,0100,2E9,0000
2EA,0000,2EB,0000,2EA,0000,000,0317,0000,004,0100,2EA,0000
2EB,0000,2EC,0000,2EB,0000,000,0317,0000,004,0100,2EB,0000
2EC,0000,2ED,0000,2EC,0000,000,0317,0000,004,0100,2EC,0000
2ED,0000,2EE,0000,2ED,0000,000,0317,0000,004,0100,2ED,0000
2EE,0000,2EF,0000,2EE,0000,000,0317,0000,004,0100,2EE,0000
2EF,0000,2F0,0000,2EF,0000,000,0317,0000,004,0100,2EF,0000
2F0,0000,2F1,0000,2F0,0000,000,0317,0000,004,0100,2F0,0000
2F1,0000,2F2,0000,2F1,0000,000,0317,0000,004,0100,2F1,0000
2F2,0000,2F3,0000,2F2,0000,000,0317,0000,004,0100,2F2,0000
2F3,0000,2F4,0000,2F3,0000,000,0317,0000,004,0100,2F3,0000
2F4,0000,2F5,0000,2F4,0000,000,0317,0000,004,0100,2F4,0000
2F5,0000,2F6,0000,2F5,0000,000,0317,0000,004,0100,2F5,0000
2F6,0000,2F7,0000,2F6,0000,000,0317,0000,004,0100,2F6,0000
2F7,0000,2F8,0000,2F7,0000,000,0317,0000,004,0100,2F7,0000
2F8,0000,2F9,0000,2F8,0000,000,0317,0000,004,0100,2F8,0000
2F9,0000,2FA,0000,2F9,0000,000,0317,0000,004,0100,2F9,0000
2FA,0000,2FB,0000,2FA,0000,000,0317,0000,004,0100,2FA,0000
2FB,0000,2FC,0000,2FB,0000,000,0317,0000,004,0100,2FB,0000
2FC,0000,2FD,0000,2FC,0000,000,0317,0000,004,0100,2FC,0000
2FD,0000,2FE,0000,2FD,0000,000,0317,0000,004,0100,2FD,0000
2FE,0000,2FF,0000,2FE,0000,000,0317,0000,004,0100,2FE,0000
2FF,0000,300,0000,2FF,0000,000,0317,0000,004,0100,2FF,0000
300,0000,301,0000,300,0000,000,0317,0000,004,0100,300,0000
301,0000,302,0000,301,0000,000,0317,0000,004,0100,301,0000
302,0000,303,0000,302,0000,000,0317,0000,004,0100,302,0000
303,0000,304,0000,303,0000,000,0317,0000,004,0100,303,0000
304,0000,305,0000,304,0000,000,0317,0000,004,0100,304,0000
305,0000,306,0000,305,0000,000,0317,0000,004,0100,305,0000
306,0000,307,0000,306,0000,000,0317,0000,004,0100,306,0000
307,0000,308,0000,307,0000,000,0317,0000,004,0100,307,0000
308,0000,309,0000,308,0000,000,0317,0000,004,0100,308,0000
309,0000,30A,0000,309,0000,000,0317,0000,004,0100,309,0000
30A,0000,30B,0000,30A,0000,000,0317,0000,004,0100,30A,0000
30B,0000,30C,0000,30B,0000,000,0317,0000,004,0100,30B,0000
30C,0000,30D,0000,30C,0000,000,0317,0000,004,0100,30C,0000
30D,0000,30E,0000,30D,0000,000,0317,0000,004,0100,30D,0000
30E,0000,30F,0000,30E,0000,000,0317,0000,004,0100,30E,0000
30F,0000,310,0000,30F,0000,000,0317,0000,004,0100,30F,0000
310,0000,311,0000,310,0000,000,0317,0000,004,0100,310,0000
311,0000,312,0000,311,0000,000,0317,0000,004,0100,311,0000
312,0000,313,0000,312,0000,000,0317,0000,004,0100,312,0000
313,0000,314,0000,313,0000,000,0317,0000,004,0100,313,0000
314,0000,315,0000,314,0000,000,0317,0000,004,0100,314,0000
315,0000,316,0000,315,0000,000,0317,0000,004,0100,315,0000
316,0000,317,0000,316,0000,000,0317,0000,004,0100,316,0000
317,0000,318,0000,317,0000,000,0317,0000,004,0100,317,0000
318,0000,319,0000,318,0000,000,0317,0000,004,0100,318,0000
319,0000,31A,0000,319,0000,000,0317,0000,004,0100,319,0000
31A,0000,31B,0000,31A,0000,000,0317,0000,004,0100,31A,0000
31B,0000,31C,0000,31B,0000,000,0317,0000,004,0100,31B,0000
31C,0000,31D,0000,31C,0000,000,0317,0000,004,0100,31C,0000
31D,0000,31E,0000,31D,0000,000,0317,0000,004,0100,31D,0000
31E,0000,31F,0000,31E,0000,000,0317,0000,004,0100,31E,0000
31F,0000,320,0000,31F,0000,000,0317,0000,004,0100,31F,0000
320,0000,321,0000,320,0000,000,0317,0000,004,0100,320,0000
321,0000,322,0000,321,0000,000,0317,0000,004,0100,321,0000
322,0000,323,0000,322,0000,000,0317,0000,004,0100,322,0000
323,0000,324,0000,323,0000,000,0317,0000,004,0100,323,0000
324,0000,325,0000,324,0000,000,0317,0000,004,0100,324,0000
325,0000,326,0000,325,0000,000,0317,0000,004,0100,325,0000
326,0000,327,0000,326,0000,000,0317,0000,004,0100,326,0000
327,0000,328,0000,327,0000,000,0317,0000,004,0100,327,0000
328,0000,329,0000,328,0000,000,0317,0000,004,0100,328,0000
329,0000,32A,0000,329,0000,000,0317,0000,004,0100,329,0000
32A,0000,32B,0000,32A,0000,000,0317,0000,004,0100,32A,0000
32B,0000,32C,0000,32B,0000,000,0317,0000,004,0100,32B,0000
32C,0000,32D,0000,32C,0000,000,0317,0000,004,0100,32C,0000
32D,0000,32E,0000,32D,0000,000,0317,0000,004,0100,32D,0000
32E,0000,32F,0000,32E,0000,000,0317,0000,004,0100,32E,0000
32F,0000,330,0000,32F,0000,000,0317,0000,004,0100,32F,0000
330,0000,331,0000,330,0000,000,0317,0000,004,0100,330,0000
331,0000,332,0000,331,0000,000,0317,0000,004,0100,331,0000
332,0000,333,0000,332,0000,000,0317,0000,004,0100,332,0000
333,0000,334,0000,333,0000,000,0317,0000,004,0100,333,0000
334,0000,335,0000,334,0000,000,0317,0000,004,0100,334,0000
335,0000,336,0000,335,0000,000,0317,0000,004,0100,335,0000
336,0000,337,0000,336,0000,000,0317,0000,004,0100,336,0000
337,0000,338,0000,337,0000,000,0317,0000,004,0100,337,0000
338,0000,339,0000,338,0000,000,0317,0000,004,0100,338,0000
339,0000,33A,0000,339,0000,000,0317,0000,004,0100,339,0000
33A,0000,33B,0000,33A,0000,000,0317,0000,004,0100,33A,0000
33B,0000,33C,0000,33B,0000,000,0317,0000,004,0100,33B,0000
33C,0000,33D,0000,33C,0000,000,0317,0000,004,0100,33C,0000
33D,0000,33E,0000,33D,0000,000,0317,0000,004,0100,33D,0000
33E,0000,33F,0000,33E,0000,000,0317,0000,004,0100,33E,0000
33F,0000,340,0000,33F,0000,000,0317,0000,004,0100,33F,0000
340,0000,341,0000,340,0000,000,0317,0000,004,0100,340,0000
341,0000,342,0000,341,0000,000,0317,0000,004,0100,341,0000
342,0000,343,0000,342,0000,000,0317,0000,004,0100,342,0000
343,0000,344,0000,343,0000,000,0317,0000,004,0100,343,0000
344,0000,345,0000,344,0000,000,0317,0000,004,0100,344,0000
345,0000,346,0000,345,0000,000,0317,0000,004,0100,345,0000
346,0000,347,0000,346,0000,000,0317,0000,004,0100,346,0000
347,0000,348,0000,347,0000,000,0317,0000,004,0100,347,0000
348,0000,349,0000,348,0000,000,0317,0000,004,0100,348,0000
349,0000,34A,0000,349,0000,000,0317,0000,004,0100,349,0000
34A,0000,34B,0000,34A,0000,000,0317,0000,004,0100,34A,0000
34B,0000,34C,0000,34B,0000,000,0317,0000,004,0100,34B,0000
34C,0000,34D,0000,34C,0000,000,0317,0000,004,0100,34C,0000
34D,0000,34E,0000,34D,0000,000,0317,0000,004,0100,34D,0000
34E,0000,34F,0000,34E,0000,000,0317,0000,004,0100,34E,0000
34F,0000,350,0000,34F,0000,000,0317,0000,004,0100,34F,0000
350,0000,351,0000,350,0000,000,0317,0000,004,0100,350,0000
351,0000,352,0000,351,0000,000,0317,0000,004,0100,351,0000
352,0000,353,0000,352,0000,000,0317,0000,004,0100,352,0000
353,0000,354,0000,353,0000,000,0317,0000,004,0100,353,0000
354,0000,355,0000,354,0000,000,0317,0000,004,0100,354,0000
355,0000,356,0000,355,0000,000,0317,0000,004,0100,355,0000
356,0000,357,0000,356,0000,000,0317,0000,004,0100,356,0000
357,0000,358,0000,357,0000,000,0317,0000,004,0100,357,0000
358,0000,359,0000,358,0000,000,0317,0000,004,0100,358,0000
359,0000,35A,0000,359,0000,000,0317,0000,004,0100,359,0000
35A,0000,35B,0000,35A,0000,000,0317,0000,004,0100,35A,0000
35B,0000,35C,0000,35B,0000,000,0317,0000,004,0100,35B,0000
35C,0000,35D,0000,35C,0000,000,0317,0000,004,0100,35C,0000
35D,0000,35E,0000,35D,0000,000,0317,0000,004,0100,35D,0000
35E,0000,35F,0000,35E,0000,000,0317,0000,004,0100,35E,0000
35F,0000,360,0000,35F,0000,000,0317,0000,004,0100,35F,0000
360,0000,361,0000,360,0000,000,0317,0000,004,0100,360,0000
361,0000,362,0000,361,0000,000,0317,0000,004,0100,361,0000
362,0000,363,0000,362,0000,000,0317,0000,004,0100,362,0000
363,0000,364,0000,363,0000,000,0317,0000,004,0100,363,0000
364,0000,365,0000,364,0000,000,0317,0000,004,0100,364,0000
365,0000,366,0000,365,0000,000,0317,0000,004,0100,365,0000
366,0000,367,0000,366,0000,000,0317,0000,004,0100,366,0000
367,0000,368,0000,367,0000,000,0317,0000,004,0100,367,0000
368,0000,369,0000,368,0000,000,0317,0000,004,0100,368,0000
369,0000,36A,0000,369,0000,000,0317,0000,004,0100,369,0000
36A,0000,36B,0000,36A,0000,000,0317,0000,004,0100,36A,0000
36B,0000,36C,0000,36B,0000,000,0317,0000,004,0100,36B,0000
36C,0000,36D,0000,36C,0000,000,0317,0000,004,0100,36C,0000
36D,0000,36E,0000,36D,0000,000,0317,0000,004,0100,36D,0000
36E,0000,36F,0000,36E,0000,000,0317,0000,004,0100,36E,0000
36F,0000,370,0000,36F,0000,000,0317,0000,004,0100,36F,0000
370,0000,371,0000,370,0000,000,0317,0000,004,0100,370,0000
371,0000,372,0000,371,0000,000,0317,0000,004,0100,371,0000
372,0000,373,0000,372,0000,000,0317,0000,004,0100,372,0000
373,0000,374,0000,373,0000,000,0317,0000,004,0100,373,0000
374,0000,375,0000,374,0000,000,0317,0000,004,0100,374,0000
375,0000,376,0000,375,0000,000,0317,0000,004,0100,375,0000
376,0000,377,0000,376,0000,000,0317,0000,004,0100,376,0000
377,0000,378,0000,377,0000,000,0317,0000,004,0100,377,0000
378,0000,379,0000,378,0000,000,0317,0000,004,0100,378,0000
379,0000,37A,0000,379,0000,000,0317,0000,004,0100,379,0000
37A,0000,37B,0000,37A,0000,000,0317,0000,004,0100,37A,0000
37B,0000,37C,0000,37B,0000,000,0317,0000,004,0100,37B,0000
37C,0000,37D,0000,37C,0000,000,0317,0000,004,0100,37C,0000
37D,0000,37E,0000,37D,0000,000,0317,0000,004,0100,37D,0000
37E,0000,37F,0000,37E,0000,000,0317,0000,004,0100,37E,0000
37F,0000,380,0000,37F,0000,000,0317,0000,004,0100,37F,0000
380,0000,381,0000,380,0000,000,0317,0000,004,0100,380,0000
381,0000,382,0000,381,0000,000,0317,0000,004,0100,381,0000
382,0000,383,0000,382,0000,000,0317,0000,004,0100,382,0000
383,0000,384,0000,383,0000,000,0317,0000,004,0100,383,0000
384,0000,385,0000,384,0000,000,0317,0000,004,0100,384,0000
385,0000,386,0000,385,0000,000,0317,0000,004,0100,385,0000
386,0000,387,0000,386,0000,000,0317,0000,004,0100,386,0000
387,0000,388,0000,387,0000,000,0317,0000,004,0100,387,0000
388,0000,389,0000,388,0000,000,0317,0000,004,0100,388,0000
389,0000,38A,0000,389,0000,000,0317,0000,004,0100,389,0000
38A,0000,38B,0000,38A,0000,000,0317,0000,004,0100,38A,0000
38B,0000,38C,0000,38B,0000,000,0317,0000,004,0100,38B,0000
38C,0000,38D,0000,38C,0000,000,0317,0000,004,0100,38C,0000
38D,0000,38E,0000,38D,0000,000,0317,0000,004,0100,38D,0000
38E,0000,38F,0000,38E,0000,000,0317,0000,004,0100,38E,0000
38F,0000,390,0000,38F,0000,000,0317,0000,004,0100,38F,0000
390,0000,391,0000,390,0000,000,0317,0000,004,0100,390,0000
391,0000,392,0000,391,0000,000,0317,0000,004,0100,391,0000
392,0000,393,0000,392,0000,000,0317,0000,004,0100,392,0000
393,0000,394,0000,393,0000,000,0317,0000,004,0100,393,0000
394,0000,395,0000,394,0000,000,0317,0000,004,0100,394,0000
395,0000,396,0000,395,0000,000,0317,0000,004,0100,395,0000
396,0000,397,0000,396,0000,000,0317,0000,004,0100,396,0000
397,0000,398,0000,397,0000,000,0317,0000,004,0100,397,0000
398,0000,399,0000,398,0000,000,0317,0000,004,0100,398,0000
399,0000,39A,0000,399,0000,000,0317,0000,004,0100,399,0000
39A,0000,39B,0000,39A,0000,000,0317,0000,004,0100,39A,0000
39B,0000,39C,0000,39B,0000,000,0317,0000,004,0100,39B,0000
39C,0000,39D,0000,39C,0000,000,0317,0000,004,0100,39C,0000
39D,0000,39E,0000,39D,0000,000,0317,0000,004,0100,39D,0000
39E,0000,39F,0000,39E,0000,000,0317,0000,004,0100,39E,0000
39F,0000,3A0,0000,39F,0000,000,0317,0000,004,0100,39F,0000
3A0,0000,3A1,0000,3A0,0000,000,0317,0000,004,0100,3A0,0000
3A1,0000,3A2,0000,3A1,0000,000,0317,0000,004,0100,3A1,0000
3A2,0000,3A3,0000,3A2,0000,000,0317,0000,004,0100,3A2,0000
3A3,0000,3A4,0000,3A3,0000,000,0317,0000,004,0100,3A3,0000
3A4,0000,3A5,0000,3A4,0000,000,0317,0000,004,0100,3A4,0000
3A5,0000,3A6,0000,3A5,0000,000,0317,0000,004,0100,3A5,0000
3A6,0000,3A7,0000,3A6,0000,000,0317,0000,004,0100,3A6,0000
3A7,0000,3A8,0000,3A7,0000,000,0317,0000,004,0100,3A7,0000
3A8,0000,3A9,0000,3A8,0000,000,0317,0000,004,0100,3A8,0000
3A9,0000,3AA,0000,3A9,0000,000,0317,0000,004,0100,3A9,0000
3AA,0000,3AB,0000,3AA,0000,000,0317,0000,004,0100,3AA,0000
3AB,0000,3AC,0000,3AB,0000,000,0317,0000,004,0100,3AB,0000
3AC,0000,3AD,0000,3AC,0000,000,0317,0000,004,0100,3AC,0000
3AD,0000,3AE,0000,3AD,0000,000,0317,0000,004,0100,3AD,0000
3AE,0000,3AF,0000,3AE,0000,000,0317,0000,004,0100,3AE,0000
3AF,0000,3B0,0000,3AF,0000,000,0317,0000,004,0100,3AF,0000
3B0,0000,3B1,0000,3B0,0000,000,0317,0000,004,0100,3B0,0000
3B1,0000,3B2,0000,3B1,0000,000,0317,0000,004,0100,3B1,0000
3B2,0000,3B3,0000,3B2,0000,000,0317,0000,004,0100,3B2,0000
3B3,0000,3B4,0000,3B3,0000,000,0317,0000,004,0100,3B3,0000
3B4,0000,3B5,0000,3B4,0000,000,0317,0000,004,0100,3B4,0000
3B5,0000,3B6,0000,3B5,0000,000,0317,0000,004,0100,3B5,0000
3B6,0000,3B7,0000,3B6,0000,000,0317,0000,004,0100,3B6,0000
3B7,0000,3B8,0000,3B7,0000,000,0317,0000,004,0100,3B7,0000
3B8,0000,3B9,0000,3B8,0000,000,0317,0000,004,0100,3B8,0000
3B9,0000,3BA,0000,3B9,0000,000,0317,0000,004,0100,3B9,0000
3BA,0000,3BB,0000,3BA,0000,000,0317,0000,004,0100,3BA,0000
3BB,0000,3BC,0000,3BB,0000,000,0317,0000,004,0100,3BB,0000
3BC,0000,3BD,0000,3BC,0000,000,0317,0000,004,0100,3BC,0000
3BD,0000,3BE,0000,3BD,0000,000,0317,0000,004,0100,3BD,0000
3BE,0000,3BF,0000,3BE,0000,000,0317,0000,004,0100,3BE,0000
3BF,0000,3C0,0000,3BF,0000,000,0317,0000,004,0100,3BF,0000
3C0,0000,3C1,0000,3C0,0000,000,0317,0000,004,0100,3C0,0000
3C1,0000,3C2,0000,3C1,0000,000,0317,0000,004,0100,3C1,0000
3C2,0000,3C3,0000,3C2,0000,000,0317,0000,004,0100,3C2,0000
3C3,0000,3C4,0000,3C3,0000,000,0317,0000,004,0100,3C3,0000
3C4,0000,3C5,0000,3C4,0000,000,0317,0000,004,0100,3C4,0000
3C5,0000,3C6,0000,3C5,0000,000,0317,0000,004,0100,3C5,0000
3C6,0000,3C7,0000,3C6,0000,000,0317,0000,004,0100,3C6,0000
3C7,0000,3C8,0000,3C7,0000,000,0317,0000,004,0100,3C7,0000
3C8,0000,3C9,0000,3C8,0000,000,0317,0000,004,0100,3C8,0000
3C9,0000,3CA,0000,3C9,0000,000,0317,0000,004,0100,3C9,0000
3CA,0000,3CB,0000,3CA,0000,000,0317,0000,004,0100,3CA,0000
3CB,0000,3CC,0000,3CB,0000,000,0317,0000,004,0100,3CB,0000
3CC,0000,3CD,0000,3CC,0000,000,0317,0000,004,0100,3CC,0000
3CD,0000,3CE,0000,3CD,0000,000,0317,0000,004,0100,3CD,0000
3CE,0000,3CF,0000,3CE,0000,000,0317,0000,004,0100,3CE,0000
3CF,0000,3D0,0000,3CF,0000,000,0317,0000,004,0100,3CF,0000
3D0,0000,3D1,0000,3D0,0000,000,0317,0000,004,0100,3D0,0000
3D1,0000,3D2,0000,3D1,0000,000,0317,0000,004,0100,3D1,0000
3D2,0000,3D3,0000,3D2,0000,000,0317,0000,004,0100,3D2,0000
3D3,0000,3D4,0000,3D3,0000,000,0317,0000,004,0100,3D3,0000
3D4,0000,3D5,0000,3D4,0000,000,0317,0000,004,0100,3D4,0000
3D5,0000,3D6,0000,3D5,0000,000,0317,0000,004,0100,3D5,0000
3D6,0000,3D7,0000,3D6,0000,000,0317,0000,004,0100,3D6,0000
3D7,0000,3D8,0000,3D7,0000,000,0317,0000,004,0100,3D7,0000
3D8,0000,3D9,0000,3D8,0000,000,0317,0000,004,0100,3D8,0000
3D9,0000,3DA,0000,3D9,0000,000,0317,0000,004,0100,3D9,0000
3DA,0000,3DB,0000,3DA,0000,000,0317,0000,004,0100,3DA,0000
3DB,0000,3DC,0000,3DB,0000,000,0317,0000,004,0100,3DB,0000
3DC,0000,3DD,0000,3DC,0000,000,0317,0000,004,0100,3DC,0000
3DD,0000,3DE,0000,3DD,0000,000,0317,0000,004,0100,3DD,0000
3DE,0000,3DF,0000,3DE,0000,000,0317,0000,004,0100,3DE,0000
3DF,0000,3E0,0000,3DF,0000,000,0317,0000,004,0100,3DF,0000
3E0,0000,3E1,0000,3E0,0000,000,0317,0000,004,0100,3E0,0000
3E1,0000,3E2,0000,3E1,0000,000,0317,0000,004,0100,3E1,0000
3E2,0000,3E3,0000,3E2,0000,000,0317,0000,004,0100,3E2,0000
3E3,0000,3E4,0000,3E3,0000,000,0317,0000,004,0100,3E3,0000
3E4,0000,3E5,0000,3E4,0000,000,0317,0000,004,0100,3E4,0000
3E5,0000,3E6,0000,3E5,0000,000,0317,0000,004,0100,3E5,0000
3E6,0000,3E7,0000,3E6,0000,000,0317,0000,004,0100,3E6,0000
3E7,0000,3E8,0000,3E7,0000,000,0317,0000,004,0100,3E7,0000
3E8,0000,3E9,0000,3E8,0000,000,0317,0000,004,0100,3E8,0000
3E9,0000,3EA,0000,3E9,0000,000,0317,0000,004,0100,3E9,0000
3EA,0000,3EB,0000,3EA,0000,000,0317,0000,004,0100,3EA,0000
3EB,0000,3EC,0000,3EB,0000,000,0317,0000,004,0100,3EB,0000
3EC,0000,3ED,0000,3EC,0000,000,0317,0000,004,0100,3EC,0000
3ED,0000,3EE,0000,3ED,0000,000,0317,0000,004,0100,3ED,0000
3EE,0000,3EF,0000,3EE,0000,000,0317,0000,004,0100,3EE,0000
3EF,0000,3F0,0000,3EF,0000,000,0317,0000,004,0100,3EF,0000
3F0,0000,3F1,0000,3F0,0000,000,0317,0000,004,0100,3F0,0000
3F1,0000,3F2,0000,3F1,0000,000,0317,0000,004,0100,3F1,0000
3F2,0000,3F3,0000,3F2,0000,000,0317,0000,004,0100,3F2,0000
3F3,0000,3F4,0000,3F3,0000,000,0317,0000,004,0100,3F3,0000
3F4,0000,3F5,0000,3F4,0000,000,0317,0000,004,0100,3F4,0000
3F5,0000,3F6,0000,3F5,0000,000,0317,0000,004,0100,3F5,0000
3F6,0000,3F7,0000,3F6,0000,000,0317,0000,004,0100,3F6,0000
3F7,0000,3F8,0000,3F7,0000,000,0317,0000,004,0100,3F7,0000
3F8,0000,3F9,0000,3F8,0000,000,0317,0000,004,0100,3F8,0000
3F9,0000,3FA,0000,3F9,0000,000,0317,0000,004,0100,3F9,0000
3FA,0000,3FB,0000,3FA,0000,000,0317,0000,004,0100,3FA,0000
3FB,0000,3FC,0000,3FB,0000,000,0317,0000,004,0100,3FB,0000
3FC,0000,3FD,0000,3FC,0000,000,0317,0000,004,0100,3FC,0000
3FD,0000,3FE,0000,3FD,0000,000,0317,0000,004,0100,3FD,0000
3FE,0000,3FF,0000,3FE,0000,000,0317,0000,004,0100,3FE,0000
3FF,0000,400,0000,3FF,0000,000,0317,0000,004,0100,3FF,0000
400,0000,401,0000,400,0000,000,0317,0000,004,0100,400,0000
401,0000,402,0000,401,0000,000,0317,0000,004,0100,401,0000
402,0000,403,0000,402,0000,000,0317,0000,004,0100,402,0000
403,0000,404,0000,403,0000,000,0317,0000,004,0100,403,0000
404,0000,405,0000,404,0000,000,0317,0000,004,0100,404,0000
405,0000,406,0000,405,0000,000,0317,0000,004,0100,405,0000
406,0000,407,0000,406,0000,000,0317,0000,004,0100,406,0000
407,0000,408,0000,407,0000,000,0317,0000,004,0100,407,0000
408,0000,409,0000,408,0000,000,0317,0000,004,0100,408,0000
409,0000,40A,0000,409,0000,000,0317,0000,004,0100,409,0000
40A,0000,40B,0000,40A,0000,000,0317,0000,004,0100,40A,0000
40B,0000,40C,0000,40B,0000,000,0317,0000,004,0100,40B,0000
40C,0000,40D,0000,40C,0000,000,0317,0000,004,0100,40C,0000
40D,0000,40E,0000,40D,0000,000,0317,0000,004,0100,40D,0000
40E,0000,40F,0000,40E,0000,000,0317,0000,004,0100,40E,0000
40F,0000,410,0000,40F,0000,000,0317,0000,004,0100,40F,0000
410,0000,411,0000,410,0000,000,0317,0000,004,0100,410,0000
411,0000,412,0000,411,0000,000,0317,0000,004,0100,411,0000
412,0000,413,0000,412,0000,000,0317,0000,004,0100,412,0000
413,0000,414,0000,413,0000,000,0317,0000,004,0100,413,0000
414,0000,415,0000,414,0000,000,0317,0000,004,0100,414,0000
415,0000,416,0000,415,0000,000,0317,0000,004,0100,415,0000
416,0000,417,0000,416,0000,000,0317,0000,004,0100,416,0000
417,0000,418,0000,417,0000,000,0317,0000,004,0100,417,0000
418,0000,419,0000,418,0000,000,0317,0000,004,0100,418,0000
419,0000,41A,0000,419,0000,000,0317,0000,004,0100,419,0000
41A,0000,41B,0000,41A,0000,000,0317,0000,004,0100,41A,0000
41B,0000,41C,0000,41B,0000,000,0317,0000,004,0100,41B,0000
41C,0000,41D,0000,41C,0000,000,0317,0000,004,0100,41C,0000
41D,0000,41E,0000,41D,0000,000,0317,0000,004,0100,41D,0000
41E,0000,41F,0000,41E,0000,000,0317,0000,004,0100,41E,0000
41F,0000,420,0000,41F,0000,000,0317,0000,004,0100,41F,0000
420,0000,421,0000,420,0000,000,0317,0000,004,0100,420,0000
421,0000,422,0000,421,0000,000,0317,0000,004,0100,421,0000
422,0000,423,0000,422,0000,000,0317,0000,004,0100,422,0000
423,0000,424,0000,423,0000,000,0317,0000,004,0100,423,0000
424,0000,425,0000,424,0000,000,0317,0000,004,0100,424,0000
425,0000,426,0000,425,0000,000,0317,0000,004,0100,425,0000
426,0000,427,0000,426,0000,000,0317,0000,004,0100,426,0000
427,0000,428,0000,427,0000,000,0317,0000,004,0100,427,0000
428,0000,429,0000,428,0000,000,0317,0000,004,0100,428,0000
429,0000,42A,0000,429,0000,000,0317,0000,004,0100,429,0000
42A,0000,42B,0000,42A,0000,000,0317,0000,004,0100,42A,0000
42B,0000,42C,0000,42B,0000,000,0317,0000,004,0100,42B,0000
42C,0000,42D,0000,42C,0000,000,0317,0000,004,0100,42C,0000
42D,0000,42E,0000,42D,0000,000,0317,0000,004,0100,42D,0000
42E,0000,42F,0000,42E,0000,000,0317,0000,004,0100,42E,0000
42F,0000,430,0000,42F,0000,000,0317,0000,004,0100,42F,0000
430,0000,431,0000,430,0000,000,0317,0000,004,0100,430,0000
431,0000,432,0000,431,0000,000,0317,0000,004,0100,431,0000
432,0000,433,0000,432,0000,000,0317,0000,004,0100,432,0000
433,0000,434,0000,433,0000,000,0317,0000,004,0100,433,0000
434,0000,435,0000,434,0000,000,0317,0000,004,0100,434,0000
435,0000,436,0000,435,0000,000,0317,0000,004,0100,435,0000
436,0000,437,0000,436,0000,000,0317,0000,004,0100,436,0000
437,0000,438,0000,437,0000,000,0317,0000,004,0100,437,0000
438,0000,439,0000,438,0000,000,0317,0000,004,0100,438,0000
439,0000,43A,0000,439,0000,000,0317,0000,004,0100,439,0000
43A,0000,43B,0000,43A,0000,000,0317,0000,004,0100,43A,0000
43B,0000,43C,0000,43B,0000,000,0317,0000,004,0100,43B,0000
43C,0000,43D,0000,43C,0000,000,0317,0000,004,0100,43C,0000
43D,0000,43E,0000,43D,0000,000,0317,0000,004,0100,43D,0000
43E,0000,43F,0000,43E,0000,000,0317,0000,004,0100,43E,0000
43F,0000,440,0000,43F,0000,000,0317,0000,004,0100,43F,0000
440,0000,441,0000,440,0000,000,0317,0000,004,0100,440,0000
441,0000,442,0000,441,0000,000,0317,0000,004,0100,441,0000
442,0000,443,0000,442,0000,000,0317,0000,004,0100,442,0000
443,0000,444,0000,443,0000,000,0317,0000,004,0100,443,0000
444,0000,445,0000,444,0000,000,0317,0000,004,0100,444,0000
445,0000,446,0000,445,0000,000,0317,0000,004,0100,445,0000
446,0000,447,0000,446,0000,000,0317,0000,004,0100,446,0000
447,0000,448,0000,447,0000,000,0317,0000,004,0100,447,0000
448,0000,449,0000,448,0000,000,0317,0000,004,0100,448,0000
449,0000,44A,0000,449,0000,000,0317,0000,004,0100,449,0000
44A,0000,44B,0000,44A,0000,000,0317,0000,004,0100,44A,0000
44B,0000,44C,0000,44B,0000,000,0317,0000,004,0100,44B,0000
44C,0000,44D,0000,44C,0000,000,0317,0000,004,0100,44C,0000
44D,0000,44E,0000,44D,0000,000,0317,0000,004,0100,44D,0000
44E,0000,44F,0000,44E,0000,000,0317,0000,004,0100,44E,0000
44F,0000,450,0000,44F,0000,000,0317,0000,004,0100,44F,0000
450,0000,451,0000,450,0000,000,0317,0000,004,0100,450,0000
451,0000,452,0000,451,0000,000,0317,0000,004,0100,451,0000
452,0000,453,0000,452,0000,000,0317,0000,004,0100,452,0000
453,0000,454,0000,453,0000,000,0317,0000,004,0100,453,0000
454,0000,455,0000,454,0000,000,0317,0000,004,0100,454,0000
455,0000,456,0000,455,0000,000,0317,0000,004,0100,455,0000
456,0000,457,0000,456,0000,000,0317,0000,004,0100,456,0000
457,0000,458,0000,457,0000,000,0317,0000,004,0100,457,0000
458,0000,459,0000,458,0000,000,0317,0000,004,0100,458,0000
459,0000,45A,0000,459,0000,000,0317,0000,004,0100,459,0000
45A,0000,45B,0000,45A,0000,000,0317,0000,004,0100,45A,0000
45B,0000,45C,0000,45B,0000,000,0317,0000,004,0100,45B,0000
45C,0000,45D,0000,45C,0000,000,0317,0000,004,0100,45C,0000
45D,0000,45E,0000,45D,0000,000,0317,0000,004,0100,45D,0000
45E,0000,45F,0000,45E,0000,000,0317,0000,004,0100,45E,0000
45F,0000,460,0000,45F,0000,000,0317,0000,004,0100,45F,0000
460,0000,461,0000,460,0000,000,0317,0000,004,0100,460,0000
461,0000,462,0000,461,0000,000,0317,0000,004,0100,461,0000
462,0000,463,0000,462,0000,000,0317,0000,004,0100,462,0000
463,0000,464,0000,463,0000,000,0317,0000,004,0100,463,0000
464,0000,465,0000,464,0000,000,0317,0000,004,0100,464,0000
465,0000,466,0000,465,0000,000,0317,0000,004,0100,465,0000
466,0000,467,0000,466,0000,000,0317,0000,004,0100,466,0000
467,0000,468,0000,467,0000,000,0317,0000,004,0100,467,0000
468,0000,469,0000,468,0000,000,0317,0000,004,0100,468,0000
469,0000,46A,0000,469,0000,000,0317,0000,004,0100,469,0000
46A,0000,46B,0000,46A,0000,000,0317,0000,004,0100,46A,0000
46B,0000,46C,0000,46B,0000,000,0317,0000,004,0100,46B,0000
46C,0000,46D,0000,46C,0000,000,0317,0000,004,0100,46C,0000
46D,0000,46E,0000,46D,0000,000,0317,0000,004,0100,46D,0000
46E,0000,46F,0000,46E,0000,000,0317,0000,004,0100,46E,0000
46F,0000,470,0000,46F,0000,000,0317,0000,004,0100,46F,0000
470,0000,471,0000,470,0000,000,0317,0000,004,0100,470,0000
471,0000,472,0000,471,0000,000,0317,0000,004,0100,471,0000
472,0000,473,0000,472,0000,000,0317,0000,004,0100,472,0000
473,0000,474,0000,473,0000,000,0317,0000,004,0100,473,0000
474,0000,475,0000,474,0000,000,0317,0000,004,0100,474,0000
475,0000,476,0000,475,0000,000,0317,0000,004,0100,475,0000
476,0000,477,0000,476,0000,000,0317,0000,004,0100,476,0000
477,0000,478,0000,477,0000,000,0317,0000,004,0100,477,0000
478,0000,479,0000,478,0000,000,0317,0000,004,0100,478,0000
479,0000,47A,0000,479,0000,000,0317,0000,004,0100,479,0000
47A,0000,47B,0000,47A,0000,000,0317,0000,004,0100,47A,0000
47B,0000,47C,0000,47B,0000,000,0317,0000,004,0100,47B,0000
47C,0000,47D,0000,47C,0000,000,0317,0000,004,0100,47C,0000
47D,0000,47E,0000,47D,0000,000,0317,0000,004,0100,47D,0000
47E,0000,47F,0000,47E,0000,000,0317,0000,004,0100,47E,0000
47F,0000,480,0000,47F,0000,000,0317,0000,004,0100,47F,0000
480,0000,481,0000,480,0000,000,0317,0000,004,0100,480,0000
481,0000,482,0000,481,0000,000,0317,0000,004,0100,481,0000
482,0000,483,0000,482,0000,000,0317,0000,004,0100,482,0000
483,0000,484,0000,483,0000,000,0317,0000,004,0100,483,0000
484,0000,485,0000,484,0000,000,0317,0000,004,0100,484,0000
485,0000,486,0000,485,0000,000,0317,0000,004,0100,485,0000
486,0000,487,0000,486,0000,000,0317,0000,004,0100,486,0000
487,0000,488,0000,487,0000,000,0317,0000,004,0100,487,0000
488,0000,489,0000,488,0000,000,0317,0000,004,0100,488,0000
489,0000,48A,0000,489,0000,000,0317,0000,004,0100,489,0000
48A,0000,48B,0000,48A,0000,000,0317,0000,004,0100,48A,0000
48B,0000,48C,0000,48B,0000,000,0317,0000,004,0100,48B,0000
48C,0000,48D,0000,48C,0000,000,0317,0000,004,0100,48C,0000
48D,0000,48E,0000,48D,0000,000,0317,0000,004,0100,48D,0000
48E,0000,48F,0000,48E,0000,000,0317,0000,004,0100,48E,0000
48F,0000,490,0000,48F,0000,000,0317,0000,004,0100,48F,0000
490,0000,491,0000,490,0000,000,0317,0000,004,0100,490,0000
491,0000,492,0000,491,0000,000,0317,0000,004,0100,491,0000
492,0000,493,0000,492,0000,000,0317,0000,004,0100,492,0000
493,0000,494,0000,493,0000,000,0317,0000,004,0100,493,0000
494,0000,495,0000,494,0000,000,0317,0000,004,0100,494,0000
495,0000,496,0000,495,0000,000,0317,0000,004,0100,495,0000
496,0000,497,0000,496,0000,000,0317,0000,004,0100,496,0000
497,0000,498,0000,497,0000,000,0317,0000,004,0100,497,0000
498,0000,499,0000,498,0000,000,0317,0000,004,0100,498,0000
499,0000,49A,0000,499,0000,000,0317,0000,004,0100,499,0000
49A,0000,49B,0000,49A,0000,000,0317,0000,004,0100,49A,0000
49B,0000,49C,0000,49B,0000,000,0317,0000,004,0100,49B,0000
49C,0000,49D,0000,49C,0000,000,0317,0000,004,0100,49C,0000
49D,0000,49E,0000,49D,0000,000,0317,0000,004,0100,49D,0000
49E,0000,49F,0000,49E,0000,000,0317,0000,004,0100,49E,0000
49F,0000,4A0,0000,49F,0000,000,0317,0000,004,0100,49F,0000
4A0,0000,4A1,0000,4A0,0000,000,0317,0000,004,0100,4A0,0000
4A1,0000,4A2,0000,4A1,0000,000,0317,0000,004,0100,4A1,0000
4A2,0000,4A3,0000,4A2,0000,000,0317,0000,004,0100,4A2,0000
4A3,0000,4A4,0000,4A3,0000,000,0317,0000,004,0100,4A3,0000
4A4,0000,4A5,0000,4A4,0000,000,0317,0000,004,0100,4A4,0000
4A5,0000,4A6,0000,4A5,0000,000,0317,0000,004,0100,4A5,0000
4A6,0000,4A7,0000,4A6,0000,000,0317,0000,004,0100,4A6,0000
4A7,0000,4A8,0000,4A7,0000,000,0317,0000,004,0100,4A7,0000
4A8,0000,4A9,0000,4A8,0000,000,0317,0000,004,0100,4A8,0000
4A9,0000,4AA,0000,4A9,0000,000,0317,0000,004,0100,4A9,0000
4AA,0000,4AB,0000,4AA,0000,000,0317,0000,004,0100,4AA,0000
4AB,0000,4AC,0000,4AB,0000,000,0317,0000,004,0100,4AB,0000
4AC,0000,4AD,0000,4AC,0000,000,0317,0000,004,0100,4AC,0000
4AD,0000,4AE,0000,4AD,0000,000,0317,0000,004,0100,4AD,0000
4AE,0000,4AF,0000,4AE,0000,000,0317,0000,004,0100,4AE,0000
4AF,0000,4B0,0000,4AF,0000,000,0317,0000,004,0100,4AF,0000
4B0,0000,4B1,0000,4B0,0000,000,0317,0000,004,0100,4B0,0000
4B1,0000,4B2,0000,4B1,0000,000,0317,0000,004,0100,4B1,0000
4B2,0000,4B3,0000,4B2,0000,000,0317,0000,004,0100,4B2,0000
4B3,0000,4B4,0000,4B3,0000,000,0317,0000,004,0100,4B3,0000
4B4,0000,4B5,0000,4B4,0000,000,0317,0000,004,0100,4B4,0000
4B5,0000,4B6,0000,4B5,0000,000,0317,0000,004,0100,4B5,0000
4B6,0000,4B7,0000,4B6,0000,000,0317,0000,004,0100,4B6,0000
4B7,0000,4B8,0000,4B7,0000,000,0317,0000,004,0100,4B7,0000
4B8,0000,4B9,0000,4B8,0000,000,0317,0000,004,0100,4B8,0000
4B9,0000,4BA,0000,4B9,0000,000,0317,0000,004,0100,4B9,0000
4BA,0000,4BB,0000,4BA,0000,000,0317,0000,004,0100,4BA,0000
4BB,0000,4BC,0000,4BB,0000,000,0317,0000,004,0100,4BB,0000
4BC,0000,4BD,0000,4BC,0000,000,0317,0000,004,0100,4BC,0000
4BD,0000,4BE,0000,4BD,0000,000,0317,0000,004,0100,4BD,0000
4BE,0000,4BF,0000,4BE,0000,000,0317,0000,004,0100,4BE,0000
4BF,0000,4C0,0000,4BF,0000,000,0317,0000,004,0100,4BF,0000
4C0,0000,4C1,0000,4C0,0000,000,0317,0000,004,0100,4C0,0000
4C1,0000,4C2,0000,4C1,0000,000,0317,0000,004,0100,4C1,0000
4C2,0000,4C3,0000,4C2,0000,000,0317,0000,004,0100,4C2,0000
4C3,0000,4C4,0000,4C3,0000,000,0317,0000,004,0100,4C3,0000
4C4,0000,4C5,0000,4C4,0000,000,0317,0000,004,0100,4C4,0000
4C5,0000,4C6,0000,4C5,0000,000,0317,0000,004,0100,4C5,0000
4C6,0000,4C7,0000,4C6,0000,000,0317,0000,004,0100,4C6,0000
4C7,0000,4C8,0000,4C7,0000,000,0317,0000,004,0100,4C7,0000
4C8,0000,4C9,0000,4C8,0000,000,0317,0000,004,0100,4C8,0000
4C9,0000,4CA,0000,4C9,0000,000,0317,0000,004,0100,4C9,0000
4CA,0000,4CB,0000,4CA,0000,000,0317,0000,004,0100,4CA,0000
4CB,0000,4CC,0000,4CB,0000,000,0317,0000,004,0100,4CB,0000
4CC,0000,4CD,0000,4CC,0000,000,0317,0000,004,0100,4CC,0000
4CD,0000,4CE,0000,4CD,0000,000,0317,0000,004,0100,4CD,0000
4CE,0000,4CF,0000,4CE,0000,000,0317,0000,004,0100,4CE,0000
4CF,0000,4D0,0000,4CF,0000,000,0317,0000,004,0100,4CF,0000
4D0,0000,4D1,0000,4D0,0000,000,0317,0000,004,0100,4D0,0000
4D1,0000,4D2,0000,4D1,0000,000,0317,0000,004,0100,4D1,0000
4D2,0000,4D3,0000,4D2,0000,000,0317,0000,004,0100,4D2,0000
4D3,0000,4D4,0000,4D3,0000,000,0317,0000,004,0100,4D3,0000
4D4,0000,4D5,0000,4D4,0000,000,0317,0000,004,0100,4D4,0000
4D5,0000,4D6,0000,4D5,0000,000,0317,0000,004,0100,4D5,0000
4D6,0000,4D7,0000,4D6,0000,000,0317,0000,004,0100,4D6,0000
4D7,0000,4D8,0000,4D7,0000,000,0317,0000,004,0100,4D7,0000
4D8,0000,4D9,0000,4D8,0000,000,0317,0000,004,0100,4D8,0000
4D9,0000,4DA,0000,4D9,0000,000,0317,0000,004,0100,4D9,0000
4DA,0000,4DB,0000,4DA,0000,000,0317,0000,004,0100,4DA,0000
4DB,0000,4DC,0000,4DB,0000,000,0317,0000,004,0100,4DB,0000
4DC,0000,4DD,0000,4DC,0000,000,0317,0000,004,0100,4DC,0000
4DD,0000,4DE,0000,4DD,0000,000,0317,0000,004,0100,4DD,0000
4DE,0000,4DF,0000,4DE,0000,000,0317,0000,004,0100,4DE,0000
4DF,0000,4E0,0000,4DF,0000,000,0317,0000,004,0100,4DF,0000
4E0,0000,4E1,0000,4E0,0000,000,0317,0000,004,0100,4E0,0000
4E1,0000,4E2,0000,4E1,0000,000,0317,0000,004,0100,4E1,0000
4E2,0000,4E3,0000,4E2,0000,000,0317,0000,004,0100,4E2,0000
4E3,0000,4E4,0000,4E3,0000,000,0317,0000,004,0100,4E3,0000
4E4,0000,4E5,0000,4E4,0000,000,0317,0000,004,0100,4E4,0000
4E5,0000,4E6,0000,4E5,0000,000,0317,0000,004,0100,4E5,0000
4E6,0000,4E7,0000,4E6,0000,000,0317,0000,004,0100,4E6,0000
4E7,0000,4E8,0000,4E7,0000,000,0317,0000,004,0100,4E7,0000
4E8,0000,4E9,0000,4E8,0000,000,0317,0000,004,0100,4E8,0000
4E9,0000,4EA,0000,4E9,0000,000,0317,0000,004,0100,4E9,0000
4EA,0000,4EB,0000,4EA,0000,000,0317,0000,004,0100,4EA,0000
4EB,0000,4EC,0000,4EB,0000,000,0317,0000,004,0100,4EB,0000
4EC,0000,4ED,0000,4EC,0000,000,0317,0000,004,0100,4EC,0000
4ED,0000,4EE,0000,4ED,0000,000,0317,0000,004,0100,4ED,0000
4EE,0000,4EF,0000,4EE,0000,000,0317,0000,004,0100,4EE,0000
4EF,0000,4F0,0000,4EF,0000,000,0317,0000,004,0100,4EF,0000
4F0,0000,4F1,0000,4F0,0000,000,0317,0000,004,0100,4F0,0000
4F1,0000,4F2,0000,4F1,0000,000,0317,0000,004,0100,4F1,0000
4F2,0000,4F3,0000,4F2,0000,000,0317,0000,004,0100,4F2,0000
4F3,0000,4F4,0000,4F3,0000,000,0317,0000,004,0100,4F3,0000
4F4,0000,4F5,0000,4F4,0000,000,0317,0000,004,0100,4F4,0000
4F5,0000,4F6,0000,4F5,0000,000,0317,0000,004,0100,4F5,0000
4F6,0000,4F7,0000,4F6,0000,000,0317,0000,004,0100,4F6,0000
4F7,0000,4F8,0000,4F7,0000,000,0317,0000,004,0100,4F7,0000
4F8,0000,4F9,0000,4F8,0000,000,0317,0000,004,0100,4F8,0000
4F9,0000,4FA,0000,4F9,0000,000,0317,0000,004,0100,4F9,0000
4FA,0000,4FB,0000,4FA,0000,000,0317,0000,004,0100,4FA,0000
4FB,0000,4FC,0000,4FB,0000,000,0317,0000,004,0100,4FB,0000
4FC,0000,4FD,0000,4FC,0000,000,0317,0000,004,0100,4FC,0000
4FD,0000,4FE,0000,4FD,0000,000,0317,0000,004,0100,4FD,0000
4FE,0000,4FF,0000,4FE,0000,000,0317,0000,004,0100,4FE,0000
4FF,0000,500,0000,4FF,0000,000,0317,0000,004,0100,4FF,0000
500,0000,501,0000,500,0000,000,0317,0000,004,0100,500,0000
501,0000,502,0000,501,0000,000,0317,0000,004,0100,501,0000
502,0000,503,0000,502,0000,000,0317,0000,004,0100,502,0000
503,0000,504,0000,503,0000,000,0317,0000,004,0100,503,0000
504,0000,505,0000,504,0000,000,0317,0000,004,0100,504,0000
505,0000,506,0000,505,0000,000,0317,0000,004,0100,505,0000
506,0000,507,0000,506,0000,000,0317,0000,004,0100,506,0000
507,0000,508,0000,507,0000,000,0317,0000,004,0100,507,0000
508,0000,509,0000,508,0000,000,0317,0000,004,0100,508,0000
509,0000,50A,0000,509,0000,000,0317,0000,004,0100,509,0000
50A,0000,50B,0000,50A,0000,000,0317,0000,004,0100,50A,0000
50B,0000,50C,0000,50B,0000,000,0317,0000,004,0100,50B,0000
50C,0000,50D,0000,50C,0000,000,0317,0000,004,0100,50C,0000
50D,0000,50E,0000,50D,0000,000,0317,0000,004,0100,50D,0000
50E,0000,50F,0000,50E,0000,000,0317,0000,004,0100,50E,0000
50F,0000,510,0000,50F,0000,000,0317,0000,004,0100,50F,0000
510,0000,511,0000,510,0000,000,0317,0000,004,0100,510,0000
511,0000,512,0000,511,0000,000,0317,0000,004,0100,511,0000
512,0000,513,0000,512,0000,000,0317,0000,004,0100,512,0000
513,0000,514,0000,513,0000,000,0317,0000,004,0100,513,0000
514,0000,515,0000,514,0000,000,0317,0000,004,0100,514,0000
515,0000,516,0000,515,0000,000,0317,0000,004,0100,515,0000
516,0000,517,0000,516,0000,000,0317,0000,004,0100,516,0000
517,0000,518,0000,517,0000,000,0317,0000,004,0100,517,0000
518,0000,519,0000,518,0000,000,0317,0000,004,0100,518,0000
519,0000,51A,0000,519,0000,000,0317,0000,004,0100,519,0000
51A,0000,51B,0000,51A,0000,000,0317,0000,004,0100,51A,0000
51B,0000,51C,0000,51B,0000,000,0317,0000,004,0100,51B,0000
51C,0000,51D,0000,51C,0000,000,0317,0000,004,0100,51C,0000
51D,0000,51E,0000,51D,0000,000,0317,0000,004,0100,51D,0000
51E,0000,51F,0000,51E,0000,000,0317,0000,004,0100,51E,0000
51F,0000,520,0000,51F,0000,000,0317,0000,004,0100,51F,0000
520,0000,521,0000,520,0000,000,0317,0000,004,0100,520,0000
521,0000,522,0000,521,0000,000,0317,0000,004,0100,521,0000
522,0000,523,0000,522,0000,000,0317,0000,004,0100,522,0000
523,0000,524,0000,523,0000,000,0317,0000,004,0100,523,0000
524,0000,525,0000,524,0000,000,0317,0000,004,0100,524,0000
525,0000,526,0000,525,0000,000,0317,0000,004,0100,525,0000
526,0000,527,0000,526,0000,000,0317,0000,004,0100,526,0000
527,0000,528,0000,527,0000,000,0317,0000,004,0100,527,0000
528,0000,529,0000,528,0000,000,0317,0000,004,0100,528,0000
529,0000,52A,0000,529,0000,000,0317,0000,004,0100,529,0000
52A,0000,52B,0000,52A,0000,000,0317,0000,004,0100,52A,0000
52B,0000,52C,0000,52B,0000,000,0317,0000,004,0100,52B,0000
52C,0000,52D,0000,52C,0000,000,0317,0000,004,0100,52C,0000
52D,0000,52E,0000,52D,0000,000,0317,0000,004,0100,52D,0000
52E,0000,52F,0000,52E,0000,000,0317,0000,004,0100,52E,0000
52F,0000,530,0000,52F,0000,000,0317,0000,004,0100,52F,0000
530,0000,531,0000,530,0000,000,0317,0000,004,0100,530,0000
531,0000,532,0000,531,0000,000,0317,0000,004,0100,531,0000
532,0000,533,0000,532,0000,000,0317,0000,004,0100,532,0000
533,0000,534,0000,533,0000,000,0317,0000,004,0100,533,0000
534,0000,535,0000,534,0000,000,0317,0000,004,0100,534,0000
535,0000,536,0000,535,0000,000,0317,0000,004,0100,535,0000
536,0000,537,0000,536,0000,000,0317,0000,004,0100,536,0000
537,0000,538,0000,537,0000,000,0317,0000,004,0100,537,0000
538,0000,539,0000,538,0000,000,0317,0000,004,0100,538,0000
539,0000,53A,0000,539,0000,000,0317,0000,004,0100,539,0000
53A,0000,53B,0000,53A,0000,000,0317,0000,004,0100,53A,0000
53B,0000,53C,0000,53B,0000,000,0317,0000,004,0100,53B,0000
53C,0000,53D,0000,53C,0000,000,0317,0000,004,0100,53C,0000
53D,0000,53E,0000,53D,0000,000,0317,0000,004,0100,53D,0000
53E,0000,53F,0000,53E,0000,000,0317,0000,004,0100,53E,0000
53F,0000,540,0000,53F,0000,000,0317,0000,004,0100,53F,0000
540,0000,541,0000,540,0000,000,0317,0000,004,0100,540,0000
541,0000,542,0000,541,0000,000,0317,0000,004,0100,541,0000
542,0000,543,0000,542,0000,000,0317,0000,004,0100,542,0000
543,0000,544,0000,543,0000,000,0317,0000,004,0100,543,0000
544,0000,545,0000,544,0000,000,0317,0000,004,0100,544,0000
545,0000,546,0000,545,0000,000,0317,0000,004,0100,545,0000
546,0000,547,0000,546,0000,000,0317,0000,004,0100,546,0000
547,0000,548,0000,547,0000,000,0317,0000,004,0100,547,0000
548,0000,549,0000,548,0000,000,0317,0000,004,0100,548,0000
549,0000,54A,0000,549,0000,000,0317,0000,004,0100,549,0000
54A,0000,54B,0000,54A,0000,000,0317,0000,004,0100,54A,0000
54B,0000,54C,0000,54B,0000,000,0317,0000,004,0100,54B,0000
54C,0000,54D,0000,54C,0000,000,0317,0000,004,0100,54C,0000
54D,0000,54E,0000,54D,0000,000,0317,0000,004,0100,54D,0000
54E,0000,54F,0000,54E,0000,000,0317,0000,004,0100,54E,0000
54F,0000,550,0000,54F,0000,000,0317,0000,004,0100,54F,0000
550,0000,551,0000,550,0000,000,0317,0000,004,0100,550,0000
551,0000,552,0000,551,0000,000,0317,0000,004,0100,551,0000
552,0000,553,0000,552,0000,000,0317,0000,004,0100,552,0000
553,0000,554,0000,553,0000,000,0317,0000,004,0100,553,0000
554,0000,555,0000,554,0000,000,0317,0000,004,0100,554,0000
555,0000,556,0000,555,0000,000,0317,0000,004,0100,555,0000
556,0000,557,0000,556,0000,000,0317,0000,004,0100,556,0000
557,0000,558,0000,557,0000,000,0317,0000,004,0100,557,0000
558,0000,559,0000,558,0000,000,0317,0000,004,0100,558,0000
559,0000,55A,0000,559,0000,000,0317,0000,004,0100,559,0000
55A,0000,55B,0000,55A,0000,000,0317,0000,004,0100,55A,0000
55B,0000,55C,0000,55B,0000,000,0317,0000,004,0100,55B,0000
55C,0000,55D,0000,55C,0000,000,0317,0000,004,0100,55C,0000
55D,0000,55E,0000,55D,0000,000,0317,0000,004,0100,55D,0000
55E,0000,55F,0000,55E,0000,000,0317,0000,004,0100,55E,0000
55F,0000,560,0000,55F,0000,000,0317,0000,004,0100,55F,0000
560,0000,561,0000,560,0000,000,0317,0000,004,0100,560,0000
561,0000,562,0000,561,0000,000,0317,0000,004,0100,561,0000
562,0000,563,0000,562,0000,000,0317,0000,004,0100,562,0000
563,0000,564,0000,563,0000,000,0317,0000,004,0100,563,0000
564,0000,565,0000,564,0000,000,0317,0000,004,0100,564,0000
565,0000,566,0000,565,0000,000,0317,0000,004,0100,565,0000
566,0000,567,0000,566,0000,000,0317,0000,004,0100,566,0000
567,0000,568,0000,567,0000,000,0317,0000,004,0100,567,0000
568,0000,569,0000,568,0000,000,0317,0000,004,0100,568,0000
569,0000,56A,0000,569,0000,000,0317,0000,004,0100,569,0000
56A,0000,56B,0000,56A,0000,000,0317,0000,004,0100,56A,0000
56B,0000,56C,0000,56B,0000,000,0317,0000,004,0100,56B,0000
56C,0000,56D,0000,56C,0000,000,0317,0000,004,0100,56C,0000
56D,0000,56E,0000,56D,0000,000,0317,0000,004,0100,56D,0000
56E,0000,56F,0000,56E,0000,000,0317,0000,004,0100,56E,0000
56F,0000,570,0000,56F,0000,000,0317,0000,004,0100,56F,0000
570,0000,571,0000,570,0000,000,0317,0000,004,0100,570,0000
571,0000,572,0000,571,0000,000,0317,0000,004,0100,571,0000
572,0000,573,0000,572,0000,000,0317,0000,004,0100,572,0000
573,0000,574,0000,573,0000,000,0317,0000,004,0100,573,0000
574,0000,575,0000,574,0000,000,0317,0000,004,0100,574,0000
575,0000,576,0000,575,0000,000,0317,0000,004,0100,575,0000
576,0000,577,0000,576,0000,000,0317,0000,004,0100,576,0000
577,0000,578,0000,577,0000,000,0317,0000,004,0100,577,0000
578,0000,579,0000,578,0000,000,0317,0000,004,0100,578,0000
579,0000,57A,0000,579,0000,000,0317,0000,004,0100,579,0000
57A,0000,57B,0000,57A,0000,000,0317,0000,004,0100,57A,0000
57B,0000,57C,0000,57B,0000,000,0317,0000,004,0100,57B,0000
57C,0000,57D,0000,57C,0000,000,0317,0000,004,0100,57C,0000
57D,0000,57E,0000,57D,0000,000,0317,0000,004,0100,57D,0000
57E,0000,57F,0000,57E,0000,000,0317,0000,004,0100,57E,0000
57F,0000,580,0000,57F,0000,000,0317,0000,004,0100,57F,0000
580,0000,581,0000,580,0000,000,0317,0000,004,0100,580,0000
581,0000,582,0000,581,0000,000,0317,0000,004,0100,581,0000
582,0000,583,0000,582,0000,000,0317,0000,004,0100,582,0000
583,0000,584,0000,583,0000,000,0317,0000,004,0100,583,0000
584,0000,585,0000,584,0000,000,0317,0000,004,0100,584,0000
585,0000,586,0000,585,0000,000,0317,0000,004,0100,585,0000
586,0000,587,0000,586,0000,000,0317,0000,004,0100,586,0000
587,0000,588,0000,587,0000,000,0317,0000,004,0100,587,0000
588,0000,589,0000,588,0000,000,0317,0000,004,0100,588,0000
589,0000,58A,0000,589,0000,000,0317,0000,004,0100,589,0000
58A,0000,58B,0000,58A,0000,000,0317,0000,004,0100,58A,0000
58B,0000,58C,0000,58B,0000,000,0317,0000,004,0100,58B,0000
58C,0000,58D,0000,58C,0000,000,0317,0000,004,0100,58C,0000
58D,0000,58E,0000,58D,0000,000,0317,0000,004,0100,58D,0000
58E,0000,58F,0000,58E,0000,000,0317,0000,004,0100,58E,0000
58F,0000,590,0000,58F,0000,000,0317,0000,004,0100,58F,0000
590,0000,591,0000,590,0000,000,0317,0000,004,0100,590,0000
591,0000,592,0000,591,0000,000,0317,0000,004,0100,591,0000
592,0000,593,0000,592,0000,000,0317,0000,004,0100,592,0000
593,0000,594,0000,593,0000,000,0317,0000,004,0100,593,0000
594,0000,595,0000,594,0000,000,0317,0000,004,0100,594,0000
595,0000,596,0000,595,0000,000,0317,0000,004,0100,595,0000
596,0000,597,0000,596,0000,000,0317,0000,004,0100,596,0000
597,0000,598,0000,597,0000,000,0317,0000,004,0100,597,0000
598,0000,599,0000,598,0000,000,0317,0000,004,0100,598,0000
599,0000,59A,0000,599,0000,000,0317,0000,004,0100,599,0000
59A,0000,59B,0000,59A,0000,000,0317,0000,004,0100,59A,0000
59B,0000,59C,0000,59B,0000,000,0317,0000,004,0100,59B,0000
59C,0000,59D,0000,59C,0000,000,0317,0000,004,0100,59C,0000
59D,0000,59E,0000,59D,0000,000,0317,0000,004,0100,59D,0000
59E,0000,59F,0000,59E,0000,000,0317,0000,004,0100,59E,0000
59F,0000,5A0,0000,59F,0000,000,0317,0000,004,0100,59F,0000
5A0,0000,5A1,0000,5A0,0000,000,0317,0000,004,0100,5A0,0000
5A1,B1D8,5A2,0000,5A1,B1D8,000,0317,0000,004,0100,5A1,B1D8
5A2,D2D5,5A3,0000,5A2,D2D5,000,0317,0000,004,0100,5A2,D2D5
5A3,DEDF,5A4,0000,5A3,DEDF,000,0317,0000,004,0100,5A3,DEDF
5A4,3B00,5A5,0000,5A4,3B00,000,0317,0000,004,0100,5A4,3B00
5A5,0000,1F5,0000,5A4,3B00,000,0317,0000,004,0100
1F5,CE00,1F3,0000,5A4,3B00,000,0317,0000,004,0100
1F3,0000,1F4,0000,1F3,0000,000,0317,0000,004,0100,1F3,0000
1F4,05A1,1F5,0000,1F4,05A1,000,0317,0000,004,0100,1F4,05A1
1F5,CE00,1F6,0000,1F5,CE00,000,0317,0000,004,0100,1F5,CE00
1F6,1203,1F7,0000,1F6,1203,000,0317,0000,004,0100,1F6,1203
1F7,2F40,1F8,0000,1F7,2F40,000,0317,0000,004,0100,1F7,2F40
1F8,F0FD,1F9,0000,1F8,F0FD,000,0317,0000,004,0100,1F8,F0FD
1F9,AEF9,1FA,0000,1F9,AEF9,000,0317,0000,004,0100,1F9,AEF9
1FA,F001,1FB,0000,1FA,F001,000,0317,0000,004,0100,1FA,F001
1FB,CE06,1FC,0000,1FB,CE06,000,0317,0000,004,0100,1FB,CE06
1FC,0700,1FD,0000,1FC,0700,000,0317,0000,004,0100,1FC,0700
1FD,EEF5,1FE,0000,1FD,EEF5,000,0317,0000,004,0100,1FD,EEF5
1FE,A8F5,1FF,0000,1FE,A8F5,000,0317,0000,004,0100,1FE,A8F5
1FF,0680,200,0000,1FF,0680,000,0317,0000,004,0100,1FF,0680
200,DE06,201,0000,200,DE06,000,0317,0000,004,0100,200,DE06
201,CEF4,202,0000,201,CEF4,000,0317,0000,004,0100,201,CEF4
202,0200,203,0000,202,0200,000,0317,0000,004,0100,202,0200
203,EEEF,204,0000,203,EEEF,000,0317,0000,004,0100,203,EEEF
204,AAEF,205,0000,204,AAEF,000,0317,0000,004,0100,204,AAEF
205,DE01,206,0000,205,DE01,000,0317,0000,004,0100,205,DE01
206,CEEF,207,0000,206,CEEF,000,0317,0000,004,0100,206,CEEF
207,1302,208,0000,207,1302,000,0317,0000,004,0100,207,1302
208,2FFF,209,0000,208,2FFF,000,0317,0000,004,0100,208,2FFF
209,F001,20A,0000,209,F001,000,0317,0000,004,0100,209,F001
20A,0A00,20B,0000,20A,0A00,000,0317,0000,004,0100,20A,0A00
20B,0100,20C,0000,20B,0100,000,0317,0000,004,0100,20B,0100
20C,0000,20D,0000,20C,0000,000,0317,0000,004,0100,20C,0000
20D,0000,20E,0000,20D,0000,000,0317,0000,004,0100,20D,0000
20E,0000,20F,0000,20E,0000,000,0317,0000,004,0100,20E,0000
20F,0000,210,0000,20F,0000,000,0317,0000,004,0100,20F,0000
210,0000,211,0000,210,0000,000,0317,0000,004,0100,210,0000
211,0000,212,0000,211,0000,000,0317,0000,004,0100,211,0000
212,0000,213,0000,212,0000,000,0317,0000,004,0100,212,0000
213,0000,214,0000,213,0000,000,0317,0000,004,0100,213,0000
214,0000,215,0000,214,0000,000,0317,0000,004,0100,214,0000
215,0000,216,0000,215,0000,000,0317,0000,004,0100,215,0000
216,0000,217,0000,216,0000,000,0317,0000,004,0100,216,0000
217,0000,218,0000,217,0000,000,0317,0000,004,0100,217,0000
218,0000,219,0000,218,0000,000,0317,0000,004,0100,218,0000
219,0000,21A,0000,219,0000,000,0317,0000,004,0100,219,0000
21A,0000,21B,0000,21A,0000,000,0317,0000,004,0100,21A,0000
21B,0000,21C,0000,21B,0000,000,0317,0000,004,0100,21B,0000
21C,0000,21D,0000,21C,0000,000,0317,0000,004,0100,21C,0000
21D,0000,21E,0000,21D,0000,000,0317,0000,004,0100,21D,0000
21E,0000,21F,0000,21E,0000,000,0317,0000,004,0100,21E,0000
21F,0000,220,0000,21F,0000,000,0317,0000,004,0100,21F,0000
220,0000,221,0000,220,0000,000,0317,0000,004,0100,220,0000
221,0000,222,0000,221,0000,000,0317,0000,004,0100,221,0000
222,0000,223,0000,222,0000,000,0317,0000,004,0100,222,0000
223,0000,224,0000,223,0000,000,0317,0000,004,0100,223,0000
224,0000,225,0000,224,0000,000,0317,0000,004,0100,224,0000
225,0000,226,0000,225,0000,000,0317,0000,004,0100,225,0000
226,0000,227,0000,226,0000,000,0317,0000,004,0100,226,0000
227,0000,228,0000,227,0000,000,0317,0000,004,0100,227,0000
228,0000,229,0000,228,0000,000,0317,0000,004,0100,228,0000
229,0000,22A,0000,229,0000,000,0317,0000,004,0100,229,0000
22A,0000,22B,0000,22A,0000,000,0317,0000,004,0100,22A,0000
22B,0000,22C,0000,22B,0000,000,0317,0000,004,0100,22B,0000
22C,0000,22D,0000,22C,0000,000,0317,0000,004,0100,22C,0000
22D,0000,22E,0000,22D,0000,000,0317,0000,004,0100,22D,0000
22E,0000,22F,0000,22E,0000,000,0317,0000,004,0100,22E,0000
22F,0000,230,0000,22F,0000,000,0317,0000,004,0100,22F,0000
230,0000,231,0000,230,0000,000,0317,0000,004,0100,230,0000
231,0000,232,0000,231,0000,000,0317,0000,004,0100,231,0000
232,0000,233,0000,232,0000,000,0317,0000,004,0100,232,0000
233,0000,234,0000,233,0000,000,0317,0000,004,0100,233,0000
234,0000,235,0000,234,0000,000,0317,0000,004,0100,234,0000
235,0000,236,0000,235,0000,000,0317,0000,004,0100,235,0000
236,0000,237,0000,236,0000,000,0317,0000,004,0100,236,0000
237,0000,238,0000,237,0000,000,0317,0000,004,0100,237,0000
238,0000,239,0000,238,0000,000,0317,0000,004,0100,238,0000
239,0000,23A,0000,239,0000,000,0317,0000,004,0100,239,0000
23A,0000,23B,0000,23A,0000,000,0317,0000,004,0100,23A,0000
23B,0000,23C,0000,23B,0000,000,0317,0000,004,0100,23B,0000
23C,0000,23D,0000,23C,0000,000,0317,0000,004,0100,23C,0000
23D,0000,23E,0000,23D,0000,000,0317,0000,004,0100,23D,0000
23E,0000,23F,0000,23E,0000,000,0317,0000,004,0100,23E,0000
23F,0000,240,0000,23F,0000,000,0317,0000,004,0100,23F,0000
240,0000,241,0000,240,0000,000,0317,0000,004,0100,240,0000
241,0000,242,0000,241,0000,000,0317,0000,004,0100,241,0000
242,0000,243,0000,242,0000,000,0317,0000,004,0100,242,0000
243,0000,244,0000,243,0000,000,0317,0000,004,0100,243,0000
244,0000,245,0000,244,0000,000,0317,0000,004,0100,244,0000
245,0000,246,0000,245,0000,000,0317,0000,004,0100,245,0000
246,0000,247,0000,246,0000,000,0317,0000,004,0100,246,0000
247,0000,248,0000,247,0000,000,0317,0000,004,0100,247,0000
248,0000,249,0000,248,0000,000,0317,0000,004,0100,248,0000
249,0000,24A,0000,249,0000,000,0317,0000,004,0100,249,0000
24A,0000,24B,0000,24A,0000,000,0317,0000,004,0100,24A,0000
24B,0000,24C,0000,24B,0000,000,0317,0000,004,0100,24B,0000
24C,0000,24D,0000,24C,0000,000,0317,0000,004,0100,24C,0000
24D,0000,24E,0000,24D,0000,000,0317,0000,004,0100,24D,0000
24E,0000,24F,0000,24E,0000,000,0317,0000,004,0100,24E,0000
24F,0000,250,0000,24F,0000,000,0317,0000,004,0100,24F,0000
250,0000,251,0000,250,0000,000,0317,0000,004,0100,250,0000
251,0000,252,0000,251,0000,000,0317,0000,004,0100,251,0000
252,0000,253,0000,252,0000,000,0317,0000,004,0100,252,0000
253,0000,254,0000,253,0000,000,0317,0000,004,0100,253,0000
254,0000,255,0000,254,0000,000,0317,0000,004,0100,254,0000
255,0000,256,0000,255,0000,000,0317,0000,004,0100,255,0000
256,0000,257,0000,256,0000,000,0317,0000,004,0100,256,0000
257,0000,258,0000,257,0000,000,0317,0000,004,0100,257,0000
258,0000,259,0000,258,0000,000,0317,0000,004,0100,258,0000
259,0000,25A,0000,259,0000,000,0317,0000,004,0100,259,0000
25A,0000,25B,0000,25A,0000,000,0317,0000,004,0100,25A,0000
25B,0000,25C,0000,25B,0000,000,0317,0000,004,0100,25B,0000
25C,0000,25D,0000,25C,0000,000,0317,0000,004,0100,25C,0000
25D,0000,25E,0000,25D,0000,000,0317,0000,004,0100,25D,0000
25E,0000,25F,0000,25E,0000,000,0317,0000,004,0100,25E,0000
25F,0000,260,0000,25F,0000,000,0317,0000,004,0100,25F,0000
260,0000,261,0000,260,0000,000,0317,0000,004,0100,260,0000
261,0000,262,0000,261,0000,000,0317,0000,004,0100,261,0000
262,0000,263,0000,262,0000,000,0317,0000,004,0100,262,0000
263,0000,264,0000,263,0000,000,0317,0000,004,0100,263,0000
264,0000,265,0000,264,0000,000,0317,0000,004,0100,264,0000
265,0000,266,0000,265,0000,000,0317,0000,004,0100,265,0000
266,0000,267,0000,266,0000,000,0317,0000,004,0100,266,0000
267,0000,268,0000,267,0000,000,0317,0000,004,0100,267,0000
268,0000,269,0000,268,0000,000,0317,0000,004,0100,268,0000
269,0000,26A,0000,269,0000,000,0317,0000,004,0100,269,0000
26A,0000,26B,0000,26A,0000,000,0317,0000,004,0100,26A,0000
26B,0000,26C,0000,26B,0000,000,0317,0000,004,0100,26B,0000
26C,0000,26D,0000,26C,0000,000,0317,0000,004,0100,26C,0000
26D,0000,26E,0000,26D,0000,000,0317,0000,004,0100,26D,0000
26E,0000,26F,0000,26E,0000,000,0317,0000,004,0100,26E,0000
26F,0000,270,0000,26F,0000,000,0317,0000,004,0100,26F,0000
270,0000,271,0000,270,0000,000,0317,0000,004,0100,270,0000
271,0000,272,0000,271,0000,000,0317,0000,004,0100,271,0000
272,0000,273,0000,272,0000,000,0317,0000,004,0100,272,0000
273,0000,274,0000,273,0000,000,0317,0000,004,0100,273,0000
274,0000,275,0000,274,0000,000,0317,0000,004,0100,274,0000
275,0000,276,0000,275,0000,000,0317,0000,004,0100,275,0000
276,0000,277,0000,276,0000,000,0317,0000,004,0100,276,0000
277,0000,278,0000,277,0000,000,0317,0000,004,0100,277,0000
278,0000,279,0000,278,0000,000,0317,0000,004,0100,278,0000
279,0000,27A,0000,279,0000,000,0317,0000,004,0100,279,0000
27A,0000,27B,0000,27A,0000,000,0317,0000,004,0100,27A,0000
27B,0000,27C,0000,27B,0000,000,0317,0000,004,0100,27B,0000
27C,0000,27D,0000,27C,0000,000,0317,0000,004,0100,27C,0000
27D,0000,27E,0000,27D,0000,000,0317,0000,004,0100,27D,0000
27E,0000,27F,0000,27E,0000,000,0317,0000,004,0100,27E,0000
27F,0000,280,0000,27F,0000,000,0317,0000,004,0100,27F,0000
280,0000,281,0000,280,0000,000,0317,0000,004,0100,280,0000
281,0000,282,0000,281,0000,000,0317,0000,004,0100,281,0000
282,0000,283,0000,282,0000,000,0317,0000,004,0100,282,0000
283,0000,284,0000,283,0000,000,0317,0000,004,0100,283,0000
284,0000,285,0000,284,0000,000,0317,0000,004,0100,284,0000
285,0000,286,0000,285,0000,000,0317,0000,004,0100,285,0000
286,0000,287,0000,286,0000,000,0317,0000,004,0100,286,0000
287,0000,288,0000,287,0000,000,0317,0000,004,0100,287,0000
288,0000,289,0000,288,0000,000,0317,0000,004,0100,288,0000
289,0000,28A,0000,289,0000,000,0317,0000,004,0100,289,0000
28A,0000,28B,0000,28A,0000,000,0317,0000,004,0100,28A,0000
28B,0000,28C,0000,28B,0000,000,0317,0000,004,0100,28B,0000
28C,0000,28D,0000,28C,0000,000,0317,0000,004,0100,28C,0000
28D,0000,28E,0000,28D,0000,000,0317,0000,004,0100,28D,0000
28E,0000,28F,0000,28E,0000,000,0317,0000,004,0100,28E,0000
28F,0000,290,0000,28F,0000,000,0317,0000,004,0100,28F,0000
290,0000,291,0000,290,0000,000,0317,0000,004,0100,290,0000
291,0000,292,0000,291,0000,000,0317,0000,004,0100,291,0000
292,0000,293,0000,292,0000,000,0317,0000,004,0100,292,0000
293,0000,294,0000,293,0000,000,0317,0000,004,0100,293,0000
294,0000,295,0000,294,0000,000,0317,0000,004,0100,294,0000
295,0000,296,0000,295,0000,000,0317,0000,004,0100,295,0000
296,0000,297,0000,296,0000,000,0317,0000,004,0100,296,0000
297,0000,298,0000,297,0000,000,0317,0000,004,0100,297,0000
298,0000,299,0000,298,0000,000,0317,0000,004,0100,298,0000
299,0000,29A,0000,299,0000,000,0317,0000,004,0100,299,0000
29A,0000,29B,0000,29A,0000,000,0317,0000,004,0100,29A,0000
29B,0000,29C,0000,29B,0000,000,0317,0000,004,0100,29B,0000
29C,0000,29D,0000,29C,0000,000,0317,0000,004,0100,29C,0000
29D,0000,29E,0000,29D,0000,000,0317,0000,004,0100,29D,0000
29E,0000,29F,0000,29E,0000,000,0317,0000,004,0100,29E,0000
29F,0000,2A0,0000,29F,0000,000,0317,0000,004,0100,29F,0000
2A0,0000,2A1,0000,2A0,0000,000,0317,0000,004,0100,2A0,0000
2A1,0000,2A2,0000,2A1,0000,000,0317,0000,004,0100,2A1,0000
2A2,0000,2A3,0000,2A2,0000,000,0317,0000,004,0100,2A2,0000
2A3,0000,2A4,0000,2A3,0000,000,0317,0000,004,0100,2A3,0000
2A4,0000,2A5,0000,2A4,0000,000,0317,0000,004,0100,2A4,0000
2A5,0000,2A6,0000,2A5,0000,000,0317,0000,004,0100,2A5,0000
2A6,0000,2A7,0000,2A6,0000,000,0317,0000,004,0100,2A6,0000
2A7,0000,2A8,0000,2A7,0000,000,0317,0000,004,0100,2A7,0000
2A8,0000,2A9,0000,2A8,0000,000,0317,0000,004,0100,2A8,0000
2A9,0000,2AA,0000,2A9,0000,000,0317,0000,004,0100,2A9,0000
2AA,0000,2AB,0000,2AA,0000,000,0317,0000,004,0100,2AA,0000
2AB,0000,2AC,0000,2AB,0000,000,0317,0000,004,0100,2AB,0000
2AC,0000,2AD,0000,2AC,0000,000,0317,0000,004,0100,2AC,0000
2AD,0000,2AE,0000,2AD,0000,000,0317,0000,004,0100,2AD,0000
2AE,0000,2AF,0000,2AE,0000,000,0317,0000,004,0100,2AE,0000
2AF,0000,2B0,0000,2AF,0000,000,0317,0000,004,0100,2AF,0000
2B0,0000,2B1,0000,2B0,0000,000,0317,0000,004,0100,2B0,0000
2B1,0000,2B2,0000,2B1,0000,000,0317,0000,004,0100,2B1,0000
2B2,0000,2B3,0000,2B2,0000,000,0317,0000,004,0100,2B2,0000
2B3,0000,2B4,0000,2B3,0000,000,0317,0000,004,0100,2B3,0000
2B4,0000,2B5,0000,2B4,0000,000,0317,0000,004,0100,2B4,0000
2B5,0000,2B6,0000,2B5,0000,000,0317,0000,004,0100,2B5,0000
2B6,0000,2B7,0000,2B6,0000,000,0317,0000,004,0100,2B6,0000
2B7,0000,2B8,0000,2B7,0000,000,0317,0000,004,0100,2B7,0000
2B8,0000,2B9,0000,2B8,0000,000,0317,0000,004,0100,2B8,0000
2B9,0000,2BA,0000,2B9,0000,000,0317,0000,004,0100,2B9,0000
2BA,0000,2BB,0000,2BA,0000,000,0317,0000,004,0100,2BA,0000
2BB,0000,2BC,0000,2BB,0000,000,0317,0000,004,0100,2BB,0000
2BC,0000,2BD,0000,2BC,0000,000,0317,0000,004,0100,2BC,0000
2BD,0000,2BE,0000,2BD,0000,000,0317,0000,004,0100,2BD,0000
2BE,0000,2BF,0000,2BE,0000,000,0317,0000,004,0100,2BE,0000
2BF,0000,2C0,0000,2BF,0000,000,0317,0000,004,0100,2BF,0000
2C0,0000,2C1,0000,2C0,0000,000,0317,0000,004,0100,2C0,0000
2C1,0000,2C2,0000,2C1,0000,000,0317,0000,004,0100,2C1,0000
2C2,0000,2C3,0000,2C2,0000,000,0317,0000,004,0100,2C2,0000
2C3,0000,2C4,0000,2C3,0000,000,0317,0000,004,0100,2C3,0000
2C4,0000,2C5,0000,2C4,0000,000,0317,0000,004,0100,2C4,0000
2C5,0000,2C6,0000,2C5,0000,000,0317,0000,004,0100,2C5,0000
2C6,0000,2C7,0000,2C6,0000,000,0317,0000,004,0100,2C6,0000
2C7,0000,2C8,0000,2C7,0000,000,0317,0000,004,0100,2C7,0000
2C8,0000,2C9,0000,2C8,0000,000,0317,0000,004,0100,2C8,0000
2C9,0000,2CA,0000,2C9,0000,000,0317,0000,004,0100,2C9,0000
2CA,0000,2CB,0000,2CA,0000,000,0317,0000,004,0100,2CA,0000
2CB,0000,2CC,0000,2CB,0000,000,0317,0000,004,0100,2CB,0000
2CC,0000,2CD,0000,2CC,0000,000,0317,0000,004,0100,2CC,0000
2CD,0000,2CE,0000,2CD,0000,000,0317,0000,004,0100,2CD,0000
2CE,0000,2CF,0000,2CE,0000,000,0317,0000,004,0100,2CE,0000
2CF,0000,2D0,0000,2CF,0000,000,0317,0000,004,0100,2CF,0000
2D0,0000,2D1,0000,2D0,0000,000,0317,0000,004,0100,2D0,0000
2D1,0000,2D2,0000,2D1,0000,000,0317,0000,004,0100,2D1,0000
2D2,0000,2D3,0000,2D2,0000,000,0317,0000,004,0100,2D2,0000
2D3,0000,2D4,0000,2D3,0000,000,0317,0000,004,0100,2D3,0000
2D4,0000,2D5,0000,2D4,0000,000,0317,0000,004,0100,2D4,0000
2D5,0000,2D6,0000,2D5,0000,000,0317,0000,004,0100,2D5,0000
2D6,0000,2D7,0000,2D6,0000,000,0317,0000,004,0100,2D6,0000
2D7,0000,2D8,0000,2D7,0000,000,0317,0000,004,0100,2D7,0000
2D8,0000,2D9,0000,2D8,0000,000,0317,0000,004,0100,2D8,0000
2D9,0000,2DA,0000,2D9,0000,000,0317,0000,004,0100,2D9,0000
2DA,0000,2DB,0000,2DA,0000,000,0317,0000,004,0100,2DA,0000
2DB,0000,2DC,0000,2DB,0000,000,0317,0000,004,0100,2DB,0000
2DC,0000,2DD,0000,2DC,0000,000,0317,0000,004,0100,2DC,0000
2DD,0000,2DE,0000,2DD,0000,000,0317,0000,004,0100,2DD,0000
2DE,0000,2DF,0000,2DE,0000,000,0317,0000,004,0100,2DE,0000
2DF,0000,2E0,0000,2DF,0000,000,0317,0000,004,0100,2DF,0000
2E0,0000,2E1,0000,2E0,0000,000,0317,0000,004,0100,2E0,0000
2E1,0000,2E2,0000,2E1,0000,000,0317,0000,004,0100,2E1,0000
2E2,0000,2E3,0000,2E2,0000,000,0317,0000,004,0100,2E2,0000
2E3,0000,2E4,0000,2E3,0000,000,0317,0000,004,0100,2E3,0000
2E4,0000,2E5,0000,2E4,0000,000,0317,0000,004,0100,2E4,0000
2E5,0000,2E6,0000,2E5,0000,000,0317,0000,004,0100,2E5,0000
2E6,0000,2E7,0000,2E6,0000,000,0317,0000,004,0100,2E6,0000
2E7,0000,2E8,0000,2E7,0000,000,0317,0000,004,0100,2E7,0000
2E8,0000,2E9,0000,2E8,0000,000,0317,0000,004,0100,2E8,0000
2E9,0000,2EA,0000,2E9,0000,000,0317,0000,004,0100,2E9,0000
2EA,0000,2EB,0000,2EA,0000,000,0317,0000,004,0100,2EA,0000
2EB,0000,2EC,0000,2EB,0000,000,0317,0000,004,0100,2EB,0000
2EC,0000,2ED,0000,2EC,0000,000,0317,0000,004,0100,2EC,0000
2ED,0000,2EE,0000,2ED,0000,000,0317,0000,004,0100,2ED,0000
2EE,0000,2EF,0000,2EE,0000,000,0317,0000,004,0100,2EE,0000
2EF,0000,2F0,0000,2EF,0000,000,0317,0000,004,0100,2EF,0000
2F0,0000,2F1,0000,2F0,0000,000,0317,0000,004,0100,2F0,0000
2F1,0000,2F2,0000,2F1,0000,000,0317,0000,004,0100,2F1,0000
2F2,0000,2F3,0000,2F2,0000,000,0317,0000,004,0100,2F2,0000
2F3,0000,2F4,0000,2F3,0000,000,0317,0000,004,0100,2F3,0000
2F4,0000,2F5,0000,2F4,0000,000,0317,0000,004,0100,2F4,0000
2F5,0000,2F6,0000,2F5,0000,000,0317,0000,004,0100,2F5,0000
2F6,0000,2F7,0000,2F6,0000,000,0317,0000,004,0100,2F6,0000
2F7,0000,2F8,0000,2F7,0000,000,0317,0000,004,0100,2F7,0000
2F8,0000,2F9,0000,2F8,0000,000,0317,0000,004,0100,2F8,0000
2F9,0000,2FA,0000,2F9,0000,000,0317,0000,004,0100,2F9,0000
2FA,0000,2FB,0000,2FA,0000,000,0317,0000,004,0100,2FA,0000
2FB,0000,2FC,0000,2FB,0000,000,0317,0000,004,0100,2FB,0000
2FC,0000,2FD,0000,2FC,0000,000,0317,0000,004,0100,2FC,0000
2FD,0000,2FE,0000,2FD,0000,000,0317,0000,004,0100,2FD,0000
2FE,0000,2FF,0000,2FE,0000,000,0317,0000,004,0100,2FE,0000
2FF,0000,300,0000,2FF,0000,000,0317,0000,004,0100,2FF,0000
300,0000,301,0000,300,0000,000,0317,0000,004,0100,300,0000
301,0000,302,0000,301,0000,000,0317,0000,004,0100,301,0000
302,0000,303,0000,302,0000,000,0317,0000,004,0100,302,0000
303,0000,304,0000,303,0000,000,0317,0000,004,0100,303,0000
304,0000,305,0000,304,0000,000,0317,0000,004,0100,304,0000
305,0000,306,0000,305,0000,000,0317,0000,004,0100,305,0000
306,0000,307,0000,306,0000,000,0317,0000,004,0100,306,0000
307,0000,308,0000,307,0000,000,0317,0000,004,0100,307,0000
308,0000,309,0000,308,0000,000,0317,0000,004,0100,308,0000
309,0000,30A,0000,309,0000,000,0317,0000,004,0100,309,0000
30A,0000,30B,0000,30A,0000,000,0317,0000,004,0100,30A,0000
30B,0000,30C,0000,30B,0000,000,0317,0000,004,0100,30B,0000
30C,0000,30D,0000,30C,0000,000,0317,0000,004,0100,30C,0000
30D,0000,30E,0000,30D,0000,000,0317,0000,004,0100,30D,0000
30E,0000,30F,0000,30E,0000,000,0317,0000,004,0100,30E,0000
30F,0000,310,0000,30F,0000,000,0317,0000,004,0100,30F,0000
310,0000,311,0000,310,0000,000,0317,0000,004,0100,310,0000
311,0000,312,0000,311,0000,000,0317,0000,004,0100,311,0000
312,0000,313,0000,312,0000,000,0317,0000,004,0100,312,0000
313,0000,314,0000,313,0000,000,0317,0000,004,0100,313,0000
314,0000,315,0000,314,0000,000,0317,0000,004,0100,314,0000
315,0000,316,0000,315,0000,000,0317,0000,004,0100,315,0000
316,0000,317,0000,316,0000,000,0317,0000,004,0100,316,0000
317,0000,318,0000,317,0000,000,0317,0000,004,0100,317,0000
318,0000,319,0000,318,0000,000,0317,0000,004,0100,318,0000
319,0000,31A,0000,319,0000,000,0317,0000,004,0100,319,0000
31A,0000,31B,0000,31A,0000,000,0317,0000,004,0100,31A,0000
31B,0000,31C,0000,31B,0000,000,0317,0000,004,0100,31B,0000
31C,0000,31D,0000,31C,0000,000,0317,0000,004,0100,31C,0000
31D,0000,31E,0000,31D,0000,000,0317,0000,004,0100,31D,0000
31E,0000,31F,0000,31E,0000,000,0317,0000,004,0100,31E,0000
31F,0000,320,0000,31F,0000,000,0317,0000,004,0100,31F,0000
320,0000,321,0000,320,0000,000,0317,0000,004,0100,320,0000
321,0000,322,0000,321,0000,000,0317,0000,004,0100,321,0000
322,0000,323,0000,322,0000,000,0317,0000,004,0100,322,0000
323,0000,324,0000,323,0000,000,0317,0000,004,0100,323,0000
324,0000,325,0000,324,0000,000,0317,0000,004,0100,324,0000
325,0000,326,0000,325,0000,000,0317,0000,004,0100,325,0000
326,0000,327,0000,326,0000,000,0317,0000,004,0100,326,0000
327,0000,328,0000,327,0000,000,0317,0000,004,0100,327,0000
328,0000,329,0000,328,0000,000,0317,0000,004,0100,328,0000
329,0000,32A,0000,329,0000,000,0317,0000,004,0100,329,0000
32A,0000,32B,0000,32A,0000,000,0317,0000,004,0100,32A,0000
32B,0000,32C,0000,32B,0000,000,0317,0000,004,0100,32B,0000
32C,0000,32D,0000,32C,0000,000,0317,0000,004,0100,32C,0000
32D,0000,32E,0000,32D,0000,000,0317,0000,004,0100,32D,0000
32E,0000,32F,0000,32E,0000,000,0317,0000,004,0100,32E,0000
32F,0000,330,0000,32F,0000,000,0317,0000,004,0100,32F,0000
330,0000,331,0000,330,0000,000,0317,0000,004,0100,330,0000
331,0000,332,0000,331,0000,000,0317,0000,004,0100,331,0000
332,0000,333,0000,332,0000,000,0317,0000,004,0100,332,0000
333,0000,334,0000,333,0000,000,0317,0000,004,0100,333,0000
334,0000,335,0000,334,0000,000,0317,0000,004,0100,334,0000
335,0000,336,0000,335,0000,000,0317,0000,004,0100,335,0000
336,0000,337,0000,336,0000,000,0317,0000,004,0100,336,0000
337,0000,338,0000,337,0000,000,0317,0000,004,0100,337,0000
338,0000,339,0000,338,0000,000,0317,0000,004,0100,338,0000
339,0000,33A,0000,339,0000,000,0317,0000,004,0100,339,0000
33A,0000,33B,0000,33A,0000,000,0317,0000,004,0100,33A,0000
33B,0000,33C,0000,33B,0000,000,0317,0000,004,0100,33B,0000
33C,0000,33D,0000,33C,0000,000,0317,0000,004,0100,33C,0000
33D,0000,33E,0000,33D,0000,000,0317,0000,004,0100,33D,0000
33E,0000,33F,0000,33E,0000,000,0317,0000,004,0100,33E,0000
33F,0000,340,0000,33F,0000,000,0317,0000,004,0100,33F,0000
340,0000,341,0000,340,0000,000,0317,0000,004,0100,340,0000
341,0000,342,0000,341,0000,000,0317,0000,004,0100,341,0000
342,0000,343,0000,342,0000,000,0317,0000,004,0100,342,0000
343,0000,344,0000,343,0000,000,0317,0000,004,0100,343,0000
344,0000,345,0000,344,0000,000,0317,0000,004,0100,344,0000
345,0000,346,0000,345,0000,000,0317,0000,004,0100,345,0000
346,0000,347,0000,346,0000,000,0317,0000,004,0100,346,0000
347,0000,348,0000,347,0000,000,0317,0000,004,0100,347,0000
348,0000,349,0000,348,0000,000,0317,0000,004,0100,348,0000
349,0000,34A,0000,349,0000,000,0317,0000,004,0100,349,0000
34A,0000,34B,0000,34A,0000,000,0317,0000,004,0100,34A,0000
34B,0000,34C,0000,34B,0000,000,0317,0000,004,0100,34B,0000
34C,0000,34D,0000,34C,0000,000,0317,0000,004,0100,34C,0000
34D,0000,34E,0000,34D,0000,000,0317,0000,004,0100,34D,0000
34E,0000,34F,0000,34E,0000,000,0317,0000,004,0100,34E,0000
34F,0000,350,0000,34F,0000,000,0317,0000,004,0100,34F,0000
350,0000,351,0000,350,0000,000,0317,0000,004,0100,350,0000
351,0000,352,0000,351,0000,000,0317,0000,004,0100,351,0000
352,0000,353,0000,352,0000,000,0317,0000,004,0100,352,0000
353,0000,354,0000,353,0000,000,0317,0000,004,0100,353,0000
354,0000,355,0000,354,0000,000,0317,0000,004,0100,354,0000
355,0000,356,0000,355,0000,000,0317,0000,004,0100,355,0000
356,0000,357,0000,356,0000,000,0317,0000,004,0100,356,0000
357,0000,358,0000,357,0000,000,0317,0000,004,0100,357,0000
358,0000,359,0000,358,0000,000,0317,0000,004,0100,358,0000
359,0000,35A,0000,359,0000,000,0317,0000,004,0100,359,0000
35A,0000,35B,0000,35A,0000,000,0317,0000,004,0100,35A,0000
35B,0000,35C,0000,35B,0000,000,0317,0000,004,0100,35B,0000
35C,0000,35D,0000,35C,0000,000,0317,0000,004,0100,35C,0000
35D,0000,35E,0000,35D,0000,000,0317,0000,004,0100,35D,0000
35E,0000,35F,0000,35E,0000,000,0317,0000,004,0100,35E,0000
35F,0000,360,0000,35F,0000,000,0317,0000,004,0100,35F,0000
360,0000,361,0000,360,0000,000,0317,0000,004,0100,360,0000
361,0000,362,0000,361,0000,000,0317,0000,004,0100,361,0000
362,0000,363,0000,362,0000,000,0317,0000,004,0100,362,0000
363,0000,364,0000,363,0000,000,0317,0000,004,0100,363,0000
364,0000,365,0000,364,0000,000,0317,0000,004,0100,364,0000
365,0000,366,0000,365,0000,000,0317,0000,004,0100,365,0000
366,0000,367,0000,366,0000,000,0317,0000,004,0100,366,0000
367,0000,368,0000,367,0000,000,0317,0000,004,0100,367,0000
368,0000,369,0000,368,0000,000,0317,0000,004,0100,368,0000
369,0000,36A,0000,369,0000,000,0317,0000,004,0100,369,0000
36A,0000,36B,0000,36A,0000,000,0317,0000,004,0100,36A,0000
36B,0000,36C,0000,36B,0000,000,0317,0000,004,0100,36B,0000
36C,0000,36D,0000,36C,0000,000,0317,0000,004,0100,36C,0000
36D,0000,36E,0000,36D,0000,000,0317,0000,004,0100,36D,0000
36E,0000,36F,0000,36E,0000,000,0317,0000,004,0100,36E,0000
36F,0000,370,0000,36F,0000,000,0317,0000,004,0100,36F,0000
370,0000,371,0000,370,0000,000,0317,0000,004,0100,370,0000
371,0000,372,0000,371,0000,000,0317,0000,004,0100,371,0000
372,0000,373,0000,372,0000,000,0317,0000,004,0100,372,0000
373,0000,374,0000,373,0000,000,0317,0000,004,0100,373,0000
374,0000,375,0000,374,0000,000,0317,0000,004,0100,374,0000
375,0000,376,0000,375,0000,000,0317,0000,004,0100,375,0000
376,0000,377,0000,376,0000,000,0317,0000,004,0100,376,0000
377,0000,378,0000,377,0000,000,0317,0000,004,0100,377,0000
378,0000,379,0000,378,0000,000,0317,0000,004,0100,378,0000
379,0000,37A,0000,379,0000,000,0317,0000,004,0100,379,0000
37A,0000,37B,0000,37A,0000,000,0317,0000,004,0100,37A,0000
37B,0000,37C,0000,37B,0000,000,0317,0000,004,0100,37B,0000
37C,0000,37D,0000,37C,0000,000,0317,0000,004,0100,37C,0000
37D,0000,37E,0000,37D,0000,000,0317,0000,004,0100,37D,0000
37E,0000,37F,0000,37E,0000,000,0317,0000,004,0100,37E,0000
37F,0000,380,0000,37F,0000,000,0317,0000,004,0100,37F,0000
380,0000,381,0000,380,0000,000,0317,0000,004,0100,380,0000
381,0000,382,0000,381,0000,000,0317,0000,004,0100,381,0000
382,0000,383,0000,382,0000,000,0317,0000,004,0100,382,0000
383,0000,384,0000,383,0000,000,0317,0000,004,0100,383,0000
384,0000,385,0000,384,0000,000,0317,0000,004,0100,384,0000
385,0000,386,0000,385,0000,000,0317,0000,004,0100,385,0000
386,0000,387,0000,386,0000,000,0317,0000,004,0100,386,0000
387,0000,388,0000,387,0000,000,0317,0000,004,0100,387,0000
388,0000,389,0000,388,0000,000,0317,0000,004,0100,388,0000
389,0000,38A,0000,389,0000,000,0317,0000,004,0100,389,0000
38A,0000,38B,0000,38A,0000,000,0317,0000,004,0100,38A,0000
38B,0000,38C,0000,38B,0000,000,0317,0000,004,0100,38B,0000
38C,0000,38D,0000,38C,0000,000,0317,0000,004,0100,38C,0000
38D,0000,38E,0000,38D,0000,000,0317,0000,004,0100,38D,0000
38E,0000,38F,0000,38E,0000,000,0317,0000,004,0100,38E,0000
38F,0000,390,0000,38F,0000,000,0317,0000,004,0100,38F,0000
390,0000,391,0000,390,0000,000,0317,0000,004,0100,390,0000
391,0000,392,0000,391,0000,000,0317,0000,004,0100,391,0000
392,0000,393,0000,392,0000,000,0317,0000,004,0100,392,0000
393,0000,394,0000,393,0000,000,0317,0000,004,0100,393,0000
394,0000,395,0000,394,0000,000,0317,0000,004,0100,394,0000
395,0000,396,0000,395,0000,000,0317,0000,004,0100,395,0000
396,0000,397,0000,396,0000,000,0317,0000,004,0100,396,0000
397,0000,398,0000,397,0000,000,0317,0000,004,0100,397,0000
398,0000,399,0000,398,0000,000,0317,0000,004,0100,398,0000
399,0000,39A,0000,399,0000,000,0317,0000,004,0100,399,0000
39A,0000,39B,0000,39A,0000,000,0317,0000,004,0100,39A,0000
39B,0000,39C,0000,39B,0000,000,0317,0000,004,0100,39B,0000
39C,0000,39D,0000,39C,0000,000,0317,0000,004,0100,39C,0000
39D,0000,39E,0000,39D,0000,000,0317,0000,004,0100,39D,0000
39E,0000,39F,0000,39E,0000,000,0317,0000,004,0100,39E,0000
39F,0000,3A0,0000,39F,0000,000,0317,0000,004,0100,39F,0000
3A0,0000,3A1,0000,3A0,0000,000,0317,0000,004,0100,3A0,0000
3A1,0000,3A2,0000,3A1,0000,000,0317,0000,004,0100,3A1,0000
3A2,0000,3A3,0000,3A2,0000,000,0317,0000,004,0100,3A2,0000
3A3,0000,3A4,0000,3A3,0000,000,0317,0000,004,0100,3A3,0000
3A4,0000,3A5,0000,3A4,0000,000,0317,0000,004,0100,3A4,0000
3A5,0000,3A6,0000,3A5,0000,000,0317,0000,004,0100,3A5,0000
3A6,0000,3A7,0000,3A6,0000,000,0317,0000,004,0100,3A6,0000
3A7,0000,3A8,0000,3A7,0000,000,0317,0000,004,0100,3A7,0000
3A8,0000,3A9,0000,3A8,0000,000,0317,0000,004,0100,3A8,0000
3A9,0000,3AA,0000,3A9,0000,000,0317,0000,004,0100,3A9,0000
3AA,0000,3AB,0000,3AA,0000,000,0317,0000,004,0100,3AA,0000
3AB,0000,3AC,0000,3AB,0000,000,0317,0000,004,0100,3AB,0000
3AC,0000,3AD,0000,3AC,0000,000,0317,0000,004,0100,3AC,0000
3AD,0000,3AE,0000,3AD,0000,000,0317,0000,004,0100,3AD,0000
3AE,0000,3AF,0000,3AE,0000,000,0317,0000,004,0100,3AE,0000
3AF,0000,3B0,0000,3AF,0000,000,0317,0000,004,0100,3AF,0000
3B0,0000,3B1,0000,3B0,0000,000,0317,0000,004,0100,3B0,0000
3B1,0000,3B2,0000,3B1,0000,000,0317,0000,004,0100,3B1,0000
3B2,0000,3B3,0000,3B2,0000,000,0317,0000,004,0100,3B2,0000
3B3,0000,3B4,0000,3B3,0000,000,0317,0000,004,0100,3B3,0000
3B4,0000,3B5,0000,3B4,0000,000,0317,0000,004,0100,3B4,0000
3B5,0000,3B6,0000,3B5,0000,000,0317,0000,004,0100,3B5,0000
3B6,0000,3B7,0000,3B6,0000,000,0317,0000,004,0100,3B6,0000
3B7,0000,3B8,0000,3B7,0000,000,0317,0000,004,0100,3B7,0000
3B8,0000,3B9,0000,3B8,0000,000,0317,0000,004,0100,3B8,0000
3B9,0000,3BA,0000,3B9,0000,000,0317,0000,004,0100,3B9,0000
3BA,0000,3BB,0000,3BA,0000,000,0317,0000,004,0100,3BA,0000
3BB,0000,3BC,0000,3BB,0000,000,0317,0000,004,0100,3BB,0000
3BC,0000,3BD,0000,3BC,0000,000,0317,0000,004,0100,3BC,0000
3BD,0000,3BE,0000,3BD,0000,000,0317,0000,004,0100,3BD,0000
3BE,0000,3BF,0000,3BE,0000,000,0317,0000,004,0100,3BE,0000
3BF,0000,3C0,0000,3BF,0000,000,0317,0000,004,0100,3BF,0000
3C0,0000,3C1,0000,3C0,0000,000,0317,0000,004,0100,3C0,0000
3C1,0000,3C2,0000,3C1,0000,000,0317,0000,004,0100,3C1,0000
3C2,0000,3C3,0000,3C2,0000,000,0317,0000,004,0100,3C2,0000
3C3,0000,3C4,0000,3C3,0000,000,0317,0000,004,0100,3C3,0000
3C4,0000,3C5,0000,3C4,0000,000,0317,0000,004,0100,3C4,0000
3C5,0000,3C6,0000,3C5,0000,000,0317,0000,004,0100,3C5,0000
3C6,0000,3C7,0000,3C6,0000,000,0317,0000,004,0100,3C6,0000
3C7,0000,3C8,0000,3C7,0000,000,0317,0000,004,0100,3C7,0000
3C8,0000,3C9,0000,3C8,0000,000,0317,0000,004,0100,3C8,0000
3C9,0000,3CA,0000,3C9,0000,000,0317,0000,004,0100,3C9,0000
3CA,0000,3CB,0000,3CA,0000,000,0317,0000,004,0100,3CA,0000
3CB,0000,3CC,0000,3CB,0000,000,0317,0000,004,0100,3CB,0000
3CC,0000,3CD,0000,3CC,0000,000,0317,0000,004,0100,3CC,0000
3CD,0000,3CE,0000,3CD,0000,000,0317,0000,004,0100,3CD,0000
3CE,0000,3CF,0000,3CE,0000,000,0317,0000,004,0100,3CE,0000
3CF,0000,3D0,0000,3CF,0000,000,0317,0000,004,0100,3CF,0000
3D0,0000,3D1,0000,3D0,0000,000,0317,0000,004,0100,3D0,0000
3D1,0000,3D2,0000,3D1,0000,000,0317,0000,004,0100,3D1,0000
3D2,0000,3D3,0000,3D2,0000,000,0317,0000,004,0100,3D2,0000
3D3,0000,3D4,0000,3D3,0000,000,0317,0000,004,0100,3D3,0000
3D4,0000,3D5,0000,3D4,0000,000,0317,0000,004,0100,3D4,0000
3D5,0000,3D6,0000,3D5,0000,000,0317,0000,004,0100,3D5,0000
3D6,0000,3D7,0000,3D6,0000,000,0317,0000,004,0100,3D6,0000
3D7,0000,3D8,0000,3D7,0000,000,0317,0000,004,0100,3D7,0000
3D8,0000,3D9,0000,3D8,0000,000,0317,0000,004,0100,3D8,0000
3D9,0000,3DA,0000,3D9,0000,000,0317,0000,004,0100,3D9,0000
3DA,0000,3DB,0000,3DA,0000,000,0317,0000,004,0100,3DA,0000
3DB,0000,3DC,0000,3DB,0000,000,0317,0000,004,0100,3DB,0000
3DC,0000,3DD,0000,3DC,0000,000,0317,0000,004,0100,3DC,0000
3DD,0000,3DE,0000,3DD,0000,000,0317,0000,004,0100,3DD,0000
3DE,0000,3DF,0000,3DE,0000,000,0317,0000,004,0100,3DE,0000
3DF,0000,3E0,0000,3DF,0000,000,0317,0000,004,0100,3DF,0000
3E0,0000,3E1,0000,3E0,0000,000,0317,0000,004,0100,3E0,0000
3E1,0000,3E2,0000,3E1,0000,000,0317,0000,004,0100,3E1,0000
3E2,0000,3E3,0000,3E2,0000,000,0317,0000,004,0100,3E2,0000
3E3,0000,3E4,0000,3E3,0000,000,0317,0000,004,0100,3E3,0000
3E4,0000,3E5,0000,3E4,0000,000,0317,0000,004,0100,3E4,0000
3E5,0000,3E6,0000,3E5,0000,000,0317,0000,004,0100,3E5,0000
3E6,0000,3E7,0000,3E6,0000,000,0317,0000,004,0100,3E6,0000
3E7,0000,3E8,0000,3E7,0000,000,0317,0000,004,0100,3E7,0000
3E8,0000,3E9,0000,3E8,0000,000,0317,0000,004,0100,3E8,0000
3E9,0000,3EA,0000,3E9,0000,000,0317,0000,004,0100,3E9,0000
3EA,0000,3EB,0000,3EA,0000,000,0317,0000,004,0100,3EA,0000
3EB,0000,3EC,0000,3EB,0000,000,0317,0000,004,0100,3EB,0000
3EC,0000,3ED,0000,3EC,0000,000,0317,0000,004,0100,3EC,0000
3ED,0000,3EE,0000,3ED,0000,000,0317,0000,004,0100,3ED,0000
3EE,0000,3EF,0000,3EE,0000,000,0317,0000,004,0100,3EE,0000
3EF,0000,3F0,0000,3EF,0000,000,0317,0000,004,0100,3EF,0000
3F0,0000,3F1,0000,3F0,0000,000,0317,0000,004,0100,3F0,0000
3F1,0000,3F2,0000,3F1,0000,000,0317,0000,004,0100,3F1,0000
3F2,0000,3F3,0000,3F2,0000,000,0317,0000,004,0100,3F2,0000
3F3,0000,3F4,0000,3F3,0000,000,0317,0000,004,0100,3F3,0000
3F4,0000,3F5,0000,3F4,0000,000,0317,0000,004,0100,3F4,0000
3F5,0000,3F6,0000,3F5,0000,000,0317,0000,004,0100,3F5,0000
3F6,0000,3F7,0000,3F6,0000,000,0317,0000,004,0100,3F6,0000
3F7,0000,3F8,0000,3F7,0000,000,0317,0000,004,0100,3F7,0000
3F8,0000,3F9,0000,3F8,0000,000,0317,0000,004,0100,3F8,0000
3F9,0000,3FA,0000,3F9,0000,000,0317,0000,004,0100,3F9,0000
3FA,0000,3FB,0000,3FA,0000,000,0317,0000,004,0100,3FA,0000
3FB,0000,3FC,0000,3FB,0000,000,0317,0000,004,0100,3FB,0000
3FC,0000,3FD,0000,3FC,0000,000,0317,0000,004,0100,3FC,0000
3FD,0000,3FE,0000,3FD,0000,000,0317,0000,004,0100,3FD,0000
3FE,0000,3FF,0000,3FE,0000,000,0317,0000,004,0100,3FE,0000
3FF,0000,400,0000,3FF,0000,000,0317,0000,004,0100,3FF,0000
400,0000,401,0000,400,0000,000,0317,0000,004,0100,400,0000
401,0000,402,0000,401,0000,000,0317,0000,004,0100,401,0000
402,0000,403,0000,402,0000,000,0317,0000,004,0100,402,0000
403,0000,404,0000,403,0000,000,0317,0000,004,0100,403,0000
404,0000,405,0000,404,0000,000,0317,0000,004,0100,404,0000
405,0000,406,0000,405,0000,000,0317,0000,004,0100,405,0000
406,0000,407,0000,406,0000,000,0317,0000,004,0100,406,0000
407,0000,408,0000,407,0000,000,0317,0000,004,0100,407,0000
408,0000,409,0000,408,0000,000,0317,0000,004,0100,408,0000
409,0000,40A,0000,409,0000,000,0317,0000,004,0100,409,0000
40A,0000,40B,0000,40A,0000,000,0317,0000,004,0100,40A,0000
40B,0000,40C,0000,40B,0000,000,0317,0000,004,0100,40B,0000
40C,0000,40D,0000,40C,0000,000,0317,0000,004,0100,40C,0000
40D,0000,40E,0000,40D,0000,000,0317,0000,004,0100,40D,0000
40E,0000,40F,0000,40E,0000,000,0317,0000,004,0100,40E,0000
40F,0000,410,0000,40F,0000,000,0317,0000,004,0100,40F,0000
410,0000,411,0000,410,0000,000,0317,0000,004,0100,410,0000
411,0000,412,0000,411,0000,000,0317,0000,004,0100,411,0000
412,0000,413,0000,412,0000,000,0317,0000,004,0100,412,0000
413,0000,414,0000,413,0000,000,0317,0000,004,0100,413,0000
414,0000,415,0000,414,0000,000,0317,0000,004,0100,414,0000
415,0000,416,0000,415,0000,000,0317,0000,004,0100,415,0000
416,0000,417,0000,416,0000,000,0317,0000,004,0100,416,0000
417,0000,418,0000,417,0000,000,0317,0000,004,0100,417,0000
418,0000,419,0000,418,0000,000,0317,0000,004,0100,418,0000
419,0000,41A,0000,419,0000,000,0317,0000,004,0100,419,0000
41A,0000,41B,0000,41A,0000,000,0317,0000,004,0100,41A,0000
41B,0000,41C,0000,41B,0000,000,0317,0000,004,0100,41B,0000
41C,0000,41D,0000,41C,0000,000,0317,0000,004,0100,41C,0000
41D,0000,41E,0000,41D,0000,000,0317,0000,004,0100,41D,0000
41E,0000,41F,0000,41E,0000,000,0317,0000,004,0100,41E,0000
41F,0000,420,0000,41F,0000,000,0317,0000,004,0100,41F,0000
420,0000,421,0000,420,0000,000,0317,0000,004,0100,420,0000
421,0000,422,0000,421,0000,000,0317,0000,004,0100,421,0000
422,0000,423,0000,422,0000,000,0317,0000,004,0100,422,0000
423,0000,424,0000,423,0000,000,0317,0000,004,0100,423,0000
424,0000,425,0000,424,0000,000,0317,0000,004,0100,424,0000
425,0000,426,0000,425,0000,000,0317,0000,004,0100,425,0000
426,0000,427,0000,426,0000,000,0317,0000,004,0100,426,0000
427,0000,428,0000,427,0000,000,0317,0000,004,0100,427,0000
428,0000,429,0000,428,0000,000,0317,0000,004,0100,428,0000
429,0000,42A,0000,429,0000,000,0317,0000,004,0100,429,0000
42A,0000,42B,0000,42A,0000,000,0317,0000,004,0100,42A,0000
42B,0000,42C,0000,42B,0000,000,0317,0000,004,0100,42B,0000
42C,0000,42D,0000,42C,0000,000,0317,0000,004,0100,42C,0000
42D,0000,42E,0000,42D,0000,000,0317,0000,004,0100,42D,0000
42E,0000,42F,0000,42E,0000,000,0317,0000,004,0100,42E,0000
42F,0000,430,0000,42F,0000,000,0317,0000,004,0100,42F,0000
430,0000,431,0000,430,0000,000,0317,0000,004,0100,430,0000
431,0000,432,0000,431,0000,000,0317,0000,004,0100,431,0000
432,0000,433,0000,432,0000,000,0317,0000,004,0100,432,0000
433,0000,434,0000,433,0000,000,0317,0000,004,0100,433,0000
434,0000,435,0000,434,0000,000,0317,0000,004,0100,434,0000
435,0000,436,0000,435,0000,000,0317,0000,004,0100,435,0000
436,0000,437,0000,436,0000,000,0317,0000,004,0100,436,0000
437,0000,438,0000,437,0000,000,0317,0000,004,0100,437,0000
438,0000,439,0000,438,0000,000,0317,0000,004,0100,438,0000
439,0000,43A,0000,439,0000,000,0317,0000,004,0100,439,0000
43A,0000,43B,0000,43A,0000,000,0317,0000,004,0100,43A,0000
43B,0000,43C,0000,43B,0000,000,0317,0000,004,0100,43B,0000
43C,0000,43D,0000,43C,0000,000,0317,0000,004,0100,43C,0000
43D,0000,43E,0000,43D,0000,000,0317,0000,004,0100,43D,0000
43E,0000,43F,0000,43E,0000,000,0317,0000,004,0100,43E,0000
43F,0000,440,0000,43F,0000,000,0317,0000,004,0100,43F,0000
440,0000,441,0000,440,0000,000,0317,0000,004,0100,440,0000
441,0000,442,0000,441,0000,000,0317,0000,004,0100,441,0000
442,0000,443,0000,442,0000,000,0317,0000,004,0100,442,0000
443,0000,444,0000,443,0000,000,0317,0000,004,0100,443,0000
444,0000,445,0000,444,0000,000,0317,0000,004,0100,444,0000
445,0000,446,0000,445,0000,000,0317,0000,004,0100,445,0000
446,0000,447,0000,446,0000,000,0317,0000,004,0100,446,0000
447,0000,448,0000,447,0000,000,0317,0000,004,0100,447,0000
448,0000,449,0000,448,0000,000,0317,0000,004,0100,448,0000
449,0000,44A,0000,449,0000,000,0317,0000,004,0100,449,0000
44A,0000,44B,0000,44A,0000,000,0317,0000,004,0100,44A,0000
44B,0000,44C,0000,44B,0000,000,0317,0000,004,0100,44B,0000
44C,0000,44D,0000,44C,0000,000,0317,0000,004,0100,44C,0000
44D,0000,44E,0000,44D,0000,000,0317,0000,004,0100,44D,0000
44E,0000,44F,0000,44E,0000,000,0317,0000,004,0100,44E,0000
44F,0000,450,0000,44F,0000,000,0317,0000,004,0100,44F,0000
450,0000,451,0000,450,0000,000,0317,0000,004,0100,450,0000
451,0000,452,0000,451,0000,000,0317,0000,004,0100,451,0000
452,0000,453,0000,452,0000,000,0317,0000,004,0100,452,0000
453,0000,454,0000,453,0000,000,0317,0000,004,0100,453,0000
454,0000,455,0000,454,0000,000,0317,0000,004,0100,454,0000
455,0000,456,0000,455,0000,000,0317,0000,004,0100,455,0000
456,0000,457,0000,456,0000,000,0317,0000,004,0100,456,0000
457,0000,458,0000,457,0000,000,0317,0000,004,0100,457,0000
458,0000,459,0000,458,0000,000,0317,0000,004,0100,458,0000
459,0000,45A,0000,459,0000,000,0317,0000,004,0100,459,0000
45A,0000,45B,0000,45A,0000,000,0317,0000,004,0100,45A,0000
45B,0000,45C,0000,45B,0000,000,0317,0000,004,0100,45B,0000
45C,0000,45D,0000,45C,0000,000,0317,0000,004,0100,45C,0000
45D,0000,45E,0000,45D,0000,000,0317,0000,004,0100,45D,0000
45E,0000,45F,0000,45E,0000,000,0317,0000,004,0100,45E,0000
45F,0000,460,0000,45F,0000,000,0317,0000,004,0100,45F,0000
460,0000,461,0000,460,0000,000,0317,0000,004,0100,460,0000
461,0000,462,0000,461,0000,000,0317,0000,004,0100,461,0000
462,0000,463,0000,462,0000,000,0317,0000,004,0100,462,0000
463,0000,464,0000,463,0000,000,0317,0000,004,0100,463,0000
464,0000,465,0000,464,0000,000,0317,0000,004,0100,464,0000
465,0000,466,0000,465,0000,000,0317,0000,004,0100,465,0000
466,0000,467,0000,466,0000,000,0317,0000,004,0100,466,0000
467,0000,468,0000,467,0000,000,0317,0000,004,0100,467,0000
468,0000,469,0000,468,0000,000,0317,0000,004,0100,468,0000
469,0000,46A,0000,469,0000,000,0317,0000,004,0100,469,0000
46A,0000,46B,0000,46A,0000,000,0317,0000,004,0100,46A,0000
46B,0000,46C,0000,46B,0000,000,0317,0000,004,0100,46B,0000
46C,0000,46D,0000,46C,0000,000,0317,0000,004,0100,46C,0000
46D,0000,46E,0000,46D,0000,000,0317,0000,004,0100,46D,0000
46E,0000,46F,0000,46E,0000,000,0317,0000,004,0100,46E,0000
46F,0000,470,0000,46F,0000,000,0317,0000,004,0100,46F,0000
470,0000,471,0000,470,0000,000,0317,0000,004,0100,470,0000
471,0000,472,0000,471,0000,000,0317,0000,004,0100,471,0000
472,0000,473,0000,472,0000,000,0317,0000,004,0100,472,0000
473,0000,474,0000,473,0000,000,0317,0000,004,0100,473,0000
474,0000,475,0000,474,0000,000,0317,0000,004,0100,474,0000
475,0000,476,0000,475,0000,000,0317,0000,004,0100,475,0000
476,0000,477,0000,476,0000,000,0317,0000,004,0100,476,0000
477,0000,478,0000,477,0000,000,0317,0000,004,0100,477,0000
478,0000,479,0000,478,0000,000,0317,0000,004,0100,478,0000
479,0000,47A,0000,479,0000,000,0317,0000,004,0100,479,0000
47A,0000,47B,0000,47A,0000,000,0317,0000,004,0100,47A,0000
47B,0000,47C,0000,47B,0000,000,0317,0000,004,0100,47B,0000
47C,0000,47D,0000,47C,0000,000,0317,0000,004,0100,47C,0000
47D,0000,47E,0000,47D,0000,000,0317,0000,004,0100,47D,0000
47E,0000,47F,0000,47E,0000,000,0317,0000,004,0100,47E,0000
47F,0000,480,0000,47F,0000,000,0317,0000,004,0100,47F,0000
480,0000,481,0000,480,0000,000,0317,0000,004,0100,480,0000
481,0000,482,0000,481,0000,000,0317,0000,004,0100,481,0000
482,0000,483,0000,482,0000,000,0317,0000,004,0100,482,0000
483,0000,484,0000,483,0000,000,0317,0000,004,0100,483,0000
484,0000,485,0000,484,0000,000,0317,0000,004,0100,484,0000
485,0000,486,0000,485,0000,000,0317,0000,004,0100,485,0000
486,0000,487,0000,486,0000,000,0317,0000,004,0100,486,0000
487,0000,488,0000,487,0000,000,0317,0000,004,0100,487,0000
488,0000,489,0000,488,0000,000,0317,0000,004,0100,488,0000
489,0000,48A,0000,489,0000,000,0317,0000,004,0100,489,0000
48A,0000,48B,0000,48A,0000,000,0317,0000,004,0100,48A,0000
48B,0000,48C,0000,48B,0000,000,0317,0000,004,0100,48B,0000
48C,0000,48D,0000,48C,0000,000,0317,0000,004,0100,48C,0000
48D,0000,48E,0000,48D,0000,000,0317,0000,004,0100,48D,0000
48E,0000,48F,0000,48E,0000,000,0317,0000,004,0100,48E,0000
48F,0000,490,0000,48F,0000,000,0317,0000,004,0100,48F,0000
490,0000,491,0000,490,0000,000,0317,0000,004,0100,490,0000
491,0000,492,0000,491,0000,000,0317,0000,004,0100,491,0000
492,0000,493,0000,492,0000,000,0317,0000,004,0100,492,0000
493,0000,494,0000,493,0000,000,0317,0000,004,0100,493,0000
494,0000,495,0000,494,0000,000,0317,0000,004,0100,494,0000
495,0000,496,0000,495,0000,000,0317,0000,004,0100,495,0000
496,0000,497,0000,496,0000,000,0317,0000,004,0100,496,0000
497,0000,498,0000,497,0000,000,0317,0000,004,0100,497,0000
498,0000,499,0000,498,0000,000,0317,0000,004,0100,498,0000
499,0000,49A,0000,499,0000,000,0317,0000,004,0100,499,0000
49A,0000,49B,0000,49A,0000,000,0317,0000,004,0100,49A,0000
49B,0000,49C,0000,49B,0000,000,0317,0000,004,0100,49B,0000
49C,0000,49D,0000,49C,0000,000,0317,0000,004,0100,49C,0000
49D,0000,49E,0000,49D,0000,000,0317,0000,004,0100,49D,0000
49E,0000,49F,0000,49E,0000,000,0317,0000,004,0100,49E,0000
49F,0000,4A0,0000,49F,0000,000,0317,0000,004,0100,49F,0000
4A0,0000,4A1,0000,4A0,0000,000,0317,0000,004,0100,4A0,0000
4A1,0000,4A2,0000,4A1,0000,000,0317,0000,004,0100,4A1,0000
4A2,0000,4A3,0000,4A2,0000,000,0317,0000,004,0100,4A2,0000
4A3,0000,4A4,0000,4A3,0000,000,0317,0000,004,0100,4A3,0000
4A4,0000,4A5,0000,4A4,0000,000,0317,0000,004,0100,4A4,0000
4A5,0000,4A6,0000,4A5,0000,000,0317,0000,004,0100,4A5,0000
4A6,0000,4A7,0000,4A6,0000,000,0317,0000,004,0100,4A6,0000
4A7,0000,4A8,0000,4A7,0000,000,0317,0000,004,0100,4A7,0000
4A8,0000,4A9,0000,4A8,0000,000,0317,0000,004,0100,4A8,0000
4A9,0000,4AA,0000,4A9,0000,000,0317,0000,004,0100,4A9,0000
4AA,0000,4AB,0000,4AA,0000,000,0317,0000,004,0100,4AA,0000
4AB,0000,4AC,0000,4AB,0000,000,0317,0000,004,0100,4AB,0000
4AC,0000,4AD,0000,4AC,0000,000,0317,0000,004,0100,4AC,0000
4AD,0000,4AE,0000,4AD,0000,000,0317,0000,004,0100,4AD,0000
4AE,0000,4AF,0000,4AE,0000,000,0317,0000,004,0100,4AE,0000
4AF,0000,4B0,0000,4AF,0000,000,0317,0000,004,0100,4AF,0000
4B0,0000,4B1,0000,4B0,0000,000,0317,0000,004,0100,4B0,0000
4B1,0000,4B2,0000,4B1,0000,000,0317,0000,004,0100,4B1,0000
4B2,0000,4B3,0000,4B2,0000,000,0317,0000,004,0100,4B2,0000
4B3,0000,4B4,0000,4B3,0000,000,0317,0000,004,0100,4B3,0000
4B4,0000,4B5,0000,4B4,0000,000,0317,0000,004,0100,4B4,0000
4B5,0000,4B6,0000,4B5,0000,000,0317,0000,004,0100,4B5,0000
4B6,0000,4B7,0000,4B6,0000,000,0317,0000,004,0100,4B6,0000
4B7,0000,4B8,0000,4B7,0000,000,0317,0000,004,0100,4B7,0000
4B8,0000,4B9,0000,4B8,0000,000,0317,0000,004,0100,4B8,0000
4B9,0000,4BA,0000,4B9,0000,000,0317,0000,004,0100,4B9,0000
4BA,0000,4BB,0000,4BA,0000,000,0317,0000,004,0100,4BA,0000
4BB,0000,4BC,0000,4BB,0000,000,0317,0000,004,0100,4BB,0000
4BC,0000,4BD,0000,4BC,0000,000,0317,0000,004,0100,4BC,0000
4BD,0000,4BE,0000,4BD,0000,000,0317,0000,004,0100,4BD,0000
4BE,0000,4BF,0000,4BE,0000,000,0317,0000,004,0100,4BE,0000
4BF,0000,4C0,0000,4BF,0000,000,0317,0000,004,0100,4BF,0000
4C0,0000,4C1,0000,4C0,0000,000,0317,0000,004,0100,4C0,0000
4C1,0000,4C2,0000,4C1,0000,000,0317,0000,004,0100,4C1,0000
4C2,0000,4C3,0000,4C2,0000,000,0317,0000,004,0100,4C2,0000
4C3,0000,4C4,0000,4C3,0000,000,0317,0000,004,0100,4C3,0000
4C4,0000,4C5,0000,4C4,0000,000,0317,0000,004,0100,4C4,0000
4C5,0000,4C6,0000,4C5,0000,000,0317,0000,004,0100,4C5,0000
4C6,0000,4C7,0000,4C6,0000,000,0317,0000,004,0100,4C6,0000
4C7,0000,4C8,0000,4C7,0000,000,0317,0000,004,0100,4C7,0000
4C8,0000,4C9,0000,4C8,0000,000,0317,0000,004,0100,4C8,0000
4C9,0000,4CA,0000,4C9,0000,000,0317,0000,004,0100,4C9,0000
4CA,0000,4CB,0000,4CA,0000,000,0317,0000,004,0100,4CA,0000
4CB,0000,4CC,0000,4CB,0000,000,0317,0000,004,0100,4CB,0000
4CC,0000,4CD,0000,4CC,0000,000,0317,0000,004,0100,4CC,0000
4CD,0000,4CE,0000,4CD,0000,000,0317,0000,004,0100,4CD,0000
4CE,0000,4CF,0000,4CE,0000,000,0317,0000,004,0100,4CE,0000
4CF,0000,4D0,0000,4CF,0000,000,0317,0000,004,0100,4CF,0000
4D0,0000,4D1,0000,4D0,0000,000,0317,0000,004,0100,4D0,0000
4D1,0000,4D2,0000,4D1,0000,000,0317,0000,004,0100,4D1,0000
4D2,0000,4D3,0000,4D2,0000,000,0317,0000,004,0100,4D2,0000
4D3,0000,4D4,0000,4D3,0000,000,0317,0000,004,0100,4D3,0000
4D4,0000,4D5,0000,4D4,0000,000,0317,0000,004,0100,4D4,0000
4D5,0000,4D6,0000,4D5,0000,000,0317,0000,004,0100,4D5,0000
4D6,0000,4D7,0000,4D6,0000,000,0317,0000,004,0100,4D6,0000
4D7,0000,4D8,0000,4D7,0000,000,0317,0000,004,0100,4D7,0000
4D8,0000,4D9,0000,4D8,0000,000,0317,0000,004,0100,4D8,0000
4D9,0000,4DA,0000,4D9,0000,000,0317,0000,004,0100,4D9,0000
4DA,0000,4DB,0000,4DA,0000,000,0317,0000,004,0100,4DA,0000
4DB,0000,4DC,0000,4DB,0000,000,0317,0000,004,0100,4DB,0000
4DC,0000,4DD,0000,4DC,0000,000,0317,0000,004,0100,4DC,0000
4DD,0000,4DE,0000,4DD,0000,000,0317,0000,004,0100,4DD,0000
4DE,0000,4DF,0000,4DE,0000,000,0317,0000,004,0100,4DE,0000
4DF,0000,4E0,0000,4DF,0000,000,0317,0000,004,0100,4DF,0000
4E0,0000,4E1,0000,4E0,0000,000,0317,0000,004,0100,4E0,0000
4E1,0000,4E2,0000,4E1,0000,000,0317,0000,004,0100,4E1,0000
4E2,0000,4E3,0000,4E2,0000,000,0317,0000,004,0100,4E2,0000
4E3,0000,4E4,0000,4E3,0000,000,0317,0000,004,0100,4E3,0000
4E4,0000,4E5,0000,4E4,0000,000,0317,0000,004,0100,4E4,0000
4E5,0000,4E6,0000,4E5,0000,000,0317,0000,004,0100,4E5,0000
4E6,0000,4E7,0000,4E6,0000,000,0317,0000,004,0100,4E6,0000
4E7,0000,4E8,0000,4E7,0000,000,0317,0000,004,0100,4E7,0000
4E8,0000,4E9,0000,4E8,0000,000,0317,0000,004,0100,4E8,0000
4E9,0000,4EA,0000,4E9,0000,000,0317,0000,004,0100,4E9,0000
4EA,0000,4EB,0000,4EA,0000,000,0317,0000,004,0100,4EA,0000
4EB,0000,4EC,0000,4EB,0000,000,0317,0000,004,0100,4EB,0000
4EC,0000,4ED,0000,4EC,0000,000,0317,0000,004,0100,4EC,0000
4ED,0000,4EE,0000,4ED,0000,000,0317,0000,004,0100,4ED,0000
4EE,0000,4EF,0000,4EE,0000,000,0317,0000,004,0100,4EE,0000
4EF,0000,4F0,0000,4EF,0000,000,0317,0000,004,0100,4EF,0000
4F0,0000,4F1,0000,4F0,0000,000,0317,0000,004,0100,4F0,0000
4F1,0000,4F2,0000,4F1,0000,000,0317,0000,004,0100,4F1,0000
4F2,0000,4F3,0000,4F2,0000,000,0317,0000,004,0100,4F2,0000
4F3,0000,4F4,0000,4F3,0000,000,0317,0000,004,0100,4F3,0000
4F4,0000,4F5,0000,4F4,0000,000,0317,0000,004,0100,4F4,0000
4F5,0000,4F6,0000,4F5,0000,000,0317,0000,004,0100,4F5,0000
4F6,0000,4F7,0000,4F6,0000,000,0317,0000,004,0100,4F6,0000
4F7,0000,4F8,0000,4F7,0000,000,0317,0000,004,0100,4F7,0000
4F8,0000,4F9,0000,4F8,0000,000,0317,0000,004,0100,4F8,0000
4F9,0000,4FA,0000,4F9,0000,000,0317,0000,004,0100,4F9,0000
4FA,0000,4FB,0000,4FA,0000,000,0317,0000,004,0100,4FA,0000
4FB,0000,4FC,0000,4FB,0000,000,0317,0000,004,0100,4FB,0000
4FC,0000,4FD,0000,4FC,0000,000,0317,0000,004,0100,4FC,0000
4FD,0000,4FE,0000,4FD,0000,000,0317,0000,004,0100,4FD,0000
4FE,0000,4FF,0000,4FE,0000,000,0317,0000,004,0100,4FE,0000
4FF,0000,500,0000,4FF,0000,000,0317,0000,004,0100,4FF,0000
500,0000,501,0000,500,0000,000,0317,0000,004,0100,500,0000
501,0000,502,0000,501,0000,000,0317,0000,004,0100,501,0000
502,0000,503,0000,502,0000,000,0317,0000,004,0100,502,0000
503,0000,504,0000,503,0000,000,0317,0000,004,0100,503,0000
504,0000,505,0000,504,0000,000,0317,0000,004,0100,504,0000
505,0000,506,0000,505,0000,000,0317,0000,004,0100,505,0000
506,0000,507,0000,506,0000,000,0317,0000,004,0100,506,0000
507,0000,508,0000,507,0000,000,0317,0000,004,0100,507,0000
508,0000,509,0000,508,0000,000,0317,0000,004,0100,508,0000
509,0000,50A,0000,509,0000,000,0317,0000,004,0100,509,0000
50A,0000,50B,0000,50A,0000,000,0317,0000,004,0100,50A,0000
50B,0000,50C,0000,50B,0000,000,0317,0000,004,0100,50B,0000
50C,0000,50D,0000,50C,0000,000,0317,0000,004,0100,50C,0000
50D,0000,50E,0000,50D,0000,000,0317,0000,004,0100,50D,0000
50E,0000,50F,0000,50E,0000,000,0317,0000,004,0100,50E,0000
50F,0000,510,0000,50F,0000,000,0317,0000,004,0100,50F,0000
510,0000,511,0000,510,0000,000,0317,0000,004,0100,510,0000
511,0000,512,0000,511,0000,000,0317,0000,004,0100,511,0000
512,0000,513,0000,512,0000,000,0317,0000,004,0100,512,0000
513,0000,514,0000,513,0000,000,0317,0000,004,0100,513,0000
514,0000,515,0000,514,0000,000,0317,0000,004,0100,514,0000
515,0000,516,0000,515,0000,000,0317,0000,004,0100,515,0000
516,0000,517,0000,516,0000,000,0317,0000,004,0100,516,0000
517,0000,518,0000,517,0000,000,0317,0000,004,0100,517,0000
518,0000,519,0000,518,0000,000,0317,0000,004,0100,518,0000
519,0000,51A,0000,519,0000,000,0317,0000,004,0100,519,0000
51A,0000,51B,0000,51A,0000,000,0317,0000,004,0100,51A,0000
51B,0000,51C,0000,51B,0000,000,0317,0000,004,0100,51B,0000
51C,0000,51D,0000,51C,0000,000,0317,0000,004,0100,51C,0000
51D,0000,51E,0000,51D,0000,000,0317,0000,004,0100,51D,0000
51E,0000,51F,0000,51E,0000,000,0317,0000,004,0100,51E,0000
51F,0000,520,0000,51F,0000,000,0317,0000,004,0100,51F,0000
520,0000,521,0000,520,0000,000,0317,0000,004,0100,520,0000
521,0000,522,0000,521,0000,000,0317,0000,004,0100,521,0000
522,0000,523,0000,522,0000,000,0317,0000,004,0100,522,0000
523,0000,524,0000,523,0000,000,0317,0000,004,0100,523,0000
524,0000,525,0000,524,0000,000,0317,0000,004,0100,524,0000
525,0000,526,0000,525,0000,000,0317,0000,004,0100,525,0000
526,0000,527,0000,526,0000,000,0317,0000,004,0100,526,0000
527,0000,528,0000,527,0000,000,0317,0000,004,0100,527,0000
528,0000,529,0000,528,0000,000,0317,0000,004,0100,528,0000
529,0000,52A,0000,529,0000,000,0317,0000,004,0100,529,0000
52A,0000,52B,0000,52A,0000,000,0317,0000,004,0100,52A,0000
52B,0000,52C,0000,52B,0000,000,0317,0000,004,0100,52B,0000
52C,0000,52D,0000,52C,0000,000,0317,0000,004,0100,52C,0000
52D,0000,52E,0000,52D,0000,000,0317,0000,004,0100,52D,0000
52E,0000,52F,0000,52E,0000,000,0317,0000,004,0100,52E,0000
52F,0000,530,0000,52F,0000,000,0317,0000,004,0100,52F,0000
530,0000,531,0000,530,0000,000,0317,0000,004,0100,530,0000
531,0000,532,0000,531,0000,000,0317,0000,004,0100,531,0000
532,0000,533,0000,532,0000,000,0317,0000,004,0100,532,0000
533,0000,534,0000,533,0000,000,0317,0000,004,0100,533,0000
534,0000,535,0000,534,0000,000,0317,0000,004,0100,534,0000
535,0000,536,0000,535,0000,000,0317,0000,004,0100,535,0000
536,0000,537,0000,536,0000,000,0317,0000,004,0100,536,0000
537,0000,538,0000,537,0000,000,0317,0000,004,0100,537,0000
538,0000,539,0000,538,0000,000,0317,0000,004,0100,538,0000
539,0000,53A,0000,539,0000,000,0317,0000,004,0100,539,0000
53A,0000,53B,0000,53A,0000,000,0317,0000,004,0100,53A,0000
53B,0000,53C,0000,53B,0000,000,0317,0000,004,0100,53B,0000
53C,0000,53D,0000,53C,0000,000,0317,0000,004,0100,53C,0000
53D,0000,53E,0000,53D,0000,000,0317,0000,004,0100,53D,0000
53E,0000,53F,0000,53E,0000,000,0317,0000,004,0100,53E,0000
53F,0000,540,0000,53F,0000,000,0317,0000,004,0100,53F,0000
540,0000,541,0000,540,0000,000,0317,0000,004,0100,540,0000
541,0000,542,0000,541,0000,000,0317,0000,004,0100,541,0000
542,0000,543,0000,542,0000,000,0317,0000,004,0100,542,0000
543,0000,544,0000,543,0000,000,0317,0000,004,0100,543,0000
544,0000,545,0000,544,0000,000,0317,0000,004,0100,544,0000
545,0000,546,0000,545,0000,000,0317,0000,004,0100,545,0000
546,0000,547,0000,546,0000,000,0317,0000,004,0100,546,0000
547,0000,548,0000,547,0000,000,0317,0000,004,0100,547,0000
548,0000,549,0000,548,0000,000,0317,0000,004,0100,548,0000
549,0000,54A,0000,549,0000,000,0317,0000,004,0100,549,0000
54A,0000,54B,0000,54A,0000,000,0317,0000,004,0100,54A,0000
54B,0000,54C,0000,54B,0000,000,0317,0000,004,0100,54B,0000
54C,0000,54D,0000,54C,0000,000,0317,0000,004,0100,54C,0000
54D,0000,54E,0000,54D,0000,000,0317,0000,004,0100,54D,0000
54E,0000,54F,0000,54E,0000,000,0317,0000,004,0100,54E,0000
54F,0000,550,0000,54F,0000,000,0317,0000,004,0100,54F,0000
550,0000,551,0000,550,0000,000,0317,0000,004,0100,550,0000
551,0000,552,0000,551,0000,000,0317,0000,004,0100,551,0000
552,0000,553,0000,552,0000,000,0317,0000,004,0100,552,0000
553,0000,554,0000,553,0000,000,0317,0000,004,0100,553,0000
554,0000,555,0000,554,0000,000,0317,0000,004,0100,554,0000
555,0000,556,0000,555,0000,000,0317,0000,004,0100,555,0000
556,0000,557,0000,556,0000,000,0317,0000,004,0100,556,0000
557,0000,558,0000,557,0000,000,0317,0000,004,0100,557,0000
558,0000,559,0000,558,0000,000,0317,0000,004,0100,558,0000
559,0000,55A,0000,559,0000,000,0317,0000,004,0100,559,0000
55A,0000,55B,0000,55A,0000,000,0317,0000,004,0100,55A,0000
55B,0000,55C,0000,55B,0000,000,0317,0000,004,0100,55B,0000
55C,0000,55D,0000,55C,0000,000,0317,0000,004,0100,55C,0000
55D,0000,55E,0000,55D,0000,000,0317,0000,004,0100,55D,0000
55E,0000,55F,0000,55E,0000,000,0317,0000,004,0100,55E,0000
55F,0000,560,0000,55F,0000,000,0317,0000,004,0100,55F,0000
560,0000,561,0000,560,0000,000,0317,0000,004,0100,560,0000
561,0000,562,0000,561,0000,000,0317,0000,004,0100,561,0000
562,0000,563,0000,562,0000,000,0317,0000,004,0100,562,0000
563,0000,564,0000,563,0000,000,0317,0000,004,0100,563,0000
564,0000,565,0000,564,0000,000,0317,0000,004,0100,564,0000
565,0000,566,0000,565,0000,000,0317,0000,004,0100,565,0000
566,0000,567,0000,566,0000,000,0317,0000,004,0100,566,0000
567,0000,568,0000,567,0000,000,0317,0000,004,0100,567,0000
568,0000,569,0000,568,0000,000,0317,0000,004,0100,568,0000
569,0000,56A,0000,569,0000,000,0317,0000,004,0100,569,0000
56A,0000,56B,0000,56A,0000,000,0317,0000,004,0100,56A,0000
56B,0000,56C,0000,56B,0000,000,0317,0000,004,0100,56B,0000
56C,0000,56D,0000,56C,0000,000,0317,0000,004,0100,56C,0000
56D,0000,56E,0000,56D,0000,000,0317,0000,004,0100,56D,0000
56E,0000,56F,0000,56E,0000,000,0317,0000,004,0100,56E,0000
56F,0000,570,0000,56F,0000,000,0317,0000,004,0100,56F,0000
570,0000,571,0000,570,0000,000,0317,0000,004,0100,570,0000
571,0000,572,0000,571,0000,000,0317,0000,004,0100,571,0000
572,0000,573,0000,572,0000,000,0317,0000,004,0100,572,0000
573,0000,574,0000,573,0000,000,0317,0000,004,0100,573,0000
574,0000,575,0000,574,0000,000,0317,0000,004,0100,574,0000
575,0000,576,0000,575,0000,000,0317,0000,004,0100,575,0000
576,0000,577,0000,576,0000,000,0317,0000,004,0100,576,0000
577,0000,578,0000,577,0000,000,0317,0000,004,0100,577,0000
578,0000,579,0000,578,0000,000,0317,0000,004,0100,578,0000
579,0000,57A,0000,579,0000,000,0317,0000,004,0100,579,0000
57A,0000,57B,0000,57A,0000,000,0317,0000,004,0100,57A,0000
57B,0000,57C,0000,57B,0000,000,0317,0000,004,0100,57B,0000
57C,0000,57D,0000,57C,0000,000,0317,0000,004,0100,57C,0000
57D,0000,57E,0000,57D,0000,000,0317,0000,004,0100,57D,0000
57E,0000,57F,0000,57E,0000,000,0317,0000,004,0100,57E,0000
57F,0000,580,0000,57F,0000,000,0317,0000,004,0100,57F,0000
580,0000,581,0000,580,0000,000,0317,0000,004,0100,580,0000
581,0000,582,0000,581,0000,000,0317,0000,004,0100,581,0000
582,0000,583,0000,582,0000,000,0317,0000,004,0100,582,0000
583,0000,584,0000,583,0000,000,0317,0000,004,0100,583,0000
584,0000,585,0000,584,0000,000,0317,0000,004,0100,584,0000
585,0000,586,0000,585,0000,000,0317,0000,004,0100,585,0000
586,0000,587,0000,586,0000,000,0317,0000,004,0100,586,0000
587,0000,588,0000,587,0000,000,0317,0000,004,0100,587,0000
588,0000,589,0000,588,0000,000,0317,0000,004,0100,588,0000
589,0000,58A,0000,589,0000,000,0317,0000,004,0100,589,0000
58A,0000,58B,0000,58A,0000,000,0317,0000,004,0100,58A,0000
58B,0000,58C,0000,58B,0000,000,0317,0000,004,0100,58B,0000
58C,0000,58D,0000,58C,0000,000,0317,0000,004,0100,58C,0000
58D,0000,58E,0000,58D,0000,000,0317,0000,004,0100,58D,0000
58E,0000,58F,0000,58E,0000,000,0317,0000,004,0100,58E,0000
58F,0000,590,0000,58F,0000,000,0317,0000,004,0100,58F,0000
590,0000,591,0000,590,0000,000,0317,0000,004,0100,590,0000
591,0000,592,0000,591,0000,000,0317,0000,004,0100,591,0000
592,0000,593,0000,592,0000,000,0317,0000,004,0100,592,0000
593,0000,594,0000,593,0000,000,0317,0000,004,0100,593,0000
594,0000,595,0000,594,0000,000,0317,0000,004,0100,594,0000
595,0000,596,0000,595,0000,000,0317,0000,004,0100,595,0000
596,0000,597,0000,596,0000,000,0317,0000,004,0100,596,0000
597,0000,598,0000,597,0000,000,0317,0000,004,0100,597,0000
598,0000,599,0000,598,0000,000,0317,0000,004,0100,598,0000
599,0000,59A,0000,599,0000,000,0317,0000,004,0100,599,0000
59A,0000,59B,0000,59A,0000,000,0317,0000,004,0100,59A,0000
59B,0000,59C,0000,59B,0000,000,0317,0000,004,0100,59B,0000
59C,0000,59D,0000,59C,0000,000,0317,0000,004,0100,59C,0000
59D,0000,59E,0000,59D,0000,000,0317,0000,004,0100,59D,0000
59E,0000,59F,0000,59E,0000,000,0317,0000,004,0100,59E,0000
59F,0000,5A0,0000,59F,0000,000,0317,0000,004,0100,59F,0000
5A0,0000,5A1,0000,5A0,0000,000,0317,0000,004,0100,5A0,0000
5A1,B1D8,5A2,0000,5A1,B1D8,000,0317,0000,004,0100,5A1,B1D8
5A2,D2D5,5A3,0000,5A2,D2D5,000,0317,0000,004,0100,5A2,D2D5
5A3,DEDF,5A4,0000,5A3,DEDF,000,0317,0000,004,0100,5A3,DEDF
5A4,3B00,5A5,0000,5A4,3B00,000,0317,0000,004,0100,5A4,3B00
5A5,0000,1F5,0000,5A4,3B00,000,0317,0000,004,0100
1F5,CE00,20C,0100,20B,0100,7FF,020B,0000,084,0100,1F3,0001
,                                 ,7FF,0201
,                                 ,1F4,05A5
20C,0000,1F3,0100,20B,0100,7FF,020B,0000,084,0100
1F3,0000,1F4,0100,1F3,0000,7FF,020B,0000,084,0100,1F3,0000
1F4,05A1,1F5,0100,1F4,05A1,7FF,020B,0000,084,0100,1F4,05A1
1F5,CE00,1F6,0100,1F5,CE00,7FF,020B,0000,084,0100,1F5,CE00
1F6,1203,1F7,0100,1F6,1203,7FF,020B,0000,084,0100,1F6,1203
1F7,2F40,1F8,0100,1F7,2F40,7FF,020B,0000,084,0100,1F7,2F40
1F8,F0FD,1F9,0100,1F8,F0FD,7FF,020B,0000,084,0100,1F8,F0FD
1F9,AEF9,1FA,0100,1F9,AEF9,7FF,020B,0000,084,0100,1F9,AEF9
1FA,F001,1FB,0100,1FA,F001,7FF,020B,0000,084,0100,1FA,F001
1FB,CE06,1FC,0100,1FB,CE06,7FF,020B,0000,084,0100,1FB,CE06
1FC,0700,1FD,0100,1FC,0700,7FF,020B,0000,084,0100,1FC,0700
1FD,EEF5,1FE,0100,1FD,EEF5,7FF,020B,0000,084,0100,1FD,EEF5
1FE,A8F5,1FF,0100,1FE,A8F5,7FF,020B,0000,084,0100,1FE,A8F5
1FF,0680,200,0100,1FF,0680,7FF,020B,0000,084,0100,1FF,0680
200,DE06,201,0100,200,DE06,7FF,020B,0000,084,0100,200,DE06
201,CEF4,202,0100,201,CEF4,7FF,020B,0000,084,0100,201,CEF4
202,0200,203,0100,202,0200,7FF,020B,0000,084,0100,202,0200
203,EEEF,204,0100,203,EEEF,7FF,020B,0000,084,0100,203,EEEF
204,AAEF,205,0100,204,AAEF,7FF,020B,0000,084,0100,204,AAEF
205,DE01,206,0100,205,DE01,7FF,020B,0000,084,0100,205,DE01
206,CEEF,207,0100,206,CEEF,7FF,020B,0000,084,0100,206,CEEF
207,1302,208,0100,207,1302,7FF,020B,0000,084,0100,207,1302
208,2FFF,209,0100,208,2FFF,7FF,020B,0000,084,0100,208,2FFF
209,F001,20A,0100,209,F001,7FF,020B,0000,084,0100,209,F001
20A,0A00,20B,0100,20A,0A00,7FF,020B,0000,084,0100,20A,0A00
20B,0100,20C,0100,20B,0100,7FF,020B,0000,084,0100,20B,0100
20C,0000,20D,0100,20C,0000,7FF,020B,0000,084,0100,20C,0000
20D,0000,20E,0100,20D,0000,7FF,020B,0000,084,0100,20D,0000
20E,0000,20F,0100,20E,0000,7FF,020B,0000,084,0100,20E,0000
20F,0000,210,0100,20F,0000,7FF,020B,0000,084,0100,20F,0000
210,0000,211,0100,210,0000,7FF,020B,0000,084,0100,210,0000
211,0000,212,0100,211,0000,7FF,020B,0000,084,0100,211,0000
212,0000,213,0100,212,0000,7FF,020B,0000,084,0100,212,0000
213,0000,214,0100,213,0000,7FF,020B,0000,084,0100,213,0000
214,0000,215,0100,214,0000,7FF,020B,0000,084,0100,214,0000
215,0000,216,0100,215,0000,7FF,020B,0000,084,0100,215,0000
216,0000,217,0100,216,0000,7FF,020B,0000,084,0100,216,0000
217,0000,218,0100,217,0000,7FF,020B,0000,084,0100,217,0000
218,0000,219,0100,218,0000,7FF,020B,0000,084,0100,218,0000
219,0000,21A,0100,219,0000,7FF,020B,0000,084,0100,219,0000
21A,0000,21B,0100,21A,0000,7FF,020B,0000,084,0100,21A,0000
21B,0000,21C,0100,21B,0000,7FF,020B,0000,084,0100,21B,0000
21C,0000,21D,0100,21C,0000,7FF,020B,0000,084,0100,21C,0000
21D,0000,21E,0100,21D,0000,7FF,020B,0000,084,0100,21D,0000
21E,0000,21F,0100,21E,0000,7FF,020B,0000,084,0100,21E,0000
21F,0000,220,0100,21F,0000,7FF,020B,0000,084,0100,21F,0000
220,0000,221,0100,220,0000,7FF,020B,0000,084,0100,220,0000
221,0000,222,0100,221,0000,7FF,020B,0000,084,0100,221,0000
222,0000,223,0100,222,0000,7FF,020B,0000,084,0100,222,0000
223,0000,224,0100,223,0000,7FF,020B,0000,084,0100,223,0000
224,0000,225,0100,224,0000,7FF,020B,0000,084,0100,224,0000
225,0000,226,0100,225,0000,7FF,020B,0000,084,0100,225,0000
226,0000,227,0100,226,0000,7FF,020B,0000,084,0100,226,0000
227,0000,228,0100,227,0000,7FF,020B,0000,084,0100,227,0000
228,0000,229,0100,228,0000,7FF,020B,0000,084,0100,228,0000
229,0000,22A,0100,229,0000,7FF,020B,0000,084,0100,229,0000
22A,0000,22B,0100,22A,0000,7FF,020B,0000,084,0100,22A,0000
22B,0000,22C,0100,22B,0000,7FF,020B,0000,084,0100,22B,0000
22C,0000,22D,0100,22C,0000,7FF,020B,0000,084,0100,22C,0000
22D,0000,22E,0100,22D,0000,7FF,020B,0000,084,0100,22D,0000
22E,0000,22F,0100,22E,0000,7FF,020B,0000,084,0100,22E,0000
22F,0000,230,0100,22F,0000,7FF,020B,0000,084,0100,22F,0000
230,0000,231,0100,230,0000,7FF,020B,0000,084,0100,230,0000
231,0000,232,0100,231,0000,7FF,020B,0000,084,0100,231,0000
232,0000,233,0100,232,0000,7FF,020B,0000,084,0100,232,0000
233,0000,234,0100,233,0000,7FF,020B,0000,084,0100,233,0000
234,0000,235,0100,234,0000,7FF,020B,0000,084,0100,234,0000
235,0000,236,0100,235,0000,7FF,020B,0000,084,0100,235,0000
236,0000,237,0100,236,0000,7FF,020B,0000,084,0100,236,0000
237,0000,238,0100,237,0000,7FF,020B,0000,084,0100,237,0000
238,0000,239,0100,238,0000,7FF,020B,0000,084,0100,238,0000
239,0000,23A,0100,239,0000,7FF,020B,0000,084,0100,239,0000
23A,0000,23B,0100,23A,0000,7FF,020B,0000,084,0100,23A,0000
23B,0000,23C,0100,23B,0000,7FF,020B,0000,084,0100,23B,0000
23C,0000,23D,0100,23C,0000,7FF,020B,0000,084,0100,23C,0000
23D,0000,23E,0100,23D,0000,7FF,020B,0000,084,0100,23D,0000
23E,0000,23F,0100,23E,0000,7FF,020B,0000,084,0100,23E,0000
23F,0000,240,0100,23F,0000,7FF,020B,0000,084,0100,23F,0000
240,0000,241,0100,240,0000,7FF,020B,0000,084,0100,240,0000
241,0000,242,0100,241,0000,7FF,020B,0000,084,0100,241,0000
242,0000,243,0100,242,0000,7FF,020B,0000,084,0100,242,0000
243,0000,244,0100,243,0000,7FF,020B,0000,084,0100,243,0000
244,0000,245,0100,244,0000,7FF,020B,0000,084,0100,244,0000
245,0000,246,0100,245,0000,7FF,020B,0000,084,0100,245,0000
246,0000,247,0100,246,0000,7FF,020B,0000,084,0100,246,0000
247,0000,248,0100,247,0000,7FF,020B,0000,084,0100,247,0000
248,0000,249,0100,248,0000,7FF,020B,0000,084,0100,248,0000
249,0000,24A,0100,249,0000,7FF,020B,0000,084,0100,249,0000
24A,0000,24B,0100,24A,0000,7FF,020B,0000,084,0100,24A,0000
24B,0000,24C,0100,24B,0000,7FF,020B,0000,084,0100,24B,0000
24C,0000,24D,0100,24C,0000,7FF,020B,0000,084,0100,24C,0000
24D,0000,24E,0100,24D,0000,7FF,020B,0000,084,0100,24D,0000
24E,0000,24F,0100,24E,0000,7FF,020B,0000,084,0100,24E,0000
24F,0000,250,0100,24F,0000,7FF,020B,0000,084,0100,24F,0000
250,0000,251,0100,250,0000,7FF,020B,0000,084,0100,250,0000
251,0000,252,0100,251,0000,7FF,020B,0000,084,0100,251,0000
252,0000,253,0100,252,0000,7FF,020B,0000,084,0100,252,0000
253,0000,254,0100,253,0000,7FF,020B,0000,084,0100,253,0000
254,0000,255,0100,254,0000,7FF,020B,0000,084,0100,254,0000
255,0000,256,0100,255,0000,7FF,020B,0000,084,0100,255,0000
256,0000,257,0100,256,0000,7FF,020B,0000,084,0100,256,0000
257,0000,258,0100,257,0000,7FF,020B,0000,084,0100,257,0000
258,0000,259,0100,258,0000,7FF,020B,0000,084,0100,258,0000
259,0000,25A,0100,259,0000,7FF,020B,0000,084,0100,259,0000
25A,0000,25B,0100,25A,0000,7FF,020B,0000,084,0100,25A,0000
25B,0000,25C,0100,25B,0000,7FF,020B,0000,084,0100,25B,0000
25C,0000,25D,0100,25C,0000,7FF,020B,0000,084,0100,25C,0000
25D,0000,25E,0100,25D,0000,7FF,020B,0000,084,0100,25D,0000
25E,0000,25F,0100,25E,0000,7FF,020B,0000,084,0100,25E,0000
25F,0000,260,0100,25F,0000,7FF,020B,0000,084,0100,25F,0000
260,0000,261,0100,260,0000,7FF,020B,0000,084,0100,260,0000
261,0000,262,0100,261,0000,7FF,020B,0000,084,0100,261,0000
262,0000,263,0100,262,0000,7FF,020B,0000,084,0100,262,0000
263,0000,264,0100,263,0000,7FF,020B,0000,084,0100,263,0000
264,0000,265,0100,264,0000,7FF,020B,0000,084,0100,264,0000
265,0000,266,0100,265,0000,7FF,020B,0000,084,0100,265,0000
266,0000,267,0100,266,0000,7FF,020B,0000,084,0100,266,0000
267,0000,268,0100,267,0000,7FF,020B,0000,084,0100,267,0000
268,0000,269,0100,268,0000,7FF,020B,0000,084,0100,268,0000
269,0000,26A,0100,269,0000,7FF,020B,0000,084,0100,269,0000
26A,0000,26B,0100,26A,0000,7FF,020B,0000,084,0100,26A,0000
26B,0000,26C,0100,26B,0000,7FF,020B,0000,084,0100,26B,0000
26C,0000,26D,0100,26C,0000,7FF,020B,0000,084,0100,26C,0000
26D,0000,26E,0100,26D,0000,7FF,020B,0000,084,0100,26D,0000
26E,0000,26F,0100,26E,0000,7FF,020B,0000,084,0100,26E,0000
26F,0000,270,0100,26F,0000,7FF,020B,0000,084,0100,26F,0000
270,0000,271,0100,270,0000,7FF,020B,0000,084,0100,270,0000
271,0000,272,0100,271,0000,7FF,020B,0000,084,0100,271,0000
272,0000,273,0100,272,0000,7FF,020B,0000,084,0100,272,0000
273,0000,274,0100,273,0000,7FF,020B,0000,084,0100,273,0000
274,0000,275,0100,274,0000,7FF,020B,0000,084,0100,274,0000
275,0000,276,0100,275,0000,7FF,020B,0000,084,0100,275,0000
276,0000,277,0100,276,0000,7FF,020B,0000,084,0100,276,0000
277,0000,278,0100,277,0000,7FF,020B,0000,084,0100,277,0000
278,0000,279,0100,278,0000,7FF,020B,0000,084,0100,278,0000
279,0000,27A,0100,279,0000,7FF,020B,0000,084,0100,279,0000
27A,0000,27B,0100,27A,0000,7FF,020B,0000,084,0100,27A,0000
27B,0000,27C,0100,27B,0000,7FF,020B,0000,084,0100,27B,0000
27C,0000,27D,0100,27C,0000,7FF,020B,0000,084,0100,27C,0000
27D,0000,27E,0100,27D,0000,7FF,020B,0000,084,0100,27D,0000
27E,0000,27F,0100,27E,0000,7FF,020B,0000,084,0100,27E,0000
27F,0000,280,0100,27F,0000,7FF,020B,0000,084,0100,27F,0000
280,0000,281,0100,280,0000,7FF,020B,0000,084,0100,280,0000
281,0000,282,0100,281,0000,7FF,020B,0000,084,0100,281,0000
282,0000,283,0100,282,0000,7FF,020B,0000,084,0100,282,0000
283,0000,284,0100,283,0000,7FF,020B,0000,084,0100,283,0000
284,0000,285,0100,284,0000,7FF,020B,0000,084,0100,284,0000
285,0000,286,0100,285,0000,7FF,020B,0000,084,0100,285,0000
286,0000,287,0100,286,0000,7FF,020B,0000,084,0100,286,0000
287,0000,288,0100,287,0000,7FF,020B,0000,084,0100,287,0000
288,0000,289,0100,288,0000,7FF,020B,0000,084,0100,288,0000
289,0000,28A,0100,289,0000,7FF,020B,0000,084,0100,289,0000
28A,0000,28B,0100,28A,0000,7FF,020B,0000,084,0100,28A,0000
28B,0000,28C,0100,28B,0000,7FF,020B,0000,084,0100,28B,0000
28C,0000,28D,0100,28C,0000,7FF,020B,0000,084,0100,28C,0000
28D,0000,28E,0100,28D,0000,7FF,020B,0000,084,0100,28D,0000
28E,0000,28F,0100,28E,0000,7FF,020B,0000,084,0100,28E,0000
28F,0000,290,0100,28F,0000,7FF,020B,0000,084,0100,28F,0000
290,0000,291,0100,290,0000,7FF,020B,0000,084,0100,290,0000
291,0000,292,0100,291,0000,7FF,020B,0000,084,0100,291,0000
292,0000,293,0100,292,0000,7FF,020B,0000,084,0100,292,0000
293,0000,294,0100,293,0000,7FF,020B,0000,084,0100,293,0000
294,0000,295,0100,294,0000,7FF,020B,0000,084,0100,294,0000
295,0000,296,0100,295,0000,7FF,020B,0000,084,0100,295,0000
296,0000,297,0100,296,0000,7FF,020B,0000,084,0100,296,0000
297,0000,298,0100,297,0000,7FF,020B,0000,084,0100,297,0000
298,0000,299,0100,298,0000,7FF,020B,0000,084,0100,298,0000
299,0000,29A,0100,299,0000,7FF,020B,0000,084,0100,299,0000
29A,0000,29B,0100,29A,0000,7FF,020B,0000,084,0100,29A,0000
29B,0000,29C,0100,29B,0000,7FF,020B,0000,084,0100,29B,0000
29C,0000,29D,0100,29C,0000,7FF,020B,0000,084,0100,29C,0000
29D,0000,29E,0100,29D,0000,7FF,020B,0000,084,0100,29D,0000
29E,0000,29F,0100,29E,0000,7FF,020B,0000,084,0100,29E,0000
29F,0000,2A0,0100,29F,0000,7FF,020B,0000,084,0100,29F,0000
2A0,0000,2A1,0100,2A0,0000,7FF,020B,0000,084,0100,2A0,0000
2A1,0000,2A2,0100,2A1,0000,7FF,020B,0000,084,0100,2A1,0000
2A2,0000,2A3,0100,2A2,0000,7FF,020B,0000,084,0100,2A2,0000
2A3,0000,2A4,0100,2A3,0000,7FF,020B,0000,084,0100,2A3,0000
2A4,0000,2A5,0100,2A4,0000,7FF,020B,0000,084,0100,2A4,0000
2A5,0000,2A6,0100,2A5,0000,7FF,020B,0000,084,0100,2A5,0000
2A6,0000,2A7,0100,2A6,0000,7FF,020B,0000,084,0100,2A6,0000
2A7,0000,2A8,0100,2A7,0000,7FF,020B,0000,084,0100,2A7,0000
2A8,0000,2A9,0100,2A8,0000,7FF,020B,0000,084,0100,2A8,0000
2A9,0000,2AA,0100,2A9,0000,7FF,020B,0000,084,0100,2A9,0000
2AA,0000,2AB,0100,2AA,0000,7FF,020B,0000,084,0100,2AA,0000
2AB,0000,2AC,0100,2AB,0000,7FF,020B,0000,084,0100,2AB,0000
2AC,0000,2AD,0100,2AC,0000,7FF,020B,0000,084,0100,2AC,0000
2AD,0000,2AE,0100,2AD,0000,7FF,020B,0000,084,0100,2AD,0000
2AE,0000,2AF,0100,2AE,0000,7FF,020B,0000,084,0100,2AE,0000
2AF,0000,2B0,0100,2AF,0000,7FF,020B,0000,084,0100,2AF,0000
2B0,0000,2B1,0100,2B0,0000,7FF,020B,0000,084,0100,2B0,0000
2B1,0000,2B2,0100,2B1,0000,7FF,020B,0000,084,0100,2B1,0000
2B2,0000,2B3,0100,2B2,0000,7FF,020B,0000,084,0100,2B2,0000
2B3,0000,2B4,0100,2B3,0000,7FF,020B,0000,084,0100,2B3,0000
2B4,0000,2B5,0100,2B4,0000,7FF,020B,0000,084,0100,2B4,0000
2B5,0000,2B6,0100,2B5,0000,7FF,020B,0000,084,0100,2B5,0000
2B6,0000,2B7,0100,2B6,0000,7FF,020B,0000,084,0100,2B6,0000
2B7,0000,2B8,0100,2B7,0000,7FF,020B,0000,084,0100,2B7,0000
2B8,0000,2B9,0100,2B8,0000,7FF,020B,0000,084,0100,2B8,0000
2B9,0000,2BA,0100,2B9,0000,7FF,020B,0000,084,0100,2B9,0000
2BA,0000,2BB,0100,2BA,0000,7FF,020B,0000,084,0100,2BA,0000
2BB,0000,2BC,0100,2BB,0000,7FF,020B,0000,084,0100,2BB,0000
2BC,0000,2BD,0100,2BC,0000,7FF,020B,0000,084,0100,2BC,0000
2BD,0000,2BE,0100,2BD,0000,7FF,020B,0000,084,0100,2BD,0000
2BE,0000,2BF,0100,2BE,0000,7FF,020B,0000,084,0100,2BE,0000
2BF,0000,2C0,0100,2BF,0000,7FF,020B,0000,084,0100,2BF,0000
2C0,0000,2C1,0100,2C0,0000,7FF,020B,0000,084,0100,2C0,0000
2C1,0000,2C2,0100,2C1,0000,7FF,020B,0000,084,0100,2C1,0000
2C2,0000,2C3,0100,2C2,0000,7FF,020B,0000,084,0100,2C2,0000
2C3,0000,2C4,0100,2C3,0000,7FF,020B,0000,084,0100,2C3,0000
2C4,0000,2C5,0100,2C4,0000,7FF,020B,0000,084,0100,2C4,0000
2C5,0000,2C6,0100,2C5,0000,7FF,020B,0000,084,0100,2C5,0000
2C6,0000,2C7,0100,2C6,0000,7FF,020B,0000,084,0100,2C6,0000
2C7,0000,2C8,0100,2C7,0000,7FF,020B,0000,084,0100,2C7,0000
2C8,0000,2C9,0100,2C8,0000,7FF,020B,0000,084,0100,2C8,0000
2C9,0000,2CA,0100,2C9,0000,7FF,020B,0000,084,0100,2C9,0000
2CA,0000,2CB,0100,2CA,0000,7FF,020B,0000,084,0100,2CA,0000
2CB,0000,2CC,0100,2CB,0000,7FF,020B,0000,084,0100,2CB,0000
2CC,0000,2CD,0100,2CC,0000,7FF,020B,0000,084,0100,2CC,0000
2CD,0000,2CE,0100,2CD,0000,7FF,020B,0000,084,0100,2CD,0000
2CE,0000,2CF,0100,2CE,0000,7FF,020B,0000,084,0100,2CE,0000
2CF,0000,2D0,0100,2CF,0000,7FF,020B,0000,084,0100,2CF,0000
2D0,0000,2D1,0100,2D0,0000,7FF,020B,0000,084,0100,2D0,0000
2D1,0000,2D2,0100,2D1,0000,7FF,020B,0000,084,0100,2D1,0000
2D2,0000,2D3,0100,2D2,0000,7FF,020B,0000,084,0100,2D2,0000
2D3,0000,2D4,0100,2D3,0000,7FF,020B,0000,084,0100,2D3,0000
2D4,0000,2D5,0100,2D4,0000,7FF,020B,0000,084,0100,2D4,0000
2D5,0000,2D6,0100,2D5,0000,7FF,020B,0000,084,0100,2D5,0000
2D6,0000,2D7,0100,2D6,0000,7FF,020B,0000,084,0100,2D6,0000
2D7,0000,2D8,0100,2D7,0000,7FF,020B,0000,084,0100,2D7,0000
2D8,0000,2D9,0100,2D8,0000,7FF,020B,0000,084,0100,2D8,0000
2D9,0000,2DA,0100,2D9,0000,7FF,020B,0000,084,0100,2D9,0000
2DA,0000,2DB,0100,2DA,0000,7FF,020B,0000,084,0100,2DA,0000
2DB,0000,2DC,0100,2DB,0000,7FF,020B,0000,084,0100,2DB,0000
2DC,0000,2DD,0100,2DC,0000,7FF,020B,0000,084,0100,2DC,0000
2DD,0000,2DE,0100,2DD,0000,7FF,020B,0000,084,0100,2DD,0000
2DE,0000,2DF,0100,2DE,0000,7FF,020B,0000,084,0100,2DE,0000
2DF,0000,2E0,0100,2DF,0000,7FF,020B,0000,084,0100,2DF,0000
2E0,0000,2E1,0100,2E0,0000,7FF,020B,0000,084,0100,2E0,0000
2E1,0000,2E2,0100,2E1,0000,7FF,020B,0000,084,0100,2E1,0000
2E2,0000,2E3,0100,2E2,0000,7FF,020B,0000,084,0100,2E2,0000
2E3,0000,2E4,0100,2E3,0000,7FF,020B,0000,084,0100,2E3,0000
2E4,0000,2E5,0100,2E4,0000,7FF,020B,0000,084,0100,2E4,0000
2E5,0000,2E6,0100,2E5,0000,7FF,020B,0000,084,0100,2E5,0000
2E6,0000,2E7,0100,2E6,0000,7FF,020B,0000,084,0100,2E6,0000
2E7,0000,2E8,0100,2E7,0000,7FF,020B,0000,084,0100,2E7,0000
2E8,0000,2E9,0100,2E8,0000,7FF,020B,0000,084,0100,2E8,0000
2E9,0000,2EA,0100,2E9,0000,7FF,020B,0000,084,0100,2E9,0000
2EA,0000,2EB,0100,2EA,0000,7FF,020B,0000,084,0100,2EA,0000
2EB,0000,2EC,0100,2EB,0000,7FF,020B,0000,084,0100,2EB,0000
2EC,0000,2ED,0100,2EC,0000,7FF,020B,0000,084,0100,2EC,0000
2ED,0000,2EE,0100,2ED,0000,7FF,020B,0000,084,0100,2ED,0000
2EE,0000,2EF,0100,2EE,0000,7FF,020B,0000,084,0100,2EE,0000
2EF,0000,2F0,0100,2EF,0000,7FF,020B,0000,084,0100,2EF,0000
2F0,0000,2F1,0100,2F0,0000,7FF,020B,0000,084,0100,2F0,0000
2F1,0000,2F2,0100,2F1,0000,7FF,020B,0000,084,0100,2F1,0000
2F2,0000,2F3,0100,2F2,0000,7FF,020B,0000,084,0100,2F2,0000
2F3,0000,2F4,0100,2F3,0000,7FF,020B,0000,084,0100,2F3,0000
2F4,0000,2F5,0100,2F4,0000,7FF,020B,0000,084,0100,2F4,0000
2F5,0000,2F6,0100,2F5,0000,7FF,020B,0000,084,0100,2F5,0000
2F6,0000,2F7,0100,2F6,0000,7FF,020B,0000,084,0100,2F6,0000
2F7,0000,2F8,0100,2F7,0000,7FF,020B,0000,084,0100,2F7,0000
2F8,0000,2F9,0100,2F8,0000,7FF,020B,0000,084,0100,2F8,0000
2F9,0000,2FA,0100,2F9,0000,7FF,020B,0000,084,0100,2F9,0000
2FA,0000,2FB,0100,2FA,0000,7FF,020B,0000,084,0100,2FA,0000
2FB,0000,2FC,0100,2FB,0000,7FF,020B,0000,084,0100,2FB,0000
2FC,0000,2FD,0100,2FC,0000,7FF,020B,0000,084,0100,2FC,0000
2FD,0000,2FE,0100,2FD,0000,7FF,020B,0000,084,0100,2FD,0000
2FE,0000,2FF,0100,2FE,0000,7FF,020B,0000,084,0100,2FE,0000
2FF,0000,300,0100,2FF,0000,7FF,020B,0000,084,0100,2FF,0000
300,0000,301,0100,300,0000,7FF,020B,0000,084,0100,300,0000
301,0000,302,0100,301,0000,7FF,020B,0000,084,0100,301,0000
302,0000,303,0100,302,0000,7FF,020B,0000,084,0100,302,0000
303,0000,304,0100,303,0000,7FF,020B,0000,084,0100,303,0000
304,0000,305,0100,304,0000,7FF,020B,0000,084,0100,304,0000
305,0000,306,0100,305,0000,7FF,020B,0000,084,0100,305,0000
306,0000,307,0100,306,0000,7FF,020B,0000,084,0100,306,0000
307,0000,308,0100,307,0000,7FF,020B,0000,084,0100,307,0000
308,0000,309,0100,308,0000,7FF,020B,0000,084,0100,308,0000
309,0000,30A,0100,309,0000,7FF,020B,0000,084,0100,309,0000
30A,0000,30B,0100,30A,0000,7FF,020B,0000,084,0100,30A,0000
30B,0000,30C,0100,30B,0000,7FF,020B,0000,084,0100,30B,0000
30C,0000,30D,0100,30C,0000,7FF,020B,0000,084,0100,30C,0000
30D,0000,30E,0100,30D,0000,7FF,020B,0000,084,0100,30D,0000
30E,0000,30F,0100,30E,0000,7FF,020B,0000,084,0100,30E,0000
30F,0000,310,0100,30F,0000,7FF,020B,0000,084,0100,30F,0000
310,0000,311,0100,310,0000,7FF,020B,0000,084,0100,310,0000
311,0000,312,0100,311,0000,7FF,020B,0000,084,0100,311,0000
312,0000,313,0100,312,0000,7FF,020B,0000,084,0100,312,0000
313,0000,314,0100,313,0000,7FF,020B,0000,084,0100,313,0000
314,0000,315,0100,314,0000,7FF,020B,0000,084,0100,314,0000
315,0000,316,0100,315,0000,7FF,020B,0000,084,0100,315,0000
316,0000,317,0100,316,0000,7FF,020B,0000,084,0100,316,0000
317,0000,318,0100,317,0000,7FF,020B,0000,084,0100,317,0000
318,0000,319,0100,318,0000,7FF,020B,0000,084,0100,318,0000
319,0000,31A,0100,319,0000,7FF,020B,0000,084,0100,319,0000
31A,0000,31B,0100,31A,0000,7FF,020B,0000,084,0100,31A,0000
31B,0000,31C,0100,31B,0000,7FF,020B,0000,084,0100,31B,0000
31C,0000,31D,0100,31C,0000,7FF,020B,0000,084,0100,31C,0000
31D,0000,31E,0100,31D,0000,7FF,020B,0000,084,0100,31D,0000
31E,0000,31F,0100,31E,0000,7FF,020B,0000,084,0100,31E,0000
31F,0000,320,0100,31F,0000,7FF,020B,0000,084,0100,31F,0000
320,0000,321,0100,320,0000,7FF,020B,0000,084,0100,320,0000
321,0000,322,0100,321,0000,7FF,020B,0000,084,0100,321,0000
322,0000,323,0100,322,0000,7FF,020B,0000,084,0100,322,0000
323,0000,324,0100,323,0000,7FF,020B,0000,084,0100,323,0000
324,0000,325,0100,324,0000,7FF,020B,0000,084,0100,324,0000
325,0000,326,0100,325,0000,7FF,020B,0000,084,0100,325,0000
326,0000,327,0100,326,0000,7FF,020B,0000,084,0100,326,0000
327,0000,328,0100,327,0000,7FF,020B,0000,084,0100,327,0000
328,0000,329,0100,328,0000,7FF,020B,0000,084,0100,328,0000
329,0000,32A,0100,329,0000,7FF,020B,0000,084,0100,329,0000
32A,0000,32B,0100,32A,0000,7FF,020B,0000,084,0100,32A,0000
32B,0000,32C,0100,32B,0000,7FF,020B,0000,084,0100,32B,0000
32C,0000,32D,0100,32C,0000,7FF,020B,0000,084,0100,32C,0000
32D,0000,32E,0100,32D,0000,7FF,020B,0000,084,0100,32D,0000
32E,0000,32F,0100,32E,0000,7FF,020B,0000,084,0100,32E,0000
32F,0000,330,0100,32F,0000,7FF,020B,0000,084,0100,32F,0000
330,0000,331,0100,330,0000,7FF,020B,0000,084,0100,330,0000
331,0000,332,0100,331,0000,7FF,020B,0000,084,0100,331,0000
332,0000,333,0100,332,0000,7FF,020B,0000,084,0100,332,0000
333,0000,334,0100,333,0000,7FF,020B,0000,084,0100,333,0000
334,0000,335,0100,334,0000,7FF,020B,0000,084,0100,334,0000
335,0000,336,0100,335,0000,7FF,020B,0000,084,0100,335,0000
336,0000,337,0100,336,0000,7FF,020B,0000,084,0100,336,0000
337,0000,338,0100,337,0000,7FF,020B,0000,084,0100,337,0000
338,0000,339,0100,338,0000,7FF,020B,0000,084,0100,338,0000
339,0000,33A,0100,339,0000,7FF,020B,0000,084,0100,339,0000
33A,0000,33B,0100,33A,0000,7FF,020B,0000,084,0100,33A,0000
33B,0000,33C,0100,33B,0000,7FF,020B,0000,084,0100,33B,0000
33C,0000,33D,0100,33C,0000,7FF,020B,0000,084,0100,33C,0000
33D,0000,33E,0100,33D,0000,7FF,020B,0000,084,0100,33D,0000
33E,0000,33F,0100,33E,0000,7FF,020B,0000,084,0100,33E,0000
33F,0000,340,0100,33F,0000,7FF,020B,0000,084,0100,33F,0000
340,0000,341,0100,340,0000,7FF,020B,0000,084,0100,340,0000
341,0000,342,0100,341,0000,7FF,020B,0000,084,0100,341,0000
342,0000,343,0100,342,0000,7FF,020B,0000,084,0100,342,0000
343,0000,344,0100,343,0000,7FF,020B,0000,084,0100,343,0000
344,0000,345,0100,344,0000,7FF,020B,0000,084,0100,344,0000
345,0000,346,0100,345,0000,7FF,020B,0000,084,0100,345,0000
346,0000,347,0100,346,0000,7FF,020B,0000,084,0100,346,0000
347,0000,348,0100,347,0000,7FF,020B,0000,084,0100,347,0000
348,0000,349,0100,348,0000,7FF,020B,0000,084,0100,348,0000
349,0000,34A,0100,349,0000,7FF,020B,0000,084,0100,349,0000
34A,0000,34B,0100,34A,0000,7FF,020B,0000,084,0100,34A,0000
34B,0000,34C,0100,34B,0000,7FF,020B,0000,084,0100,34B,0000
34C,0000,34D,0100,34C,0000,7FF,020B,0000,084,0100,34C,0000
34D,0000,34E,0100,34D,0000,7FF,020B,0000,084,0100,34D,0000
34E,0000,34F,0100,34E,0000,7FF,020B,0000,084,0100,34E,0000
34F,0000,350,0100,34F,0000,7FF,020B,0000,084,0100,34F,0000
350,0000,351,0100,350,0000,7FF,020B,0000,084,0100,350,0000
351,0000,352,0100,351,0000,7FF,020B,0000,084,0100,351,0000
352,0000,353,0100,352,0000,7FF,020B,0000,084,0100,352,0000
353,0000,354,0100,353,0000,7FF,020B,0000,084,0100,353,0000
354,0000,355,0100,354,0000,7FF,020B,0000,084,0100,354,0000
355,0000,356,0100,355,0000,7FF,020B,0000,084,0100,355,0000
356,0000,357,0100,356,0000,7FF,020B,0000,084,0100,356,0000
357,0000,358,0100,357,0000,7FF,020B,0000,084,0100,357,0000
358,0000,359,0100,358,0000,7FF,020B,0000,084,0100,358,0000
359,0000,35A,0100,359,0000,7FF,020B,0000,084,0100,359,0000
35A,0000,35B,0100,35A,0000,7FF,020B,0000,084,0100,35A,0000
35B,0000,35C,0100,35B,0000,7FF,020B,0000,084,0100,35B,0000
35C,0000,35D,0100,35C,0000,7FF,020B,0000,084,0100,35C,0000
35D,0000,35E,0100,35D,0000,7FF,020B,0000,084,0100,35D,0000
35E,0000,35F,0100,35E,0000,7FF,020B,0000,084,0100,35E,0000
35F,0000,360,0100,35F,0000,7FF,020B,0000,084,0100,35F,0000
360,0000,361,0100,360,0000,7FF,020B,0000,084,0100,360,0000
361,0000,362,0100,361,0000,7FF,020B,0000,084,0100,361,0000
362,0000,363,0100,362,0000,7FF,020B,0000,084,0100,362,0000
363,0000,364,0100,363,0000,7FF,020B,0000,084,0100,363,0000
364,0000,365,0100,364,0000,7FF,020B,0000,084,0100,364,0000
365,0000,366,0100,365,0000,7FF,020B,0000,084,0100,365,0000
366,0000,367,0100,366,0000,7FF,020B,0000,084,0100,366,0000
367,0000,368,0100,367,0000,7FF,020B,0000,084,0100,367,0000
368,0000,369,0100,368,0000,7FF,020B,0000,084,0100,368,0000
369,0000,36A,0100,369,0000,7FF,020B,0000,084,0100,369,0000
36A,0000,36B,0100,36A,0000,7FF,020B,0000,084,0100,36A,0000
36B,0000,36C,0100,36B,0000,7FF,020B,0000,084,0100,36B,0000
36C,0000,36D,0100,36C,0000,7FF,020B,0000,084,0100,36C,0000
36D,0000,36E,0100,36D,0000,7FF,020B,0000,084,0100,36D,0000
36E,0000,36F,0100,36E,0000,7FF,020B,0000,084,0100,36E,0000
36F,0000,370,0100,36F,0000,7FF,020B,0000,084,0100,36F,0000
370,0000,371,0100,370,0000,7FF,020B,0000,084,0100,370,0000
371,0000,372,0100,371,0000,7FF,020B,0000,084,0100,371,0000
372,0000,373,0100,372,0000,7FF,020B,0000,084,0100,372,0000
373,0000,374,0100,373,0000,7FF,020B,0000,084,0100,373,0000
374,0000,375,0100,374,0000,7FF,020B,0000,084,0100,374,0000
375,0000,376,0100,375,0000,7FF,020B,0000,084,0100,375,0000
376,0000,377,0100,376,0000,7FF,020B,0000,084,0100,376,0000
377,0000,378,0100,377,0000,7FF,020B,0000,084,0100,377,0000
378,0000,379,0100,378,0000,7FF,020B,0000,084,0100,378,0000
379,0000,37A,0100,379,0000,7FF,020B,0000,084,0100,379,0000
37A,0000,37B,0100,37A,0000,7FF,020B,0000,084,0100,37A,0000
37B,0000,37C,0100,37B,0000,7FF,020B,0000,084,0100,37B,0000
37C,0000,37D,0100,37C,0000,7FF,020B,0000,084,0100,37C,0000
37D,0000,37E,0100,37D,0000,7FF,020B,0000,084,0100,37D,0000
37E,0000,37F,0100,37E,0000,7FF,020B,0000,084,0100,37E,0000
37F,0000,380,0100,37F,0000,7FF,020B,0000,084,0100,37F,0000
380,0000,381,0100,380,0000,7FF,020B,0000,084,0100,380,0000
381,0000,382,0100,381,0000,7FF,020B,0000,084,0100,381,0000
382,0000,383,0100,382,0000,7FF,020B,0000,084,0100,382,0000
383,0000,384,0100,383,0000,7FF,020B,0000,084,0100,383,0000
384,0000,385,0100,384,0000,7FF,020B,0000,084,0100,384,0000
385,0000,386,0100,385,0000,7FF,020B,0000,084,0100,385,0000
386,0000,387,0100,386,0000,7FF,020B,0000,084,0100,386,0000
387,0000,388,0100,387,0000,7FF,020B,0000,084,0100,387,0000
388,0000,389,0100,388,0000,7FF,020B,0000,084,0100,388,0000
389,0000,38A,0100,389,0000,7FF,020B,0000,084,0100,389,0000
38A,0000,38B,0100,38A,0000,7FF,020B,0000,084,0100,38A,0000
38B,0000,38C,0100,38B,0000,7FF,020B,0000,084,0100,38B,0000
38C,0000,38D,0100,38C,0000,7FF,020B,0000,084,0100,38C,0000
38D,0000,38E,0100,38D,0000,7FF,020B,0000,084,0100,38D,0000
38E,0000,38F,0100,38E,0000,7FF,020B,0000,084,0100,38E,0000
38F,0000,390,0100,38F,0000,7FF,020B,0000,084,0100,38F,0000
390,0000,391,0100,390,0000,7FF,020B,0000,084,0100,390,0000
391,0000,392,0100,391,0000,7FF,020B,0000,084,0100,391,0000
392,0000,393,0100,392,0000,7FF,020B,0000,084,0100,392,0000
393,0000,394,0100,393,0000,7FF,020B,0000,084,0100,393,0000
394,0000,395,0100,394,0000,7FF,020B,0000,084,0100,394,0000
395,0000,396,0100,395,0000,7FF,020B,0000,084,0100,395,0000
396,0000,397,0100,396,0000,7FF,020B,0000,084,0100,396,0000
397,0000,398,0100,397,0000,7FF,020B,0000,084,0100,397,0000
398,0000,399,0100,398,0000,7FF,020B,0000,084,0100,398,0000
399,0000,39A,0100,399,0000,7FF,020B,0000,084,0100,399,0000
39A,0000,39B,0100,39A,0000,7FF,020B,0000,084,0100,39A,0000
39B,0000,39C,0100,39B,0000,7FF,020B,0000,084,0100,39B,0000
39C,0000,39D,0100,39C,0000,7FF,020B,0000,084,0100,39C,0000
39D,0000,39E,0100,39D,0000,7FF,020B,0000,084,0100,39D,0000
39E,0000,39F,0100,39E,0000,7FF,020B,0000,084,0100,39E,0000
39F,0000,3A0,0100,39F,0000,7FF,020B,0000,084,0100,39F,0000
3A0,0000,3A1,0100,3A0,0000,7FF,020B,0000,084,0100,3A0,0000
3A1,0000,3A2,0100,3A1,0000,7FF,020B,0000,084,0100,3A1,0000
3A2,0000,3A3,0100,3A2,0000,7FF,020B,0000,084,0100,3A2,0000
3A3,0000,3A4,0100,3A3,0000,7FF,020B,0000,084,0100,3A3,0000
3A4,0000,3A5,0100,3A4,0000,7FF,020B,0000,084,0100,3A4,0000
3A5,0000,3A6,0100,3A5,0000,7FF,020B,0000,084,0100,3A5,0000
3A6,0000,3A7,0100,3A6,0000,7FF,020B,0000,084,0100,3A6,0000
3A7,0000,3A8,0100,3A7,0000,7FF,020B,0000,084,0100,3A7,0000
3A8,0000,3A9,0100,3A8,0000,7FF,020B,0000,084,0100,3A8,0000
3A9,0000,3AA,0100,3A9,0000,7FF,020B,0000,084,0100,3A9,0000
3AA,0000,3AB,0100,3AA,0000,7FF,020B,0000,084,0100,3AA,0000
3AB,0000,3AC,0100,3AB,0000,7FF,020B,0000,084,0100,3AB,0000
3AC,0000,3AD,0100,3AC,0000,7FF,020B,0000,084,0100,3AC,0000
3AD,0000,3AE,0100,3AD,0000,7FF,020B,0000,084,0100,3AD,0000
3AE,0000,3AF,0100,3AE,0000,7FF,020B,0000,084,0100,3AE,0000
3AF,0000,3B0,0100,3AF,0000,7FF,020B,0000,084,0100,3AF,0000
3B0,0000,3B1,0100,3B0,0000,7FF,020B,0000,084,0100,3B0,0000
3B1,0000,3B2,0100,3B1,0000,7FF,020B,0000,084,0100,3B1,0000
3B2,0000,3B3,0100,3B2,0000,7FF,020B,0000,084,0100,3B2,0000
3B3,0000,3B4,0100,3B3,0000,7FF,020B,0000,084,0100,3B3,0000
3B4,0000,3B5,0100,3B4,0000,7FF,020B,0000,084,0100,3B4,0000
3B5,0000,3B6,0100,3B5,0000,7FF,020B,0000,084,0100,3B5,0000
3B6,0000,3B7,0100,3B6,0000,7FF,020B,0000,084,0100,3B6,0000
3B7,0000,3B8,0100,3B7,0000,7FF,020B,0000,084,0100,3B7,0000
3B8,0000,3B9,0100,3B8,0000,7FF,020B,0000,084,0100,3B8,0000
3B9,0000,3BA,0100,3B9,0000,7FF,020B,0000,084,0100,3B9,0000
3BA,0000,3BB,0100,3BA,0000,7FF,020B,0000,084,0100,3BA,0000
3BB,0000,3BC,0100,3BB,0000,7FF,020B,0000,084,0100,3BB,0000
3BC,0000,3BD,0100,3BC,0000,7FF,020B,0000,084,0100,3BC,0000
3BD,0000,3BE,0100,3BD,0000,7FF,020B,0000,084,0100,3BD,0000
3BE,0000,3BF,0100,3BE,0000,7FF,020B,0000,084,0100,3BE,0000
3BF,0000,3C0,0100,3BF,0000,7FF,020B,0000,084,0100,3BF,0000
3C0,0000,3C1,0100,3C0,0000,7FF,020B,0000,084,0100,3C0,0000
3C1,0000,3C2,0100,3C1,0000,7FF,020B,0000,084,0100,3C1,0000
3C2,0000,3C3,0100,3C2,0000,7FF,020B,0000,084,0100,3C2,0000
3C3,0000,3C4,0100,3C3,0000,7FF,020B,0000,084,0100,3C3,0000
3C4,0000,3C5,0100,3C4,0000,7FF,020B,0000,084,0100,3C4,0000
3C5,0000,3C6,0100,3C5,0000,7FF,020B,0000,084,0100,3C5,0000
3C6,0000,3C7,0100,3C6,0000,7FF,020B,0000,084,0100,3C6,0000
3C7,0000,3C8,0100,3C7,0000,7FF,020B,0000,084,0100,3C7,0000
3C8,0000,3C9,0100,3C8,0000,7FF,020B,0000,084,0100,3C8,0000
3C9,0000,3CA,0100,3C9,0000,7FF,020B,0000,084,0100,3C9,0000
3CA,0000,3CB,0100,3CA,0000,7FF,020B,0000,084,0100,3CA,0000
3CB,0000,3CC,0100,3CB,0000,7FF,020B,0000,084,0100,3CB,0000
3CC,0000,3CD,0100,3CC,0000,7FF,020B,0000,084,0100,3CC,0000
3CD,0000,3CE,0100,3CD,0000,7FF,020B,0000,084,0100,3CD,0000
3CE,0000,3CF,0100,3CE,0000,7FF,020B,0000,084,0100,3CE,0000
3CF,0000,3D0,0100,3CF,0000,7FF,020B,0000,084,0100,3CF,0000
3D0,0000,3D1,0100,3D0,0000,7FF,020B,0000,084,0100,3D0,0000
3D1,0000,3D2,0100,3D1,0000,7FF,020B,0000,084,0100,3D1,0000
3D2,0000,3D3,0100,3D2,0000,7FF,020B,0000,084,0100,3D2,0000
3D3,0000,3D4,0100,3D3,0000,7FF,020B,0000,084,0100,3D3,0000
3D4,0000,3D5,0100,3D4,0000,7FF,020B,0000,084,0100,3D4,0000
3D5,0000,3D6,0100,3D5,0000,7FF,020B,0000,084,0100,3D5,0000
3D6,0000,3D7,0100,3D6,0000,7FF,020B,0000,084,0100,3D6,0000
3D7,0000,3D8,0100,3D7,0000,7FF,020B,0000,084,0100,3D7,0000
3D8,0000,3D9,0100,3D8,0000,7FF,020B,0000,084,0100,3D8,0000
3D9,0000,3DA,0100,3D9,0000,7FF,020B,0000,084,0100,3D9,0000
3DA,0000,3DB,0100,3DA,0000,7FF,020B,0000,084,0100,3DA,0000
3DB,0000,3DC,0100,3DB,0000,7FF,020B,0000,084,0100,3DB,0000
3DC,0000,3DD,0100,3DC,0000,7FF,020B,0000,084,0100,3DC,0000
3DD,0000,3DE,0100,3DD,0000,7FF,020B,0000,084,0100,3DD,0000
3DE,0000,3DF,0100,3DE,0000,7FF,020B,0000,084,0100,3DE,0000
3DF,0000,3E0,0100,3DF,0000,7FF,020B,0000,084,0100,3DF,0000
3E0,0000,3E1,0100,3E0,0000,7FF,020B,0000,084,0100,3E0,0000
3E1,0000,3E2,0100,3E1,0000,7FF,020B,0000,084,0100,3E1,0000
3E2,0000,3E3,0100,3E2,0000,7FF,020B,0000,084,0100,3E2,0000
3E3,0000,3E4,0100,3E3,0000,7FF,020B,0000,084,0100,3E3,0000
3E4,0000,3E5,0100,3E4,0000,7FF,020B,0000,084,0100,3E4,0000
3E5,0000,3E6,0100,3E5,0000,7FF,020B,0000,084,0100,3E5,0000
3E6,0000,3E7,0100,3E6,0000,7FF,020B,0000,084,0100,3E6,0000
3E7,0000,3E8,0100,3E7,0000,7FF,020B,0000,084,0100,3E7,0000
3E8,0000,3E9,0100,3E8,0000,7FF,020B,0000,084,0100,3E8,0000
3E9,0000,3EA,0100,3E9,0000,7FF,020B,0000,084,0100,3E9,0000
3EA,0000,3EB,0100,3EA,0000,7FF,020B,0000,084,0100,3EA,0000
3EB,0000,3EC,0100,3EB,0000,7FF,020B,0000,084,0100,3EB,0000
3EC,0000,3ED,0100,3EC,0000,7FF,020B,0000,084,0100,3EC,0000
3ED,0000,3EE,0100,3ED,0000,7FF,020B,0000,084,0100,3ED,0000
3EE,0000,3EF,0100,3EE,0000,7FF,020B,0000,084,0100,3EE,0000
3EF,0000,3F0,0100,3EF,0000,7FF,020B,0000,084,0100,3EF,0000
3F0,0000,3F1,0100,3F0,0000,7FF,020B,0000,084,0100,3F0,0000
3F1,0000,3F2,0100,3F1,0000,7FF,020B,0000,084,0100,3F1,0000
3F2,0000,3F3,0100,3F2,0000,7FF,020B,0000,084,0100,3F2,0000
3F3,0000,3F4,0100,3F3,0000,7FF,020B,0000,084,0100,3F3,0000
3F4,0000,3F5,0100,3F4,0000,7FF,020B,0000,084,0100,3F4,0000
3F5,0000,3F6,0100,3F5,0000,7FF,020B,0000,084,0100,3F5,0000
3F6,0000,3F7,0100,3F6,0000,7FF,020B,0000,084,0100,3F6,0000
3F7,0000,3F8,0100,3F7,0000,7FF,020B,0000,084,0100,3F7,0000
3F8,0000,3F9,0100,3F8,0000,7FF,020B,0000,084,0100,3F8,0000
3F9,0000,3FA,0100,3F9,0000,7FF,020B,0000,084,0100,3F9,0000
3FA,0000,3FB,0100,3FA,0000,7FF,020B,0000,084,0100,3FA,0000
3FB,0000,3FC,0100,3FB,0000,7FF,020B,0000,084,0100,3FB,0000
3FC,0000,3FD,0100,3FC,0000,7FF,020B,0000,084,0100,3FC,0000
3FD,0000,3FE,0100,3FD,0000,7FF,020B,0000,084,0100,3FD,0000
3FE,0000,3FF,0100,3FE,0000,7FF,020B,0000,084,0100,3FE,0000
3FF,0000,400,0100,3FF,0000,7FF,020B,0000,084,0100,3FF,0000
400,0000,401,0100,400,0000,7FF,020B,0000,084,0100,400,0000
401,0000,402,0100,401,0000,7FF,020B,0000,084,0100,401,0000
402,0000,403,0100,402,0000,7FF,020B,0000,084,0100,402,0000
403,0000,404,0100,403,0000,7FF,020B,0000,084,0100,403,0000
404,0000,405,0100,404,0000,7FF,020B,0000,084,0100,404,0000
405,0000,406,0100,405,0000,7FF,020B,0000,084,0100,405,0000
406,0000,407,0100,406,0000,7FF,020B,0000,084,0100,406,0000
407,0000,408,0100,407,0000,7FF,020B,0000,084,0100,407,0000
408,0000,409,0100,408,0000,7FF,020B,0000,084,0100,408,0000
409,0000,40A,0100,409,0000,7FF,020B,0000,084,0100,409,0000
40A,0000,40B,0100,40A,0000,7FF,020B,0000,084,0100,40A,0000
40B,0000,40C,0100,40B,0000,7FF,020B,0000,084,0100,40B,0000
40C,0000,40D,0100,40C,0000,7FF,020B,0000,084,0100,40C,0000
40D,0000,40E,0100,40D,0000,7FF,020B,0000,084,0100,40D,0000
40E,0000,40F,0100,40E,0000,7FF,020B,0000,084,0100,40E,0000
40F,0000,410,0100,40F,0000,7FF,020B,0000,084,0100,40F,0000
410,0000,411,0100,410,0000,7FF,020B,0000,084,0100,410,0000
411,0000,412,0100,411,0000,7FF,020B,0000,084,0100,411,0000
412,0000,413,0100,412,0000,7FF,020B,0000,084,0100,412,0000
413,0000,414,0100,413,0000,7FF,020B,0000,084,0100,413,0000
414,0000,415,0100,414,0000,7FF,020B,0000,084,0100,414,0000
415,0000,416,0100,415,0000,7FF,020B,0000,084,0100,415,0000
416,0000,417,0100,416,0000,7FF,020B,0000,084,0100,416,0000
417,0000,418,0100,417,0000,7FF,020B,0000,084,0100,417,0000
418,0000,419,0100,418,0000,7FF,020B,0000,084,0100,418,0000
419,0000,41A,0100,419,0000,7FF,020B,0000,084,0100,419,0000
41A,0000,41B,0100,41A,0000,7FF,020B,0000,084,0100,41A,0000
41B,0000,41C,0100,41B,0000,7FF,020B,0000,084,0100,41B,0000
41C,0000,41D,0100,41C,0000,7FF,020B,0000,084,0100,41C,0000
41D,0000,41E,0100,41D,0000,7FF,020B,0000,084,0100,41D,0000
41E,0000,41F,0100,41E,0000,7FF,020B,0000,084,0100,41E,0000
41F,0000,420,0100,41F,0000,7FF,020B,0000,084,0100,41F,0000
420,0000,421,0100,420,0000,7FF,020B,0000,084,0100,420,0000
421,0000,422,0100,421,0000,7FF,020B,0000,084,0100,421,0000
422,0000,423,0100,422,0000,7FF,020B,0000,084,0100,422,0000
423,0000,424,0100,423,0000,7FF,020B,0000,084,0100,423,0000
424,0000,425,0100,424,0000,7FF,020B,0000,084,0100,424,0000
425,0000,426,0100,425,0000,7FF,020B,0000,084,0100,425,0000
426,0000,427,0100,426,0000,7FF,020B,0000,084,0100,426,0000
427,0000,428,0100,427,0000,7FF,020B,0000,084,0100,427,0000
428,0000,429,0100,428,0000,7FF,020B,0000,084,0100,428,0000
429,0000,42A,0100,429,0000,7FF,020B,0000,084,0100,429,0000
42A,0000,42B,0100,42A,0000,7FF,020B,0000,084,0100,42A,0000
42B,0000,42C,0100,42B,0000,7FF,020B,0000,084,0100,42B,0000
42C,0000,42D,0100,42C,0000,7FF,020B,0000,084,0100,42C,0000
42D,0000,42E,0100,42D,0000,7FF,020B,0000,084,0100,42D,0000
42E,0000,42F,0100,42E,0000,7FF,020B,0000,084,0100,42E,0000
42F,0000,430,0100,42F,0000,7FF,020B,0000,084,0100,42F,0000
430,0000,431,0100,430,0000,7FF,020B,0000,084,0100,430,0000
431,0000,432,0100,431,0000,7FF,020B,0000,084,0100,431,0000
432,0000,433,0100,432,0000,7FF,020B,0000,084,0100,432,0000
433,0000,434,0100,433,0000,7FF,020B,0000,084,0100,433,0000
434,0000,435,0100,434,0000,7FF,020B,0000,084,0100,434,0000
435,0000,436,0100,435,0000,7FF,020B,0000,084,0100,435,0000
436,0000,437,0100,436,0000,7FF,020B,0000,084,0100,436,0000
437,0000,438,0100,437,0000,7FF,020B,0000,084,0100,437,0000
438,0000,439,0100,438,0000,7FF,020B,0000,084,0100,438,0000
439,0000,43A,0100,439,0000,7FF,020B,0000,084,0100,439,0000
43A,0000,43B,0100,43A,0000,7FF,020B,0000,084,0100,43A,0000
43B,0000,43C,0100,43B,0000,7FF,020B,0000,084,0100,43B,0000
43C,0000,43D,0100,43C,0000,7FF,020B,0000,084,0100,43C,0000
43D,0000,43E,0100,43D,0000,7FF,020B,0000,084,0100,43D,0000
43E,0000,43F,0100,43E,0000,7FF,020B,0000,084,0100,43E,0000
43F,0000,440,0100,43F,0000,7FF,020B,0000,084,0100,43F,0000
440,0000,441,0100,440,0000,7FF,020B,0000,084,0100,440,0000
441,0000,442,0100,441,0000,7FF,020B,0000,084,0100,441,0000
442,0000,443,0100,442,0000,7FF,020B,0000,084,0100,442,0000
443,0000,444,0100,443,0000,7FF,020B,0000,084,0100,443,0000
444,0000,445,0100,444,0000,7FF,020B,0000,084,0100,444,0000
445,0000,446,0100,445,0000,7FF,020B,0000,084,0100,445,0000
446,0000,447,0100,446,0000,7FF,020B,0000,084,0100,446,0000
447,0000,448,0100,447,0000,7FF,020B,0000,084,0100,447,0000
448,0000,449,0100,448,0000,7FF,020B,0000,084,0100,448,0000
449,0000,44A,0100,449,0000,7FF,020B,0000,084,0100,449,0000
44A,0000,44B,0100,44A,0000,7FF,020B,0000,084,0100,44A,0000
44B,0000,44C,0100,44B,0000,7FF,020B,0000,084,0100,44B,0000
44C,0000,44D,0100,44C,0000,7FF,020B,0000,084,0100,44C,0000
44D,0000,44E,0100,44D,0000,7FF,020B,0000,084,0100,44D,0000
44E,0000,44F,0100,44E,0000,7FF,020B,0000,084,0100,44E,0000
44F,0000,450,0100,44F,0000,7FF,020B,0000,084,0100,44F,0000
450,0000,451,0100,450,0000,7FF,020B,0000,084,0100,450,0000
451,0000,452,0100,451,0000,7FF,020B,0000,084,0100,451,0000
452,0000,453,0100,452,0000,7FF,020B,0000,084,0100,452,0000
453,0000,454,0100,453,0000,7FF,020B,0000,084,0100,453,0000
454,0000,455,0100,454,0000,7FF,020B,0000,084,0100,454,0000
455,0000,456,0100,455,0000,7FF,020B,0000,084,0100,455,0000
456,0000,457,0100,456,0000,7FF,020B,0000,084,0100,456,0000
457,0000,458,0100,457,0000,7FF,020B,0000,084,0100,457,0000
458,0000,459,0100,458,0000,7FF,020B,0000,084,0100,458,0000
459,0000,45A,0100,459,0000,7FF,020B,0000,084,0100,459,0000
45A,0000,45B,0100,45A,0000,7FF,020B,0000,084,0100,45A,0000
45B,0000,45C,0100,45B,0000,7FF,020B,0000,084,0100,45B,0000
45C,0000,45D,0100,45C,0000,7FF,020B,0000,084,0100,45C,0000
45D,0000,45E,0100,45D,0000,7FF,020B,0000,084,0100,45D,0000
45E,0000,45F,0100,45E,0000,7FF,020B,0000,084,0100,45E,0000
45F,0000,460,0100,45F,0000,7FF,020B,0000,084,0100,45F,0000
460,0000,461,0100,460,0000,7FF,020B,0000,084,0100,460,0000
461,0000,462,0100,461,0000,7FF,020B,0000,084,0100,461,0000
462,0000,463,0100,462,0000,7FF,020B,0000,084,0100,462,0000
463,0000,464,0100,463,0000,7FF,020B,0000,084,0100,463,0000
464,0000,465,0100,464,0000,7FF,020B,0000,084,0100,464,0000
465,0000,466,0100,465,0000,7FF,020B,0000,084,0100,465,0000
466,0000,467,0100,466,0000,7FF,020B,0000,084,0100,466,0000
467,0000,468,0100,467,0000,7FF,020B,0000,084,0100,467,0000
468,0000,469,0100,468,0000,7FF,020B,0000,084,0100,468,0000
469,0000,46A,0100,469,0000,7FF,020B,0000,084,0100,469,0000
46A,0000,46B,0100,46A,0000,7FF,020B,0000,084,0100,46A,0000
46B,0000,46C,0100,46B,0000,7FF,020B,0000,084,0100,46B,0000
46C,0000,46D,0100,46C,0000,7FF,020B,0000,084,0100,46C,0000
46D,0000,46E,0100,46D,0000,7FF,020B,0000,084,0100,46D,0000
46E,0000,46F,0100,46E,0000,7FF,020B,0000,084,0100,46E,0000
46F,0000,470,0100,46F,0000,7FF,020B,0000,084,0100,46F,0000
470,0000,471,0100,470,0000,7FF,020B,0000,084,0100,470,0000
471,0000,472,0100,471,0000,7FF,020B,0000,084,0100,471,0000
472,0000,473,0100,472,0000,7FF,020B,0000,084,0100,472,0000
473,0000,474,0100,473,0000,7FF,020B,0000,084,0100,473,0000
474,0000,475,0100,474,0000,7FF,020B,0000,084,0100,474,0000
475,0000,476,0100,475,0000,7FF,020B,0000,084,0100,475,0000
476,0000,477,0100,476,0000,7FF,020B,0000,084,0100,476,0000
477,0000,478,0100,477,0000,7FF,020B,0000,084,0100,477,0000
478,0000,479,0100,478,0000,7FF,020B,0000,084,0100,478,0000
479,0000,47A,0100,479,0000,7FF,020B,0000,084,0100,479,0000
47A,0000,47B,0100,47A,0000,7FF,020B,0000,084,0100,47A,0000
47B,0000,47C,0100,47B,0000,7FF,020B,0000,084,0100,47B,0000
47C,0000,47D,0100,47C,0000,7FF,020B,0000,084,0100,47C,0000
47D,0000,47E,0100,47D,0000,7FF,020B,0000,084,0100,47D,0000
47E,0000,47F,0100,47E,0000,7FF,020B,0000,084,0100,47E,0000
47F,0000,480,0100,47F,0000,7FF,020B,0000,084,0100,47F,0000
480,0000,481,0100,480,0000,7FF,020B,0000,084,0100,480,0000
481,0000,482,0100,481,0000,7FF,020B,0000,084,0100,481,0000
482,0000,483,0100,482,0000,7FF,020B,0000,084,0100,482,0000
483,0000,484,0100,483,0000,7FF,020B,0000,084,0100,483,0000
484,0000,485,0100,484,0000,7FF,020B,0000,084,0100,484,0000
485,0000,486,0100,485,0000,7FF,020B,0000,084,0100,485,0000
486,0000,487,0100,486,0000,7FF,020B,0000,084,0100,486,0000
487,0000,488,0100,487,0000,7FF,020B,0000,084,0100,487,0000
488,0000,489,0100,488,0000,7FF,020B,0000,084,0100,488,0000
489,0000,48A,0100,489,0000,7FF,020B,0000,084,0100,489,0000
48A,0000,48B,0100,48A,0000,7FF,020B,0000,084,0100,48A,0000
48B,0000,48C,0100,48B,0000,7FF,020B,0000,084,0100,48B,0000
48C,0000,48D,0100,48C,0000,7FF,020B,0000,084,0100,48C,0000
48D,0000,48E,0100,48D,0000,7FF,020B,0000,084,0100,48D,0000
48E,0000,48F,0100,48E,0000,7FF,020B,0000,084,0100,48E,0000
48F,0000,490,0100,48F,0000,7FF,020B,0000,084,0100,48F,0000
490,0000,491,0100,490,0000,7FF,020B,0000,084,0100,490,0000
491,0000,492,0100,491,0000,7FF,020B,0000,084,0100,491,0000
492,0000,493,0100,492,0000,7FF,020B,0000,084,0100,492,0000
493,0000,494,0100,493,0000,7FF,020B,0000,084,0100,493,0000
494,0000,495,0100,494,0000,7FF,020B,0000,084,0100,494,0000
495,0000,496,0100,495,0000,7FF,020B,0000,084,0100,495,0000
496,0000,497,0100,496,0000,7FF,020B,0000,084,0100,496,0000
497,0000,498,0100,497,0000,7FF,020B,0000,084,0100,497,0000
498,0000,499,0100,498,0000,7FF,020B,0000,084,0100,498,0000
499,0000,49A,0100,499,0000,7FF,020B,0000,084,0100,499,0000
49A,0000,49B,0100,49A,0000,7FF,020B,0000,084,0100,49A,0000
49B,0000,49C,0100,49B,0000,7FF,020B,0000,084,0100,49B,0000
49C,0000,49D,0100,49C,0000,7FF,020B,0000,084,0100,49C,0000
49D,0000,49E,0100,49D,0000,7FF,020B,0000,084,0100,49D,0000
49E,0000,49F,0100,49E,0000,7FF,020B,0000,084,0100,49E,0000
49F,0000,4A0,0100,49F,0000,7FF,020B,0000,084,0100,49F,0000
4A0,0000,4A1,0100,4A0,0000,7FF,020B,0000,084,0100,4A0,0000
4A1,0000,4A2,0100,4A1,0000,7FF,020B,0000,084,0100,4A1,0000
4A2,0000,4A3,0100,4A2,0000,7FF,020B,0000,084,0100,4A2,0000
4A3,0000,4A4,0100,4A3,0000,7FF,020B,0000,084,0100,4A3,0000
4A4,0000,4A5,0100,4A4,0000,7FF,020B,0000,084,0100,4A4,0000
4A5,0000,4A6,0100,4A5,0000,7FF,020B,0000,084,0100,4A5,0000
4A6,0000,4A7,0100,4A6,0000,7FF,020B,0000,084,0100,4A6,0000
4A7,0000,4A8,0100,4A7,0000,7FF,020B,0000,084,0100,4A7,0000
4A8,0000,4A9,0100,4A8,0000,7FF,020B,0000,084,0100,4A8,0000
4A9,0000,4AA,0100,4A9,0000,7FF,020B,0000,084,0100,4A9,0000
4AA,0000,4AB,0100,4AA,0000,7FF,020B,0000,084,0100,4AA,0000
4AB,0000,4AC,0100,4AB,0000,7FF,020B,0000,084,0100,4AB,0000
4AC,0000,4AD,0100,4AC,0000,7FF,020B,0000,084,0100,4AC,0000
4AD,0000,4AE,0100,4AD,0000,7FF,020B,0000,084,0100,4AD,0000
4AE,0000,4AF,0100,4AE,0000,7FF,020B,0000,084,0100,4AE,0000
4AF,0000,4B0,0100,4AF,0000,7FF,020B,0000,084,0100,4AF,0000
4B0,0000,4B1,0100,4B0,0000,7FF,020B,0000,084,0100,4B0,0000
4B1,0000,4B2,0100,4B1,0000,7FF,020B,0000,084,0100,4B1,0000
4B2,0000,4B3,0100,4B2,0000,7FF,020B,0000,084,0100,4B2,0000
4B3,0000,4B4,0100,4B3,0000,7FF,020B,0000,084,0100,4B3,0000
4B4,0000,4B5,0100,4B4,0000,7FF,020B,0000,084,0100,4B4,0000
4B5,0000,4B6,0100,4B5,0000,7FF,020B,0000,084,0100,4B5,0000
4B6,0000,4B7,0100,4B6,0000,7FF,020B,0000,084,0100,4B6,0000
4B7,0000,4B8,0100,4B7,0000,7FF,020B,0000,084,0100,4B7,0000
4B8,0000,4B9,0100,4B8,0000,7FF,020B,0000,084,0100,4B8,0000
4B9,0000,4BA,0100,4B9,0000,7FF,020B,0000,084,0100,4B9,0000
4BA,0000,4BB,0100,4BA,0000,7FF,020B,0000,084,0100,4BA,0000
4BB,0000,4BC,0100,4BB,0000,7FF,020B,0000,084,0100,4BB,0000
4BC,0000,4BD,0100,4BC,0000,7FF,020B,0000,084,0100,4BC,0000
4BD,0000,4BE,0100,4BD,0000,7FF,020B,0000,084,0100,4BD,0000
4BE,0000,4BF,0100,4BE,0000,7FF,020B,0000,084,0100,4BE,0000
4BF,0000,4C0,0100,4BF,0000,7FF,020B,0000,084,0100,4BF,0000
4C0,0000,4C1,0100,4C0,0000,7FF,020B,0000,084,0100,4C0,0000
4C1,0000,4C2,0100,4C1,0000,7FF,020B,0000,084,0100,4C1,0000
4C2,0000,4C3,0100,4C2,0000,7FF,020B,0000,084,0100,4C2,0000
4C3,0000,4C4,0100,4C3,0000,7FF,020B,0000,084,0100,4C3,0000
4C4,0000,4C5,0100,4C4,0000,7FF,020B,0000,084,0100,4C4,0000
4C5,0000,4C6,0100,4C5,0000,7FF,020B,0000,084,0100,4C5,0000
4C6,0000,4C7,0100,4C6,0000,7FF,020B,0000,084,0100,4C6,0000
4C7,0000,4C8,0100,4C7,0000,7FF,020B,0000,084,0100,4C7,0000
4C8,0000,4C9,0100,4C8,0000,7FF,020B,0000,084,0100,4C8,0000
4C9,0000,4CA,0100,4C9,0000,7FF,020B,0000,084,0100,4C9,0000
4CA,0000,4CB,0100,4CA,0000,7FF,020B,0000,084,0100,4CA,0000
4CB,0000,4CC,0100,4CB,0000,7FF,020B,0000,084,0100,4CB,0000
4CC,0000,4CD,0100,4CC,0000,7FF,020B,0000,084,0100,4CC,0000
4CD,0000,4CE,0100,4CD,0000,7FF,020B,0000,084,0100,4CD,0000
4CE,0000,4CF,0100,4CE,0000,7FF,020B,0000,084,0100,4CE,0000
4CF,0000,4D0,0100,4CF,0000,7FF,020B,0000,084,0100,4CF,0000
4D0,0000,4D1,0100,4D0,0000,7FF,020B,0000,084,0100,4D0,0000
4D1,0000,4D2,0100,4D1,0000,7FF,020B,0000,084,0100,4D1,0000
4D2,0000,4D3,0100,4D2,0000,7FF,020B,0000,084,0100,4D2,0000
4D3,0000,4D4,0100,4D3,0000,7FF,020B,0000,084,0100,4D3,0000
4D4,0000,4D5,0100,4D4,0000,7FF,020B,0000,084,0100,4D4,0000
4D5,0000,4D6,0100,4D5,0000,7FF,020B,0000,084,0100,4D5,0000
4D6,0000,4D7,0100,4D6,0000,7FF,020B,0000,084,0100,4D6,0000
4D7,0000,4D8,0100,4D7,0000,7FF,020B,0000,084,0100,4D7,0000
4D8,0000,4D9,0100,4D8,0000,7FF,020B,0000,084,0100,4D8,0000
4D9,0000,4DA,0100,4D9,0000,7FF,020B,0000,084,0100,4D9,0000
4DA,0000,4DB,0100,4DA,0000,7FF,020B,0000,084,0100,4DA,0000
4DB,0000,4DC,0100,4DB,0000,7FF,020B,0000,084,0100,4DB,0000
4DC,0000,4DD,0100,4DC,0000,7FF,020B,0000,084,0100,4DC,0000
4DD,0000,4DE,0100,4DD,0000,7FF,020B,0000,084,0100,4DD,0000
4DE,0000,4DF,0100,4DE,0000,7FF,020B,0000,084,0100,4DE,0000
4DF,0000,4E0,0100,4DF,0000,7FF,020B,0000,084,0100,4DF,0000
4E0,0000,4E1,0100,4E0,0000,7FF,020B,0000,084,0100,4E0,0000
4E1,0000,4E2,0100,4E1,0000,7FF,020B,0000,084,0100,4E1,0000
4E2,0000,4E3,0100,4E2,0000,7FF,020B,0000,084,0100,4E2,0000
4E3,0000,4E4,0100,4E3,0000,7FF,020B,0000,084,0100,4E3,0000
4E4,0000,4E5,0100,4E4,0000,7FF,020B,0000,084,0100,4E4,0000
4E5,0000,4E6,0100,4E5,0000,7FF,020B,0000,084,0100,4E5,0000
4E6,0000,4E7,0100,4E6,0000,7FF,020B,0000,084,0100,4E6,0000
4E7,0000,4E8,0100,4E7,0000,7FF,020B,0000,084,0100,4E7,0000
4E8,0000,4E9,0100,4E8,0000,7FF,020B,0000,084,0100,4E8,0000
4E9,0000,4EA,0100,4E9,0000,7FF,020B,0000,084,0100,4E9,0000
4EA,0000,4EB,0100,4EA,0000,7FF,020B,0000,084,0100,4EA,0000
4EB,0000,4EC,0100,4EB,0000,7FF,020B,0000,084,0100,4EB,0000
4EC,0000,4ED,0100,4EC,0000,7FF,020B,0000,084,0100,4EC,0000
4ED,0000,4EE,0100,4ED,0000,7FF,020B,0000,084,0100,4ED,0000
4EE,0000,4EF,0100,4EE,0000,7FF,020B,0000,084,0100,4EE,0000
4EF,0000,4F0,0100,4EF,0000,7FF,020B,0000,084,0100,4EF,0000
4F0,0000,4F1,0100,4F0,0000,7FF,020B,0000,084,0100,4F0,0000
4F1,0000,4F2,0100,4F1,0000,7FF,020B,0000,084,0100,4F1,0000
4F2,0000,4F3,0100,4F2,0000,7FF,020B,0000,084,0100,4F2,0000
4F3,0000,4F4,0100,4F3,0000,7FF,020B,0000,084,0100,4F3,0000
4F4,0000,4F5,0100,4F4,0000,7FF,020B,0000,084,0100,4F4,0000
4F5,0000,4F6,0100,4F5,0000,7FF,020B,0000,084,0100,4F5,0000
4F6,0000,4F7,0100,4F6,0000,7FF,020B,0000,084,0100,4F6,0000
4F7,0000,4F8,0100,4F7,0000,7FF,020B,0000,084,0100,4F7,0000
4F8,0000,4F9,0100,4F8,0000,7FF,020B,0000,084,0100,4F8,0000
4F9,0000,4FA,0100,4F9,0000,7FF,020B,0000,084,0100,4F9,0000
4FA,0000,4FB,0100,4FA,0000,7FF,020B,0000,084,0100,4FA,0000
4FB,0000,4FC,0100,4FB,0000,7FF,020B,0000,084,0100,4FB,0000
4FC,0000,4FD,0100,4FC,0000,7FF,020B,0000,084,0100,4FC,0000
4FD,0000,4FE,0100,4FD,0000,7FF,020B,0000,084,0100,4FD,0000
4FE,0000,4FF,0100,4FE,0000,7FF,020B,0000,084,0100,4FE,0000
4FF,0000,500,0100,4FF,0000,7FF,020B,0000,084,0100,4FF,0000
500,0000,501,0100,500,0000,7FF,020B,0000,084,0100,500,0000
501,0000,502,0100,501,0000,7FF,020B,0000,084,0100,501,0000
502,0000,503,0100,502,0000,7FF,020B,0000,084,0100,502,0000
503,0000,504,0100,503,0000,7FF,020B,0000,084,0100,503,0000
504,0000,505,0100,504,0000,7FF,020B,0000,084,0100,504,0000
505,0000,506,0100,505,0000,7FF,020B,0000,084,0100,505,0000
506,0000,507,0100,506,0000,7FF,020B,0000,084,0100,506,0000
507,0000,508,0100,507,0000,7FF,020B,0000,084,0100,507,0000
508,0000,509,0100,508,0000,7FF,020B,0000,084,0100,508,0000
509,0000,50A,0100,509,0000,7FF,020B,0000,084,0100,509,0000
50A,0000,50B,0100,50A,0000,7FF,020B,0000,084,0100,50A,0000
50B,0000,50C,0100,50B,0000,7FF,020B,0000,084,0100,50B,0000
50C,0000,50D,0100,50C,0000,7FF,020B,0000,084,0100,50C,0000
50D,0000,50E,0100,50D,0000,7FF,020B,0000,084,0100,50D,0000
50E,0000,50F,0100,50E,0000,7FF,020B,0000,084,0100,50E,0000
50F,0000,510,0100,50F,0000,7FF,020B,0000,084,0100,50F,0000
510,0000,511,0100,510,0000,7FF,020B,0000,084,0100,510,0000
511,0000,512,0100,511,0000,7FF,020B,0000,084,0100,511,0000
512,0000,513,0100,512,0000,7FF,020B,0000,084,0100,512,0000
513,0000,514,0100,513,0000,7FF,020B,0000,084,0100,513,0000
514,0000,515,0100,514,0000,7FF,020B,0000,084,0100,514,0000
515,0000,516,0100,515,0000,7FF,020B,0000,084,0100,515,0000
516,0000,517,0100,516,0000,7FF,020B,0000,084,0100,516,0000
517,0000,518,0100,517,0000,7FF,020B,0000,084,0100,517,0000
518,0000,519,0100,518,0000,7FF,020B,0000,084,0100,518,0000
519,0000,51A,0100,519,0000,7FF,020B,0000,084,0100,519,0000
51A,0000,51B,0100,51A,0000,7FF,020B,0000,084,0100,51A,0000
51B,0000,51C,0100,51B,0000,7FF,020B,0000,084,0100,51B,0000
51C,0000,51D,0100,51C,0000,7FF,020B,0000,084,0100,51C,0000
51D,0000,51E,0100,51D,0000,7FF,020B,0000,084,0100,51D,0000
51E,0000,51F,0100,51E,0000,7FF,020B,0000,084,0100,51E,0000
51F,0000,520,0100,51F,0000,7FF,020B,0000,084,0100,51F,0000
520,0000,521,0100,520,0000,7FF,020B,0000,084,0100,520,0000
521,0000,522,0100,521,0000,7FF,020B,0000,084,0100,521,0000
522,0000,523,0100,522,0000,7FF,020B,0000,084,0100,522,0000
523,0000,524,0100,523,0000,7FF,020B,0000,084,0100,523,0000
524,0000,525,0100,524,0000,7FF,020B,0000,084,0100,524,0000
525,0000,526,0100,525,0000,7FF,020B,0000,084,0100,525,0000
526,0000,527,0100,526,0000,7FF,020B,0000,084,0100,526,0000
527,0000,528,0100,527,0000,7FF,020B,0000,084,0100,527,0000
528,0000,529,0100,528,0000,7FF,020B,0000,084,0100,528,0000
529,0000,52A,0100,529,0000,7FF,020B,0000,084,0100,529,0000
52A,0000,52B,0100,52A,0000,7FF,020B,0000,084,0100,52A,0000
52B,0000,52C,0100,52B,0000,7FF,020B,0000,084,0100,52B,0000
52C,0000,52D,0100,52C,0000,7FF,020B,0000,084,0100,52C,0000
52D,0000,52E,0100,52D,0000,7FF,020B,0000,084,0100,52D,0000
52E,0000,52F,0100,52E,0000,7FF,020B,0000,084,0100,52E,0000
52F,0000,530,0100,52F,0000,7FF,020B,0000,084,0100,52F,0000
530,0000,531,0100,530,0000,7FF,020B,0000,084,0100,530,0000
531,0000,532,0100,531,0000,7FF,020B,0000,084,0100,531,0000
532,0000,533,0100,532,0000,7FF,020B,0000,084,0100,532,0000
533,0000,534,0100,533,0000,7FF,020B,0000,084,0100,533,0000
534,0000,535,0100,534,0000,7FF,020B,0000,084,0100,534,0000
535,0000,536,0100,535,0000,7FF,020B,0000,084,0100,535,0000
536,0000,537,0100,536,0000,7FF,020B,0000,084,0100,536,0000
537,0000,538,0100,537,0000,7FF,020B,0000,084,0100,537,0000
538,0000,539,0100,538,0000,7FF,020B,0000,084,0100,538,0000
539,0000,53A,0100,539,0000,7FF,020B,0000,084,0100,539,0000
53A,0000,53B,0100,53A,0000,7FF,020B,0000,084,0100,53A,0000
53B,0000,53C,0100,53B,0000,7FF,020B,0000,084,0100,53B,0000
53C,0000,53D,0100,53C,0000,7FF,020B,0000,084,0100,53C,0000
53D,0000,53E,0100,53D,0000,7FF,020B,0000,084,0100,53D,0000
53E,0000,53F,0100,53E,0000,7FF,020B,0000,084,0100,53E,0000
53F,0000,540,0100,53F,0000,7FF,020B,0000,084,0100,53F,0000
540,0000,541,0100,540,0000,7FF,020B,0000,084,0100,540,0000
541,0000,542,0100,541,0000,7FF,020B,0000,084,0100,541,0000
542,0000,543,0100,542,0000,7FF,020B,0000,084,0100,542,0000
543,0000,544,0100,543,0000,7FF,020B,0000,084,0100,543,0000
544,0000,545,0100,544,0000,7FF,020B,0000,084,0100,544,0000
545,0000,546,0100,545,0000,7FF,020B,0000,084,0100,545,0000
546,0000,547,0100,546,0000,7FF,020B,0000,084,0100,546,0000
547,0000,548,0100,547,0000,7FF,020B,0000,084,0100,547,0000
548,0000,549,0100,548,0000,7FF,020B,0000,084,0100,548,0000
549,0000,54A,0100,549,0000,7FF,020B,0000,084,0100,549,0000
54A,0000,54B,0100,54A,0000,7FF,020B,0000,084,0100,54A,0000
54B,0000,54C,0100,54B,0000,7FF,020B,0000,084,0100,54B,0000
54C,0000,54D,0100,54C,0000,7FF,020B,0000,084,0100,54C,0000
54D,0000,54E,0100,54D,0000,7FF,020B,0000,084,0100,54D,0000
54E,0000,54F,0100,54E,0000,7FF,020B,0000,084,0100,54E,0000
54F,0000,550,0100,54F,0000,7FF,020B,0000,084,0100,54F,0000
550,0000,551,0100,550,0000,7FF,020B,0000,084,0100,550,0000
551,0000,552,0100,551,0000,7FF,020B,0000,084,0100,551,0000
552,0000,553,0100,552,0000,7FF,020B,0000,084,0100,552,0000
553,0000,554,0100,553,0000,7FF,020B,0000,084,0100,553,0000
554,0000,555,0100,554,0000,7FF,020B,0000,084,0100,554,0000
555,0000,556,0100,555,0000,7FF,020B,0000,084,0100,555,0000
556,0000,557,0100,556,0000,7FF,020B,0000,084,0100,556,0000
557,0000,558,0100,557,0000,7FF,020B,0000,084,0100,557,0000
558,0000,559,0100,558,0000,7FF,020B,0000,084,0100,558,0000
559,0000,55A,0100,559,0000,7FF,020B,0000,084,0100,559,0000
55A,0000,55B,0100,55A,0000,7FF,020B,0000,084,0100,55A,0000
55B,0000,55C,0100,55B,0000,7FF,020B,0000,084,0100,55B,0000
55C,0000,55D,0100,55C,0000,7FF,020B,0000,084,0100,55C,0000
55D,0000,55E,0100,55D,0000,7FF,020B,0000,084,0100,55D,0000
55E,0000,55F,0100,55E,0000,7FF,020B,0000,084,0100,55E,0000
55F,0000,560,0100,55F,0000,7FF,020B,0000,084,0100,55F,0000
560,0000,561,0100,560,0000,7FF,020B,0000,084,0100,560,0000
561,0000,562,0100,561,0000,7FF,020B,0000,084,0100,561,0000
562,0000,563,0100,562,0000,7FF,020B,0000,084,0100,562,0000
563,0000,564,0100,563,0000,7FF,020B,0000,084,0100,563,0000
564,0000,565,0100,564,0000,7FF,020B,0000,084,0100,564,0000
565,0000,566,0100,565,0000,7FF,020B,0000,084,0100,565,0000
566,0000,567,0100,566,0000,7FF,020B,0000,084,0100,566,0000
567,0000,568,0100,567,0000,7FF,020B,0000,084,0100,567,0000
568,0000,569,0100,568,0000,7FF,020B,0000,084,0100,568,0000
569,0000,56A,0100,569,0000,7FF,020B,0000,084,0100,569,0000
56A,0000,56B,0100,56A,0000,7FF,020B,0000,084,0100,56A,0000
56B,0000,56C,0100,56B,0000,7FF,020B,0000,084,0100,56B,0000
56C,0000,56D,0100,56C,0000,7FF,020B,0000,084,0100,56C,0000
56D,0000,56E,0100,56D,0000,7FF,020B,0000,084,0100,56D,0000
56E,0000,56F,0100,56E,0000,7FF,020B,0000,084,0100,56E,0000
56F,0000,570,0100,56F,0000,7FF,020B,0000,084,0100,56F,0000
570,0000,571,0100,570,0000,7FF,020B,0000,084,0100,570,0000
571,0000,572,0100,571,0000,7FF,020B,0000,084,0100,571,0000
572,0000,573,0100,572,0000,7FF,020B,0000,084,0100,572,0000
573,0000,574,0100,573,0000,7FF,020B,0000,084,0100,573,0000
574,0000,575,0100,574,0000,7FF,020B,0000,084,0100,574,0000
575,0000,576,0100,575,0000,7FF,020B,0000,084,0100,575,0000
576,0000,577,0100,576,0000,7FF,020B,0000,084,0100,576,0000
577,0000,578,0100,577,0000,7FF,020B,0000,084,0100,577,0000
578,0000,579,0100,578,0000,7FF,020B,0000,084,0100,578,0000
579,0000,57A,0100,579,0000,7FF,020B,0000,084,0100,579,0000
57A,0000,57B,0100,57A,0000,7FF,020B,0000,084,0100,57A,0000
57B,0000,57C,0100,57B,0000,7FF,020B,0000,084,0100,57B,0000
57C,0000,57D,0100,57C,0000,7FF,020B,0000,084,0100,57C,0000
57D,0000,57E,0100,57D,0000,7FF,020B,0000,084,0100,57D,0000
57E,0000,57F,0100,57E,0000,7FF,020B,0000,084,0100,57E,0000
57F,0000,580,0100,57F,0000,7FF,020B,0000,084,0100,57F,0000
580,0000,581,0100,580,0000,7FF,020B,0000,084,0100,580,0000
581,0000,582,0100,581,0000,7FF,020B,0000,084,0100,581,0000
582,0000,583,0100,582,0000,7FF,020B,0000,084,0100,582,0000
583,0000,584,0100,583,0000,7FF,020B,0000,084,0100,583,0000
584,0000,585,0100,584,0000,7FF,020B,0000,084,0100,584,0000
585,0000,586,0100,585,0000,7FF,020B,0000,084,0100,585,0000
586,0000,587,0100,586,0000,7FF,020B,0000,084,0100,586,0000
587,0000,588,0100,587,0000,7FF,020B,0000,084,0100,587,0000
588,0000,589,0100,588,0000,7FF,020B,0000,084,0100,588,0000
589,0000,58A,0100,589,0000,7FF,020B,0000,084,0100,589,0000
58A,0000,58B,0100,58A,0000,7FF,020B,0000,084,0100,58A,0000
58B,0000,58C,0100,58B,0000,7FF,020B,0000,084,0100,58B,0000
58C,0000,58D,0100,58C,0000,7FF,020B,0000,084,0100,58C,0000
58D,0000,58E,0100,58D,0000,7FF,020B,0000,084,0100,58D,0000
58E,0000,58F,0100,58E,0000,7FF,020B,0000,084,0100,58E,0000
58F,0000,590,0100,58F,0000,7FF,020B,0000,084,0100,58F,0000
590,0000,591,0100,590,0000,7FF,020B,0000,084,0100,590,0000
591,0000,592,0100,591,0000,7FF,020B,0000,084,0100,591,0000
592,0000,593,0100,592,0000,7FF,020B,0000,084,0100,592,0000
593,0000,594,0100,593,0000,7FF,020B,0000,084,0100,593,0000
594,0000,595,0100,594,0000,7FF,020B,0000,084,0100,594,0000
595,0000,596,0100,595,0000,7FF,020B,0000,084,0100,595,0000
596,0000,597,0100,596,0000,7FF,020B,0000,084,0100,596,0000
597,0000,598,0100,597,0000,7FF,020B,0000,084,0100,597,0000
598,0000,599,0100,598,0000,7FF,020B,0000,084,0100,598,0000
599,0000,59A,0100,599,0000,7FF,020B,0000,084,0100,599,0000
59A,0000,59B,0100,59A,0000,7FF,020B,0000,084,0100,59A,0000
59B,0000,59C,0100,59B,0000,7FF,020B,0000,084,0100,59B,0000
59C,0000,59D,0100,59C,0000,7FF,020B,0000,084,0100,59C,0000
59D,0000,59E,0100,59D,0000,7FF,020B,0000,084,0100,59D,0000
59E,0000,59F,0100,59E,0000,7FF,020B,0000,084,0100,59E,0000
59F,0000,5A0,0100,59F,0000,7FF,020B,0000,084,0100,59F,0000
5A0,0000,5A1,0100,5A0,0000,7FF,020B,0000,084,0100,5A0,0000
5A1,B1D8,5A2,0100,5A1,B1D8,7FF,020B,0000,084,0100,5A1,B1D8
5A2,D2D5,5A3,0100,5A2,D2D5,7FF,020B,0000,084,0100,5A2,D2D5
5A3,DEDF,5A4,0100,5A3,DEDF,7FF,020B,0000,084,0100,5A3,DEDF
5A4,3B00,5A5,0100,5A4,3B00,7FF,020B,0000,084,0100,5A4,3B00
5A5,0000,1F5,0100,5A4,3B00,7FF,020B,0000,084,0100
1F5,CE00,20C,0100,20B,0100,7FF,020B,0000,084,0100,1F3,0001
,                                 ,7FF,0201
,                                 ,1F4,05A5
20C,0000,1F2,0100,20B,0100,7FF,020B,0000,084,0100
1F2,01F2,1F3,0100,1F2,01F2,7FF,020B,0000,084,0100,1F2,01F2
1F3,0001,1F3,0100,1F2,01F2,7FF,020B,0000,084,0100
1F3,0000,1F4,0100,1F3,0000,7FF,020B,0000,084,0100,1F3,0000
1F4,05A1,1F5,0100,1F4,05A1,7FF,020B,0000,084,0100,1F4,05A1
1F5,CE00,1F6,0100,1F5,CE00,7FF,020B,0000,084,0100,1F5,CE00
1F6,1203,1F7,0100,1F6,1203,7FF,020B,0000,084,0100,1F6,1203
1F7,2F40,1F8,0100,1F7,2F40,7FF,020B,0000,084,0100,1F7,2F40
1F8,F0FD,1F9,0100,1F8,F0FD,7FF,020B,0000,084,0100,1F8,F0FD
1F9,AEF9,1FA,0100,1F9,AEF9,7FF,020B,0000,084,0100,1F9,AEF9
1FA,F001,1FB,0100,1FA,F001,7FF,020B,0000,084,0100,1FA,F001
1FB,CE06,1FC,0100,1FB,CE06,7FF,020B,0000,084,0100,1FB,CE06
1FC,0700,1FD,0100,1FC,0700,7FF,020B,0000,084,0100,1FC,0700
1FD,EEF5,1FE,0100,1FD,EEF5,7FF,020B,0000,084,0100,1FD,EEF5
1FE,A8F5,1FF,0100,1FE,A8F5,7FF,020B,0000,084,0100,1FE,A8F5
1FF,0680,200,0100,1FF,0680,7FF,020B,0000,084,0100,1FF,0680
200,DE06,201,0100,200,DE06,7FF,020B,0000,084,0100,200,DE06
201,CEF4,202,0100,201,CEF4,7FF,020B,0000,084,0100,201,CEF4
202,0200,203,0100,202,0200,7FF,020B,0000,084,0100,202,0200
203,EEEF,204,0100,203,EEEF,7FF,020B,0000,084,0100,203,EEEF
204,AAEF,205,0100,204,AAEF,7FF,020B,0000,084,0100,204,AAEF
205,DE01,206,0100,205,DE01,7FF,020B,0000,084,0100,205,DE01
206,CEEF,207,0100,206,CEEF,7FF,020B,0000,084,0100,206,CEEF
207,1302,208,0100,207,1302,7FF,020B,0000,084,0100,207,1302
208,2FFF,209,0100,208,2FFF,7FF,020B,0000,084,0100,208,2FFF
209,F001,20A,0100,209,F001,7FF,020B,0000,084,0100,209,F001
20A,0A00,20B,0100,20A,0A00,7FF,020B,0000,084,0100,20A,0A00
20B,0100,20C,0100,20B,0100,7FF,020B,0000,084,0100,20B,0100
20C,0000,20D,0100,20C,0000,7FF,020B,0000,084,0100,20C,0000
20D,0000,20E,0100,20D,0000,7FF,020B,0000,084,0100,20D,0000
20E,0000,20F,0100,20E,0000,7FF,020B,0000,084,0100,20E,0000
20F,0000,210,0100,20F,0000,7FF,020B,0000,084,0100,20F,0000
210,0000,211,0100,210,0000,7FF,020B,0000,084,0100,210,0000
211,0000,212,0100,211,0000,7FF,020B,0000,084,0100,211,0000
212,0000,213,0100,212,0000,7FF,020B,0000,084,0100,212,0000
213,0000,214,0100,213,0000,7FF,020B,0000,084,0100,213,0000
214,0000,215,0100,214,0000,7FF,020B,0000,084,0100,214,0000
215,0000,216,0100,215,0000,7FF,020B,0000,084,0100,215,0000
216,0000,217,0100,216,0000,7FF,020B,0000,084,0100,216,0000
217,0000,218,0100,217,0000,7FF,020B,0000,084,0100,217,0000
218,0000,219,0100,218,0000,7FF,020B,0000,084,0100,218,0000
219,0000,21A,0100,219,0000,7FF,020B,0000,084,0100,219,0000
21A,0000,21B,0100,21A,0000,7FF,020B,0000,084,0100,21A,0000
21B,0000,21C,0100,21B,0000,7FF,020B,0000,084,0100,21B,0000
21C,0000,21D,0100,21C,0000,7FF,020B,0000,084,0100,21C,0000
21D,0000,21E,0100,21D,0000,7FF,020B,0000,084,0100,21D,0000
21E,0000,21F,0100,21E,0000,7FF,020B,0000,084,0100,21E,0000
21F,0000,220,0100,21F,0000,7FF,020B,0000,084,0100,21F,0000
220,0000,221,0100,220,0000,7FF,020B,0000,084,0100,220,0000
221,0000,222,0100,221,0000,7FF,020B,0000,084,0100,221,0000
222,0000,223,0100,222,0000,7FF,020B,0000,084,0100,222,0000
223,0000,224,0100,223,0000,7FF,020B,0000,084,0100,223,0000
224,0000,225,0100,224,0000,7FF,020B,0000,084,0100,224,0000
225,0000,226,0100,225,0000,7FF,020B,0000,084,0100,225,0000
226,0000,227,0100,226,0000,7FF,020B,0000,084,0100,226,0000
227,0000,228,0100,227,0000,7FF,020B,0000,084,0100,227,0000
228,0000,229,0100,228,0000,7FF,020B,0000,084,0100,228,0000
229,0000,22A,0100,229,0000,7FF,020B,0000,084,0100,229,0000
22A,0000,22B,0100,22A,0000,7FF,020B,0000,084,0100,22A,0000
22B,0000,22C,0100,22B,0000,7FF,020B,0000,084,0100,22B,0000
22C,0000,22D,0100,22C,0000,7FF,020B,0000,084,0100,22C,0000
22D,0000,22E,0100,22D,0000,7FF,020B,0000,084,0100,22D,0000
22E,0000,22F,0100,22E,0000,7FF,020B,0000,084,0100,22E,0000
22F,0000,230,0100,22F,0000,7FF,020B,0000,084,0100,22F,0000
230,0000,231,0100,230,0000,7FF,020B,0000,084,0100,230,0000
231,0000,232,0100,231,0000,7FF,020B,0000,084,0100,231,0000
232,0000,233,0100,232,0000,7FF,020B,0000,084,0100,232,0000
233,0000,234,0100,233,0000,7FF,020B,0000,084,0100,233,0000
234,0000,235,0100,234,0000,7FF,020B,0000,084,0100,234,0000
235,0000,236,0100,235,0000,7FF,020B,0000,084,0100,235,0000
236,0000,237,0100,236,0000,7FF,020B,0000,084,0100,236,0000
237,0000,238,0100,237,0000,7FF,020B,0000,084,0100,237,0000
238,0000,239,0100,238,0000,7FF,020B,0000,084,0100,238,0000
239,0000,23A,0100,239,0000,7FF,020B,0000,084,0100,239,0000
23A,0000,23B,0100,23A,0000,7FF,020B,0000,084,0100,23A,0000
23B,0000,23C,0100,23B,0000,7FF,020B,0000,084,0100,23B,0000
23C,0000,23D,0100,23C,0000,7FF,020B,0000,084,0100,23C,0000
23D,0000,23E,0100,23D,0000,7FF,020B,0000,084,0100,23D,0000
23E,0000,23F,0100,23E,0000,7FF,020B,0000,084,0100,23E,0000
23F,0000,240,0100,23F,0000,7FF,020B,0000,084,0100,23F,0000
240,0000,241,0100,240,0000,7FF,020B,0000,084,0100,240,0000
241,0000,242,0100,241,0000,7FF,020B,0000,084,0100,241,0000
242,0000,243,0100,242,0000,7FF,020B,0000,084,0100,242,0000
243,0000,244,0100,243,0000,7FF,020B,0000,084,0100,243,0000
244,0000,245,0100,244,0000,7FF,020B,0000,084,0100,244,0000
245,0000,246,0100,245,0000,7FF,020B,0000,084,0100,245,0000
246,0000,247,0100,246,0000,7FF,020B,0000,084,0100,246,0000
247,0000,248,0100,247,0000,7FF,020B,0000,084,0100,247,0000
248,0000,249,0100,248,0000,7FF,020B,0000,084,0100,248,0000
249,0000,24A,0100,249,0000,7FF,020B,0000,084,0100,249,0000
24A,0000,24B,0100,24A,0000,7FF,020B,0000,084,0100,24A,0000
24B,0000,24C,0100,24B,0000,7FF,020B,0000,084,0100,24B,0000
24C,0000,24D,0100,24C,0000,7FF,020B,0000,084,0100,24C,0000
24D,0000,24E,0100,24D,0000,7FF,020B,0000,084,0100,24D,0000
24E,0000,24F,0100,24E,0000,7FF,020B,0000,084,0100,24E,0000
24F,0000,250,0100,24F,0000,7FF,020B,0000,084,0100,24F,0000
250,0000,251,0100,250,0000,7FF,020B,0000,084,0100,250,0000
251,0000,252,0100,251,0000,7FF,020B,0000,084,0100,251,0000
252,0000,253,0100,252,0000,7FF,020B,0000,084,0100,252,0000
253,0000,254,0100,253,0000,7FF,020B,0000,084,0100,253,0000
254,0000,255,0100,254,0000,7FF,020B,0000,084,0100,254,0000
255,0000,256,0100,255,0000,7FF,020B,0000,084,0100,255,0000
256,0000,257,0100,256,0000,7FF,020B,0000,084,0100,256,0000
257,0000,258,0100,257,0000,7FF,020B,0000,084,0100,257,0000
258,0000,259,0100,258,0000,7FF,020B,0000,084,0100,258,0000
259,0000,25A,0100,259,0000,7FF,020B,0000,084,0100,259,0000
25A,0000,25B,0100,25A,0000,7FF,020B,0000,084,0100,25A,0000
25B,0000,25C,0100,25B,0000,7FF,020B,0000,084,0100,25B,0000
25C,0000,25D,0100,25C,0000,7FF,020B,0000,084,0100,25C,0000
25D,0000,25E,0100,25D,0000,7FF,020B,0000,084,0100,25D,0000
25E,0000,25F,0100,25E,0000,7FF,020B,0000,084,0100,25E,0000
25F,0000,260,0100,25F,0000,7FF,020B,0000,084,0100,25F,0000
260,0000,261,0100,260,0000,7FF,020B,0000,084,0100,260,0000
261,0000,262,0100,261,0000,7FF,020B,0000,084,0100,261,0000
262,0000,263,0100,262,0000,7FF,020B,0000,084,0100,262,0000
263,0000,264,0100,263,0000,7FF,020B,0000,084,0100,263,0000
264,0000,265,0100,264,0000,7FF,020B,0000,084,0100,264,0000
265,0000,266,0100,265,0000,7FF,020B,0000,084,0100,265,0000
266,0000,267,0100,266,0000,7FF,020B,0000,084,0100,266,0000
267,0000,268,0100,267,0000,7FF,020B,0000,084,0100,267,0000
268,0000,269,0100,268,0000,7FF,020B,0000,084,0100,268,0000
269,0000,26A,0100,269,0000,7FF,020B,0000,084,0100,269,0000
26A,0000,26B,0100,26A,0000,7FF,020B,0000,084,0100,26A,0000
26B,0000,26C,0100,26B,0000,7FF,020B,0000,084,0100,26B,0000
26C,0000,26D,0100,26C,0000,7FF,020B,0000,084,0100,26C,0000
26D,0000,26E,0100,26D,0000,7FF,020B,0000,084,0100,26D,0000
26E,0000,26F,0100,26E,0000,7FF,020B,0000,084,0100,26E,0000
26F,0000,270,0100,26F,0000,7FF,020B,0000,084,0100,26F,0000
270,0000,271,0100,270,0000,7FF,020B,0000,084,0100,270,0000
271,0000,272,0100,271,0000,7FF,020B,0000,084,0100,271,0000
272,0000,273,0100,272,0000,7FF,020B,0000,084,0100,272,0000
273,0000,274,0100,273,0000,7FF,020B,0000,084,0100,273,0000
274,0000,275,0100,274,0000,7FF,020B,0000,084,0100,274,0000
275,0000,276,0100,275,0000,7FF,020B,0000,084,0100,275,0000
276,0000,277,0100,276,0000,7FF,020B,0000,084,0100,276,0000
277,0000,278,0100,277,0000,7FF,020B,0000,084,0100,277,0000
278,0000,279,0100,278,0000,7FF,020B,0000,084,0100,278,0000
279,0000,27A,0100,279,0000,7FF,020B,0000,084,0100,279,0000
27A,0000,27B,0100,27A,0000,7FF,020B,0000,084,0100,27A,0000
27B,0000,27C,0100,27B,0000,7FF,020B,0000,084,0100,27B,0000
27C,0000,27D,0100,27C,0000,7FF,020B,0000,084,0100,27C,0000
27D,0000,27E,0100,27D,0000,7FF,020B,0000,084,0100,27D,0000
27E,0000,27F,0100,27E,0000,7FF,020B,0000,084,0100,27E,0000
27F,0000,280,0100,27F,0000,7FF,020B,0000,084,0100,27F,0000
280,0000,281,0100,280,0000,7FF,020B,0000,084,0100,280,0000
281,0000,282,0100,281,0000,7FF,020B,0000,084,0100,281,0000
282,0000,283,0100,282,0000,7FF,020B,0000,084,0100,282,0000
283,0000,284,0100,283,0000,7FF,020B,0000,084,0100,283,0000
284,0000,285,0100,284,0000,7FF,020B,0000,084,0100,284,0000
285,0000,286,0100,285,0000,7FF,020B,0000,084,0100,285,0000
286,0000,287,0100,286,0000,7FF,020B,0000,084,0100,286,0000
287,0000,288,0100,287,0000,7FF,020B,0000,084,0100,287,0000
288,0000,289,0100,288,0000,7FF,020B,0000,084,0100,288,0000
289,0000,28A,0100,289,0000,7FF,020B,0000,084,0100,289,0000
28A,0000,28B,0100,28A,0000,7FF,020B,0000,084,0100,28A,0000
28B,0000,28C,0100,28B,0000,7FF,020B,0000,084,0100,28B,0000
28C,0000,28D,0100,28C,0000,7FF,020B,0000,084,0100,28C,0000
28D,0000,28E,0100,28D,0000,7FF,020B,0000,084,0100,28D,0000
28E,0000,28F,0100,28E,0000,7FF,020B,0000,084,0100,28E,0000
28F,0000,290,0100,28F,0000,7FF,020B,0000,084,0100,28F,0000
290,0000,291,0100,290,0000,7FF,020B,0000,084,0100,290,0000
291,0000,292,0100,291,0000,7FF,020B,0000,084,0100,291,0000
292,0000,293,0100,292,0000,7FF,020B,0000,084,0100,292,0000
293,0000,294,0100,293,0000,7FF,020B,0000,084,0100,293,0000
294,0000,295,0100,294,0000,7FF,020B,0000,084,0100,294,0000
295,0000,296,0100,295,0000,7FF,020B,0000,084,0100,295,0000
296,0000,297,0100,296,0000,7FF,020B,0000,084,0100,296,0000
297,0000,298,0100,297,0000,7FF,020B,0000,084,0100,297,0000
298,0000,299,0100,298,0000,7FF,020B,0000,084,0100,298,0000
299,0000,29A,0100,299,0000,7FF,020B,0000,084,0100,299,0000
29A,0000,29B,0100,29A,0000,7FF,020B,0000,084,0100,29A,0000
29B,0000,29C,0100,29B,0000,7FF,020B,0000,084,0100,29B,0000
29C,0000,29D,0100,29C,0000,7FF,020B,0000,084,0100,29C,0000
29D,0000,29E,0100,29D,0000,7FF,020B,0000,084,0100,29D,0000
29E,0000,29F,0100,29E,0000,7FF,020B,0000,084,0100,29E,0000
29F,0000,2A0,0100,29F,0000,7FF,020B,0000,084,0100,29F,0000
2A0,0000,2A1,0100,2A0,0000,7FF,020B,0000,084,0100,2A0,0000
2A1,0000,2A2,0100,2A1,0000,7FF,020B,0000,084,0100,2A1,0000
2A2,0000,2A3,0100,2A2,0000,7FF,020B,0000,084,0100,2A2,0000
2A3,0000,2A4,0100,2A3,0000,7FF,020B,0000,084,0100,2A3,0000
2A4,0000,2A5,0100,2A4,0000,7FF,020B,0000,084,0100,2A4,0000
2A5,0000,2A6,0100,2A5,0000,7FF,020B,0000,084,0100,2A5,0000
2A6,0000,2A7,0100,2A6,0000,7FF,020B,0000,084,0100,2A6,0000
2A7,0000,2A8,0100,2A7,0000,7FF,020B,0000,084,0100,2A7,0000
2A8,0000,2A9,0100,2A8,0000,7FF,020B,0000,084,0100,2A8,0000
2A9,0000,2AA,0100,2A9,0000,7FF,020B,0000,084,0100,2A9,0000
2AA,0000,2AB,0100,2AA,0000,7FF,020B,0000,084,0100,2AA,0000
2AB,0000,2AC,0100,2AB,0000,7FF,020B,0000,084,0100,2AB,0000
2AC,0000,2AD,0100,2AC,0000,7FF,020B,0000,084,0100,2AC,0000
2AD,0000,2AE,0100,2AD,0000,7FF,020B,0000,084,0100,2AD,0000
2AE,0000,2AF,0100,2AE,0000,7FF,020B,0000,084,0100,2AE,0000
2AF,0000,2B0,0100,2AF,0000,7FF,020B,0000,084,0100,2AF,0000
2B0,0000,2B1,0100,2B0,0000,7FF,020B,0000,084,0100,2B0,0000
2B1,0000,2B2,0100,2B1,0000,7FF,020B,0000,084,0100,2B1,0000
2B2,0000,2B3,0100,2B2,0000,7FF,020B,0000,084,0100,2B2,0000
2B3,0000,2B4,0100,2B3,0000,7FF,020B,0000,084,0100,2B3,0000
2B4,0000,2B5,0100,2B4,0000,7FF,020B,0000,084,0100,2B4,0000
2B5,0000,2B6,0100,2B5,0000,7FF,020B,0000,084,0100,2B5,0000
2B6,0000,2B7,0100,2B6,0000,7FF,020B,0000,084,0100,2B6,0000
2B7,0000,2B8,0100,2B7,0000,7FF,020B,0000,084,0100,2B7,0000
2B8,0000,2B9,0100,2B8,0000,7FF,020B,0000,084,0100,2B8,0000
2B9,0000,2BA,0100,2B9,0000,7FF,020B,0000,084,0100,2B9,0000
2BA,0000,2BB,0100,2BA,0000,7FF,020B,0000,084,0100,2BA,0000
2BB,0000,2BC,0100,2BB,0000,7FF,020B,0000,084,0100,2BB,0000
2BC,0000,2BD,0100,2BC,0000,7FF,020B,0000,084,0100,2BC,0000
2BD,0000,2BE,0100,2BD,0000,7FF,020B,0000,084,0100,2BD,0000
2BE,0000,2BF,0100,2BE,0000,7FF,020B,0000,084,0100,2BE,0000
2BF,0000,2C0,0100,2BF,0000,7FF,020B,0000,084,0100,2BF,0000
2C0,0000,2C1,0100,2C0,0000,7FF,020B,0000,084,0100,2C0,0000
2C1,0000,2C2,0100,2C1,0000,7FF,020B,0000,084,0100,2C1,0000
2C2,0000,2C3,0100,2C2,0000,7FF,020B,0000,084,0100,2C2,0000
2C3,0000,2C4,0100,2C3,0000,7FF,020B,0000,084,0100,2C3,0000
2C4,0000,2C5,0100,2C4,0000,7FF,020B,0000,084,0100,2C4,0000
2C5,0000,2C6,0100,2C5,0000,7FF,020B,0000,084,0100,2C5,0000
2C6,0000,2C7,0100,2C6,0000,7FF,020B,0000,084,0100,2C6,0000
2C7,0000,2C8,0100,2C7,0000,7FF,020B,0000,084,0100,2C7,0000
2C8,0000,2C9,0100,2C8,0000,7FF,020B,0000,084,0100,2C8,0000
2C9,0000,2CA,0100,2C9,0000,7FF,020B,0000,084,0100,2C9,0000
2CA,0000,2CB,0100,2CA,0000,7FF,020B,0000,084,0100,2CA,0000
2CB,0000,2CC,0100,2CB,0000,7FF,020B,0000,084,0100,2CB,0000
2CC,0000,2CD,0100,2CC,0000,7FF,020B,0000,084,0100,2CC,0000
2CD,0000,2CE,0100,2CD,0000,7FF,020B,0000,084,0100,2CD,0000
2CE,0000,2CF,0100,2CE,0000,7FF,020B,0000,084,0100,2CE,0000
2CF,0000,2D0,0100,2CF,0000,7FF,020B,0000,084,0100,2CF,0000
2D0,0000,2D1,0100,2D0,0000,7FF,020B,0000,084,0100,2D0,0000
2D1,0000,2D2,0100,2D1,0000,7FF,020B,0000,084,0100,2D1,0000
2D2,0000,2D3,0100,2D2,0000,7FF,020B,0000,084,0100,2D2,0000
2D3,0000,2D4,0100,2D3,0000,7FF,020B,0000,084,0100,2D3,0000
2D4,0000,2D5,0100,2D4,0000,7FF,020B,0000,084,0100,2D4,0000
2D5,0000,2D6,0100,2D5,0000,7FF,020B,0000,084,0100,2D5,0000
2D6,0000,2D7,0100,2D6,0000,7FF,020B,0000,084,0100,2D6,0000
2D7,0000,2D8,0100,2D7,0000,7FF,020B,0000,084,0100,2D7,0000
2D8,0000,2D9,0100,2D8,0000,7FF,020B,0000,084,0100,2D8,0000
2D9,0000,2DA,0100,2D9,0000,7FF,020B,0000,084,0100,2D9,0000
2DA,0000,2DB,0100,2DA,0000,7FF,020B,0000,084,0100,2DA,0000
2DB,0000,2DC,0100,2DB,0000,7FF,020B,0000,084,0100,2DB,0000
2DC,0000,2DD,0100,2DC,0000,7FF,020B,0000,084,0100,2DC,0000
2DD,0000,2DE,0100,2DD,0000,7FF,020B,0000,084,0100,2DD,0000
2DE,0000,2DF,0100,2DE,0000,7FF,020B,0000,084,0100,2DE,0000
2DF,0000,2E0,0100,2DF,0000,7FF,020B,0000,084,0100,2DF,0000
2E0,0000,2E1,0100,2E0,0000,7FF,020B,0000,084,0100,2E0,0000
2E1,0000,2E2,0100,2E1,0000,7FF,020B,0000,084,0100,2E1,0000
2E2,0000,2E3,0100,2E2,0000,7FF,020B,0000,084,0100,2E2,0000
2E3,0000,2E4,0100,2E3,0000,7FF,020B,0000,084,0100,2E3,0000
2E4,0000,2E5,0100,2E4,0000,7FF,020B,0000,084,0100,2E4,0000
2E5,0000,2E6,0100,2E5,0000,7FF,020B,0000,084,0100,2E5,0000
2E6,0000,2E7,0100,2E6,0000,7FF,020B,0000,084,0100,2E6,0000
2E7,0000,2E8,0100,2E7,0000,7FF,020B,0000,084,0100,2E7,0000
2E8,0000,2E9,0100,2E8,0000,7FF,020B,0000,084,0100,2E8,0000
2E9,0000,2EA,0100,2E9,0000,7FF,020B,0000,084,0100,2E9,0000
2EA,0000,2EB,0100,2EA,0000,7FF,020B,0000,084,0100,2EA,0000
2EB,0000,2EC,0100,2EB,0000,7FF,020B,0000,084,0100,2EB,0000
2EC,0000,2ED,0100,2EC,0000,7FF,020B,0000,084,0100,2EC,0000
2ED,0000,2EE,0100,2ED,0000,7FF,020B,0000,084,0100,2ED,0000
2EE,0000,2EF,0100,2EE,0000,7FF,020B,0000,084,0100,2EE,0000
2EF,0000,2F0,0100,2EF,0000,7FF,020B,0000,084,0100,2EF,0000
2F0,0000,2F1,0100,2F0,0000,7FF,020B,0000,084,0100,2F0,0000
2F1,0000,2F2,0100,2F1,0000,7FF,020B,0000,084,0100,2F1,0000
2F2,0000,2F3,0100,2F2,0000,7FF,020B,0000,084,0100,2F2,0000
2F3,0000,2F4,0100,2F3,0000,7FF,020B,0000,084,0100,2F3,0000
2F4,0000,2F5,0100,2F4,0000,7FF,020B,0000,084,0100,2F4,0000
2F5,0000,2F6,0100,2F5,0000,7FF,020B,0000,084,0100,2F5,0000
2F6,0000,2F7,0100,2F6,0000,7FF,020B,0000,084,0100,2F6,0000
2F7,0000,2F8,0100,2F7,0000,7FF,020B,0000,084,0100,2F7,0000
2F8,0000,2F9,0100,2F8,0000,7FF,020B,0000,084,0100,2F8,0000
2F9,0000,2FA,0100,2F9,0000,7FF,020B,0000,084,0100,2F9,0000
2FA,0000,2FB,0100,2FA,0000,7FF,020B,0000,084,0100,2FA,0000
2FB,0000,2FC,0100,2FB,0000,7FF,020B,0000,084,0100,2FB,0000
2FC,0000,2FD,0100,2FC,0000,7FF,020B,0000,084,0100,2FC,0000
2FD,0000,2FE,0100,2FD,0000,7FF,020B,0000,084,0100,2FD,0000
2FE,0000,2FF,0100,2FE,0000,7FF,020B,0000,084,0100,2FE,0000
2FF,0000,300,0100,2FF,0000,7FF,020B,0000,084,0100,2FF,0000
300,0000,301,0100,300,0000,7FF,020B,0000,084,0100,300,0000
301,0000,302,0100,301,0000,7FF,020B,0000,084,0100,301,0000
302,0000,303,0100,302,0000,7FF,020B,0000,084,0100,302,0000
303,0000,304,0100,303,0000,7FF,020B,0000,084,0100,303,0000
304,0000,305,0100,304,0000,7FF,020B,0000,084,0100,304,0000
305,0000,306,0100,305,0000,7FF,020B,0000,084,0100,305,0000
306,0000,307,0100,306,0000,7FF,020B,0000,084,0100,306,0000
307,0000,308,0100,307,0000,7FF,020B,0000,084,0100,307,0000
308,0000,309,0100,308,0000,7FF,020B,0000,084,0100,308,0000
309,0000,30A,0100,309,0000,7FF,020B,0000,084,0100,309,0000
30A,0000,30B,0100,30A,0000,7FF,020B,0000,084,0100,30A,0000
30B,0000,30C,0100,30B,0000,7FF,020B,0000,084,0100,30B,0000
30C,0000,30D,0100,30C,0000,7FF,020B,0000,084,0100,30C,0000
30D,0000,30E,0100,30D,0000,7FF,020B,0000,084,0100,30D,0000
30E,0000,30F,0100,30E,0000,7FF,020B,0000,084,0100,30E,0000
30F,0000,310,0100,30F,0000,7FF,020B,0000,084,0100,30F,0000
310,0000,311,0100,310,0000,7FF,020B,0000,084,0100,310,0000
311,0000,312,0100,311,0000,7FF,020B,0000,084,0100,311,0000
312,0000,313,0100,312,0000,7FF,020B,0000,084,0100,312,0000
313,0000,314,0100,313,0000,7FF,020B,0000,084,0100,313,0000
314,0000,315,0100,314,0000,7FF,020B,0000,084,0100,314,0000
315,0000,316,0100,315,0000,7FF,020B,0000,084,0100,315,0000
316,0000,317,0100,316,0000,7FF,020B,0000,084,0100,316,0000
317,0000,318,0100,317,0000,7FF,020B,0000,084,0100,317,0000
318,0000,319,0100,318,0000,7FF,020B,0000,084,0100,318,0000
319,0000,31A,0100,319,0000,7FF,020B,0000,084,0100,319,0000
31A,0000,31B,0100,31A,0000,7FF,020B,0000,084,0100,31A,0000
31B,0000,31C,0100,31B,0000,7FF,020B,0000,084,0100,31B,0000
31C,0000,31D,0100,31C,0000,7FF,020B,0000,084,0100,31C,0000
31D,0000,31E,0100,31D,0000,7FF,020B,0000,084,0100,31D,0000
31E,0000,31F,0100,31E,0000,7FF,020B,0000,084,0100,31E,0000
31F,0000,320,0100,31F,0000,7FF,020B,0000,084,0100,31F,0000
320,0000,321,0100,320,0000,7FF,020B,0000,084,0100,320,0000
321,0000,322,0100,321,0000,7FF,020B,0000,084,0100,321,0000
322,0000,323,0100,322,0000,7FF,020B,0000,084,0100,322,0000
323,0000,324,0100,323,0000,7FF,020B,0000,084,0100,323,0000
324,0000,325,0100,324,0000,7FF,020B,0000,084,0100,324,0000
325,0000,326,0100,325,0000,7FF,020B,0000,084,0100,325,0000
326,0000,327,0100,326,0000,7FF,020B,0000,084,0100,326,0000
327,0000,328,0100,327,0000,7FF,020B,0000,084,0100,327,0000
328,0000,329,0100,328,0000,7FF,020B,0000,084,0100,328,0000
329,0000,32A,0100,329,0000,7FF,020B,0000,084,0100,329,0000
32A,0000,32B,0100,32A,0000,7FF,020B,0000,084,0100,32A,0000
32B,0000,32C,0100,32B,0000,7FF,020B,0000,084,0100,32B,0000
32C,0000,32D,0100,32C,0000,7FF,020B,0000,084,0100,32C,0000
32D,0000,32E,0100,32D,0000,7FF,020B,0000,084,0100,32D,0000
32E,0000,32F,0100,32E,0000,7FF,020B,0000,084,0100,32E,0000
32F,0000,330,0100,32F,0000,7FF,020B,0000,084,0100,32F,0000
330,0000,331,0100,330,0000,7FF,020B,0000,084,0100,330,0000
331,0000,332,0100,331,0000,7FF,020B,0000,084,0100,331,0000
332,0000,333,0100,332,0000,7FF,020B,0000,084,0100,332,0000
333,0000,334,0100,333,0000,7FF,020B,0000,084,0100,333,0000
334,0000,335,0100,334,0000,7FF,020B,0000,084,0100,334,0000
335,0000,336,0100,335,0000,7FF,020B,0000,084,0100,335,0000
336,0000,337,0100,336,0000,7FF,020B,0000,084,0100,336,0000
337,0000,338,0100,337,0000,7FF,020B,0000,084,0100,337,0000
338,0000,339,0100,338,0000,7FF,020B,0000,084,0100,338,0000
339,0000,33A,0100,339,0000,7FF,020B,0000,084,0100,339,0000
33A,0000,33B,0100,33A,0000,7FF,020B,0000,084,0100,33A,0000
33B,0000,33C,0100,33B,0000,7FF,020B,0000,084,0100,33B,0000
33C,0000,33D,0100,33C,0000,7FF,020B,0000,084,0100,33C,0000
33D,0000,33E,0100,33D,0000,7FF,020B,0000,084,0100,33D,0000
33E,0000,33F,0100,33E,0000,7FF,020B,0000,084,0100,33E,0000
33F,0000,340,0100,33F,0000,7FF,020B,0000,084,0100,33F,0000
340,0000,341,0100,340,0000,7FF,020B,0000,084,0100,340,0000
341,0000,342,0100,341,0000,7FF,020B,0000,084,0100,341,0000
342,0000,343,0100,342,0000,7FF,020B,0000,084,0100,342,0000
343,0000,344,0100,343,0000,7FF,020B,0000,084,0100,343,0000
344,0000,345,0100,344,0000,7FF,020B,0000,084,0100,344,0000
345,0000,346,0100,345,0000,7FF,020B,0000,084,0100,345,0000
346,0000,347,0100,346,0000,7FF,020B,0000,084,0100,346,0000
347,0000,348,0100,347,0000,7FF,020B,0000,084,0100,347,0000
348,0000,349,0100,348,0000,7FF,020B,0000,084,0100,348,0000
349,0000,34A,0100,349,0000,7FF,020B,0000,084,0100,349,0000
34A,0000,34B,0100,34A,0000,7FF,020B,0000,084,0100,34A,0000
34B,0000,34C,0100,34B,0000,7FF,020B,0000,084,0100,34B,0000
34C,0000,34D,0100,34C,0000,7FF,020B,0000,084,0100,34C,0000
34D,0000,34E,0100,34D,0000,7FF,020B,0000,084,0100,34D,0000
34E,0000,34F,0100,34E,0000,7FF,020B,0000,084,0100,34E,0000
34F,0000,350,0100,34F,0000,7FF,020B,0000,084,0100,34F,0000
350,0000,351,0100,350,0000,7FF,020B,0000,084,0100,350,0000
351,0000,352,0100,351,0000,7FF,020B,0000,084,0100,351,0000
352,0000,353,0100,352,0000,7FF,020B,0000,084,0100,352,0000
353,0000,354,0100,353,0000,7FF,020B,0000,084,0100,353,0000
354,0000,355,0100,354,0000,7FF,020B,0000,084,0100,354,0000
355,0000,356,0100,355,0000,7FF,020B,0000,084,0100,355,0000
356,0000,357,0100,356,0000,7FF,020B,0000,084,0100,356,0000
357,0000,358,0100,357,0000,7FF,020B,0000,084,0100,357,0000
358,0000,359,0100,358,0000,7FF,020B,0000,084,0100,358,0000
359,0000,35A,0100,359,0000,7FF,020B,0000,084,0100,359,0000
35A,0000,35B,0100,35A,0000,7FF,020B,0000,084,0100,35A,0000
35B,0000,35C,0100,35B,0000,7FF,020B,0000,084,0100,35B,0000
35C,0000,35D,0100,35C,0000,7FF,020B,0000,084,0100,35C,0000
35D,0000,35E,0100,35D,0000,7FF,020B,0000,084,0100,35D,0000
35E,0000,35F,0100,35E,0000,7FF,020B,0000,084,0100,35E,0000
35F,0000,360,0100,35F,0000,7FF,020B,0000,084,0100,35F,0000
360,0000,361,0100,360,0000,7FF,020B,0000,084,0100,360,0000
361,0000,362,0100,361,0000,7FF,020B,0000,084,0100,361,0000
362,0000,363,0100,362,0000,7FF,020B,0000,084,0100,362,0000
363,0000,364,0100,363,0000,7FF,020B,0000,084,0100,363,0000
364,0000,365,0100,364,0000,7FF,020B,0000,084,0100,364,0000
365,0000,366,0100,365,0000,7FF,020B,0000,084,0100,365,0000
366,0000,367,0100,366,0000,7FF,020B,0000,084,0100,366,0000
367,0000,368,0100,367,0000,7FF,020B,0000,084,0100,367,0000
368,0000,369,0100,368,0000,7FF,020B,0000,084,0100,368,0000
369,0000,36A,0100,369,0000,7FF,020B,0000,084,0100,369,0000
36A,0000,36B,0100,36A,0000,7FF,020B,0000,084,0100,36A,0000
36B,0000,36C,0100,36B,0000,7FF,020B,0000,084,0100,36B,0000
36C,0000,36D,0100,36C,0000,7FF,020B,0000,084,0100,36C,0000
36D,0000,36E,0100,36D,0000,7FF,020B,0000,084,0100,36D,0000
36E,0000,36F,0100,36E,0000,7FF,020B,0000,084,0100,36E,0000
36F,0000,370,0100,36F,0000,7FF,020B,0000,084,0100,36F,0000
370,0000,371,0100,370,0000,7FF,020B,0000,084,0100,370,0000
371,0000,372,0100,371,0000,7FF,020B,0000,084,0100,371,0000
372,0000,373,0100,372,0000,7FF,020B,0000,084,0100,372,0000
373,0000,374,0100,373,0000,7FF,020B,0000,084,0100,373,0000
374,0000,375,0100,374,0000,7FF,020B,0000,084,0100,374,0000
375,0000,376,0100,375,0000,7FF,020B,0000,084,0100,375,0000
376,0000,377,0100,376,0000,7FF,020B,0000,084,0100,376,0000
377,0000,378,0100,377,0000,7FF,020B,0000,084,0100,377,0000
378,0000,379,0100,378,0000,7FF,020B,0000,084,0100,378,0000
379,0000,37A,0100,379,0000,7FF,020B,0000,084,0100,379,0000
37A,0000,37B,0100,37A,0000,7FF,020B,0000,084,0100,37A,0000
37B,0000,37C,0100,37B,0000,7FF,020B,0000,084,0100,37B,0000
37C,0000,37D,0100,37C,0000,7FF,020B,0000,084,0100,37C,0000
37D,0000,37E,0100,37D,0000,7FF,020B,0000,084,0100,37D,0000
37E,0000,37F,0100,37E,0000,7FF,020B,0000,084,0100,37E,0000
37F,0000,380,0100,37F,0000,7FF,020B,0000,084,0100,37F,0000
380,0000,381,0100,380,0000,7FF,020B,0000,084,0100,380,0000
381,0000,382,0100,381,0000,7FF,020B,0000,084,0100,381,0000
382,0000,383,0100,382,0000,7FF,020B,0000,084,0100,382,0000
383,0000,384,0100,383,0000,7FF,020B,0000,084,0100,383,0000
384,0000,385,0100,384,0000,7FF,020B,0000,084,0100,384,0000
385,0000,386,0100,385,0000,7FF,020B,0000,084,0100,385,0000
386,0000,387,0100,386,0000,7FF,020B,0000,084,0100,386,0000
387,0000,388,0100,387,0000,7FF,020B,0000,084,0100,387,0000
388,0000,389,0100,388,0000,7FF,020B,0000,084,0100,388,0000
389,0000,38A,0100,389,0000,7FF,020B,0000,084,0100,389,0000
38A,0000,38B,0100,38A,0000,7FF,020B,0000,084,0100,38A,0000
38B,0000,38C,0100,38B,0000,7FF,020B,0000,084,0100,38B,0000
38C,0000,38D,0100,38C,0000,7FF,020B,0000,084,0100,38C,0000
38D,0000,38E,0100,38D,0000,7FF,020B,0000,084,0100,38D,0000
38E,0000,38F,0100,38E,0000,7FF,020B,0000,084,0100,38E,0000
38F,0000,390,0100,38F,0000,7FF,020B,0000,084,0100,38F,0000
390,0000,391,0100,390,0000,7FF,020B,0000,084,0100,390,0000
391,0000,392,0100,391,0000,7FF,020B,0000,084,0100,391,0000
392,0000,393,0100,392,0000,7FF,020B,0000,084,0100,392,0000
393,0000,394,0100,393,0000,7FF,020B,0000,084,0100,393,0000
394,0000,395,0100,394,0000,7FF,020B,0000,084,0100,394,0000
395,0000,396,0100,395,0000,7FF,020B,0000,084,0100,395,0000
396,0000,397,0100,396,0000,7FF,020B,0000,084,0100,396,0000
397,0000,398,0100,397,0000,7FF,020B,0000,084,0100,397,0000
398,0000,399,0100,398,0000,7FF,020B,0000,084,0100,398,0000
399,0000,39A,0100,399,0000,7FF,020B,0000,084,0100,399,0000
39A,0000,39B,0100,39A,0000,7FF,020B,0000,084,0100,39A,0000
39B,0000,39C,0100,39B,0000,7FF,020B,0000,084,0100,39B,0000
39C,0000,39D,0100,39C,0000,7FF,020B,0000,084,0100,39C,0000
39D,0000,39E,0100,39D,0000,7FF,020B,0000,084,0100,39D,0000
39E,0000,39F,0100,39E,0000,7FF,020B,0000,084,0100,39E,0000
39F,0000,3A0,0100,39F,0000,7FF,020B,0000,084,0100,39F,0000
3A0,0000,3A1,0100,3A0,0000,7FF,020B,0000,084,0100,3A0,0000
3A1,0000,3A2,0100,3A1,0000,7FF,020B,0000,084,0100,3A1,0000
3A2,0000,3A3,0100,3A2,0000,7FF,020B,0000,084,0100,3A2,0000
3A3,0000,3A4,0100,3A3,0000,7FF,020B,0000,084,0100,3A3,0000
3A4,0000,3A5,0100,3A4,0000,7FF,020B,0000,084,0100,3A4,0000
3A5,0000,3A6,0100,3A5,0000,7FF,020B,0000,084,0100,3A5,0000
3A6,0000,3A7,0100,3A6,0000,7FF,020B,0000,084,0100,3A6,0000
3A7,0000,3A8,0100,3A7,0000,7FF,020B,0000,084,0100,3A7,0000
3A8,0000,3A9,0100,3A8,0000,7FF,020B,0000,084,0100,3A8,0000
3A9,0000,3AA,0100,3A9,0000,7FF,020B,0000,084,0100,3A9,0000
3AA,0000,3AB,0100,3AA,0000,7FF,020B,0000,084,0100,3AA,0000
3AB,0000,3AC,0100,3AB,0000,7FF,020B,0000,084,0100,3AB,0000
3AC,0000,3AD,0100,3AC,0000,7FF,020B,0000,084,0100,3AC,0000
3AD,0000,3AE,0100,3AD,0000,7FF,020B,0000,084,0100,3AD,0000
3AE,0000,3AF,0100,3AE,0000,7FF,020B,0000,084,0100,3AE,0000
3AF,0000,3B0,0100,3AF,0000,7FF,020B,0000,084,0100,3AF,0000
3B0,0000,3B1,0100,3B0,0000,7FF,020B,0000,084,0100,3B0,0000
3B1,0000,3B2,0100,3B1,0000,7FF,020B,0000,084,0100,3B1,0000
3B2,0000,3B3,0100,3B2,0000,7FF,020B,0000,084,0100,3B2,0000
3B3,0000,3B4,0100,3B3,0000,7FF,020B,0000,084,0100,3B3,0000
3B4,0000,3B5,0100,3B4,0000,7FF,020B,0000,084,0100,3B4,0000
3B5,0000,3B6,0100,3B5,0000,7FF,020B,0000,084,0100,3B5,0000
3B6,0000,3B7,0100,3B6,0000,7FF,020B,0000,084,0100,3B6,0000
3B7,0000,3B8,0100,3B7,0000,7FF,020B,0000,084,0100,3B7,0000
3B8,0000,3B9,0100,3B8,0000,7FF,020B,0000,084,0100,3B8,0000
3B9,0000,3BA,0100,3B9,0000,7FF,020B,0000,084,0100,3B9,0000
3BA,0000,3BB,0100,3BA,0000,7FF,020B,0000,084,0100,3BA,0000
3BB,0000,3BC,0100,3BB,0000,7FF,020B,0000,084,0100,3BB,0000
3BC,0000,3BD,0100,3BC,0000,7FF,020B,0000,084,0100,3BC,0000
3BD,0000,3BE,0100,3BD,0000,7FF,020B,0000,084,0100,3BD,0000
3BE,0000,3BF,0100,3BE,0000,7FF,020B,0000,084,0100,3BE,0000
3BF,0000,3C0,0100,3BF,0000,7FF,020B,0000,084,0100,3BF,0000
3C0,0000,3C1,0100,3C0,0000,7FF,020B,0000,084,0100,3C0,0000
3C1,0000,3C2,0100,3C1,0000,7FF,020B,0000,084,0100,3C1,0000
3C2,0000,3C3,0100,3C2,0000,7FF,020B,0000,084,0100,3C2,0000
3C3,0000,3C4,0100,3C3,0000,7FF,020B,0000,084,0100,3C3,0000
3C4,0000,3C5,0100,3C4,0000,7FF,020B,0000,084,0100,3C4,0000
3C5,0000,3C6,0100,3C5,0000,7FF,020B,0000,084,0100,3C5,0000
3C6,0000,3C7,0100,3C6,0000,7FF,020B,0000,084,0100,3C6,0000
3C7,0000,3C8,0100,3C7,0000,7FF,020B,0000,084,0100,3C7,0000
3C8,0000,3C9,0100,3C8,0000,7FF,020B,0000,084,0100,3C8,0000
3C9,0000,3CA,0100,3C9,0000,7FF,020B,0000,084,0100,3C9,0000
3CA,0000,3CB,0100,3CA,0000,7FF,020B,0000,084,0100,3CA,0000
3CB,0000,3CC,0100,3CB,0000,7FF,020B,0000,084,0100,3CB,0000
3CC,0000,3CD,0100,3CC,0000,7FF,020B,0000,084,0100,3CC,0000
3CD,0000,3CE,0100,3CD,0000,7FF,020B,0000,084,0100,3CD,0000
3CE,0000,3CF,0100,3CE,0000,7FF,020B,0000,084,0100,3CE,0000
3CF,0000,3D0,0100,3CF,0000,7FF,020B,0000,084,0100,3CF,0000
3D0,0000,3D1,0100,3D0,0000,7FF,020B,0000,084,0100,3D0,0000
3D1,0000,3D2,0100,3D1,0000,7FF,020B,0000,084,0100,3D1,0000
3D2,0000,3D3,0100,3D2,0000,7FF,020B,0000,084,0100,3D2,0000
3D3,0000,3D4,0100,3D3,0000,7FF,020B,0000,084,0100,3D3,0000
3D4,0000,3D5,0100,3D4,0000,7FF,020B,0000,084,0100,3D4,0000
3D5,0000,3D6,0100,3D5,0000,7FF,020B,0000,084,0100,3D5,0000
3D6,0000,3D7,0100,3D6,0000,7FF,020B,0000,084,0100,3D6,0000
3D7,0000,3D8,0100,3D7,0000,7FF,020B,0000,084,0100,3D7,0000
3D8,0000,3D9,0100,3D8,0000,7FF,020B,0000,084,0100,3D8,0000
3D9,0000,3DA,0100,3D9,0000,7FF,020B,0000,084,0100,3D9,0000
3DA,0000,3DB,0100,3DA,0000,7FF,020B,0000,084,0100,3DA,0000
3DB,0000,3DC,0100,3DB,0000,7FF,020B,0000,084,0100,3DB,0000
3DC,0000,3DD,0100,3DC,0000,7FF,020B,0000,084,0100,3DC,0000
3DD,0000,3DE,0100,3DD,0000,7FF,020B,0000,084,0100,3DD,0000
3DE,0000,3DF,0100,3DE,0000,7FF,020B,0000,084,0100,3DE,0000
3DF,0000,3E0,0100,3DF,0000,7FF,020B,0000,084,0100,3DF,0000
3E0,0000,3E1,0100,3E0,0000,7FF,020B,0000,084,0100,3E0,0000
3E1,0000,3E2,0100,3E1,0000,7FF,020B,0000,084,0100,3E1,0000
3E2,0000,3E3,0100,3E2,0000,7FF,020B,0000,084,0100,3E2,0000
3E3,0000,3E4,0100,3E3,0000,7FF,020B,0000,084,0100,3E3,0000
3E4,0000,3E5,0100,3E4,0000,7FF,020B,0000,084,0100,3E4,0000
3E5,0000,3E6,0100,3E5,0000,7FF,020B,0000,084,0100,3E5,0000
3E6,0000,3E7,0100,3E6,0000,7FF,020B,0000,084,0100,3E6,0000
3E7,0000,3E8,0100,3E7,0000,7FF,020B,0000,084,0100,3E7,0000
3E8,0000,3E9,0100,3E8,0000,7FF,020B,0000,084,0100,3E8,0000
3E9,0000,3EA,0100,3E9,0000,7FF,020B,0000,084,0100,3E9,0000
3EA,0000,3EB,0100,3EA,0000,7FF,020B,0000,084,0100,3EA,0000
3EB,0000,3EC,0100,3EB,0000,7FF,020B,0000,084,0100,3EB,0000
3EC,0000,3ED,0100,3EC,0000,7FF,020B,0000,084,0100,3EC,0000
3ED,0000,3EE,0100,3ED,0000,7FF,020B,0000,084,0100,3ED,0000
3EE,0000,3EF,0100,3EE,0000,7FF,020B,0000,084,0100,3EE,0000
3EF,0000,3F0,0100,3EF,0000,7FF,020B,0000,084,0100,3EF,0000
3F0,0000,3F1,0100,3F0,0000,7FF,020B,0000,084,0100,3F0,0000
3F1,0000,3F2,0100,3F1,0000,7FF,020B,0000,084,0100,3F1,0000
3F2,0000,3F3,0100,3F2,0000,7FF,020B,0000,084,0100,3F2,0000
3F3,0000,3F4,0100,3F3,0000,7FF,020B,0000,084,0100,3F3,0000
3F4,0000,3F5,0100,3F4,0000,7FF,020B,0000,084,0100,3F4,0000
3F5,0000,3F6,0100,3F5,0000,7FF,020B,0000,084,0100,3F5,0000
3F6,0000,3F7,0100,3F6,0000,7FF,020B,0000,084,0100,3F6,0000
3F7,0000,3F8,0100,3F7,0000,7FF,020B,0000,084,0100,3F7,0000
3F8,0000,3F9,0100,3F8,0000,7FF,020B,0000,084,0100,3F8,0000
3F9,0000,3FA,0100,3F9,0000,7FF,020B,0000,084,0100,3F9,0000
3FA,0000,3FB,0100,3FA,0000,7FF,020B,0000,084,0100,3FA,0000
3FB,0000,3FC,0100,3FB,0000,7FF,020B,0000,084,0100,3FB,0000
3FC,0000,3FD,0100,3FC,0000,7FF,020B,0000,084,0100,3FC,0000
3FD,0000,3FE,0100,3FD,0000,7FF,020B,0000,084,0100,3FD,0000
3FE,0000,3FF,0100,3FE,0000,7FF,020B,0000,084,0100,3FE,0000
3FF,0000,400,0100,3FF,0000,7FF,020B,0000,084,0100,3FF,0000
400,0000,401,0100,400,0000,7FF,020B,0000,084,0100,400,0000
401,0000,402,0100,401,0000,7FF,020B,0000,084,0100,401,0000
402,0000,403,0100,402,0000,7FF,020B,0000,084,0100,402,0000
403,0000,404,0100,403,0000,7FF,020B,0000,084,0100,403,0000
404,0000,405,0100,404,0000,7FF,020B,0000,084,0100,404,0000
405,0000,406,0100,405,0000,7FF,020B,0000,084,0100,405,0000
406,0000,407,0100,406,0000,7FF,020B,0000,084,0100,406,0000
407,0000,408,0100,407,0000,7FF,020B,0000,084,0100,407,0000
408,0000,409,0100,408,0000,7FF,020B,0000,084,0100,408,0000
409,0000,40A,0100,409,0000,7FF,020B,0000,084,0100,409,0000
40A,0000,40B,0100,40A,0000,7FF,020B,0000,084,0100,40A,0000
40B,0000,40C,0100,40B,0000,7FF,020B,0000,084,0100,40B,0000
40C,0000,40D,0100,40C,0000,7FF,020B,0000,084,0100,40C,0000
40D,0000,40E,0100,40D,0000,7FF,020B,0000,084,0100,40D,0000
40E,0000,40F,0100,40E,0000,7FF,020B,0000,084,0100,40E,0000
40F,0000,410,0100,40F,0000,7FF,020B,0000,084,0100,40F,0000
410,0000,411,0100,410,0000,7FF,020B,0000,084,0100,410,0000
411,0000,412,0100,411,0000,7FF,020B,0000,084,0100,411,0000
412,0000,413,0100,412,0000,7FF,020B,0000,084,0100,412,0000
413,0000,414,0100,413,0000,7FF,020B,0000,084,0100,413,0000
414,0000,415,0100,414,0000,7FF,020B,0000,084,0100,414,0000
415,0000,416,0100,415,0000,7FF,020B,0000,084,0100,415,0000
416,0000,417,0100,416,0000,7FF,020B,0000,084,0100,416,0000
417,0000,418,0100,417,0000,7FF,020B,0000,084,0100,417,0000
418,0000,419,0100,418,0000,7FF,020B,0000,084,0100,418,0000
419,0000,41A,0100,419,0000,7FF,020B,0000,084,0100,419,0000
41A,0000,41B,0100,41A,0000,7FF,020B,0000,084,0100,41A,0000
41B,0000,41C,0100,41B,0000,7FF,020B,0000,084,0100,41B,0000
41C,0000,41D,0100,41C,0000,7FF,020B,0000,084,0100,41C,0000
41D,0000,41E,0100,41D,0000,7FF,020B,0000,084,0100,41D,0000
41E,0000,41F,0100,41E,0000,7FF,020B,0000,084,0100,41E,0000
41F,0000,420,0100,41F,0000,7FF,020B,0000,084,0100,41F,0000
420,0000,421,0100,420,0000,7FF,020B,0000,084,0100,420,0000
421,0000,422,0100,421,0000,7FF,020B,0000,084,0100,421,0000
422,0000,423,0100,422,0000,7FF,020B,0000,084,0100,422,0000
423,0000,424,0100,423,0000,7FF,020B,0000,084,0100,423,0000
424,0000,425,0100,424,0000,7FF,020B,0000,084,0100,424,0000
425,0000,426,0100,425,0000,7FF,020B,0000,084,0100,425,0000
426,0000,427,0100,426,0000,7FF,020B,0000,084,0100,426,0000
427,0000,428,0100,427,0000,7FF,020B,0000,084,0100,427,0000
428,0000,429,0100,428,0000,7FF,020B,0000,084,0100,428,0000
429,0000,42A,0100,429,0000,7FF,020B,0000,084,0100,429,0000
42A,0000,42B,0100,42A,0000,7FF,020B,0000,084,0100,42A,0000
42B,0000,42C,0100,42B,0000,7FF,020B,0000,084,0100,42B,0000
42C,0000,42D,0100,42C,0000,7FF,020B,0000,084,0100,42C,0000
42D,0000,42E,0100,42D,0000,7FF,020B,0000,084,0100,42D,0000
42E,0000,42F,0100,42E,0000,7FF,020B,0000,084,0100,42E,0000
42F,0000,430,0100,42F,0000,7FF,020B,0000,084,0100,42F,0000
430,0000,431,0100,430,0000,7FF,020B,0000,084,0100,430,0000
431,0000,432,0100,431,0000,7FF,020B,0000,084,0100,431,0000
432,0000,433,0100,432,0000,7FF,020B,0000,084,0100,432,0000
433,0000,434,0100,433,0000,7FF,020B,0000,084,0100,433,0000
434,0000,435,0100,434,0000,7FF,020B,0000,084,0100,434,0000
435,0000,436,0100,435,0000,7FF,020B,0000,084,0100,435,0000
436,0000,437,0100,436,0000,7FF,020B,0000,084,0100,436,0000
437,0000,438,0100,437,0000,7FF,020B,0000,084,0100,437,0000
438,0000,439,0100,438,0000,7FF,020B,0000,084,0100,438,0000
439,0000,43A,0100,439,0000,7FF,020B,0000,084,0100,439,0000
43A,0000,43B,0100,43A,0000,7FF,020B,0000,084,0100,43A,0000
43B,0000,43C,0100,43B,0000,7FF,020B,0000,084,0100,43B,0000
43C,0000,43D,0100,43C,0000,7FF,020B,0000,084,0100,43C,0000
43D,0000,43E,0100,43D,0000,7FF,020B,0000,084,0100,43D,0000
43E,0000,43F,0100,43E,0000,7FF,020B,0000,084,0100,43E,0000
43F,0000,440,0100,43F,0000,7FF,020B,0000,084,0100,43F,0000
440,0000,441,0100,440,0000,7FF,020B,0000,084,0100,440,0000
441,0000,442,0100,441,0000,7FF,020B,0000,084,0100,441,0000
442,0000,443,0100,442,0000,7FF,020B,0000,084,0100,442,0000
443,0000,444,0100,443,0000,7FF,020B,0000,084,0100,443,0000
444,0000,445,0100,444,0000,7FF,020B,0000,084,0100,444,0000
445,0000,446,0100,445,0000,7FF,020B,0000,084,0100,445,0000
446,0000,447,0100,446,0000,7FF,020B,0000,084,0100,446,0000
447,0000,448,0100,447,0000,7FF,020B,0000,084,0100,447,0000
448,0000,449,0100,448,0000,7FF,020B,0000,084,0100,448,0000
449,0000,44A,0100,449,0000,7FF,020B,0000,084,0100,449,0000
44A,0000,44B,0100,44A,0000,7FF,020B,0000,084,0100,44A,0000
44B,0000,44C,0100,44B,0000,7FF,020B,0000,084,0100,44B,0000
44C,0000,44D,0100,44C,0000,7FF,020B,0000,084,0100,44C,0000
44D,0000,44E,0100,44D,0000,7FF,020B,0000,084,0100,44D,0000
44E,0000,44F,0100,44E,0000,7FF,020B,0000,084,0100,44E,0000
44F,0000,450,0100,44F,0000,7FF,020B,0000,084,0100,44F,0000
450,0000,451,0100,450,0000,7FF,020B,0000,084,0100,450,0000
451,0000,452,0100,451,0000,7FF,020B,0000,084,0100,451,0000
452,0000,453,0100,452,0000,7FF,020B,0000,084,0100,452,0000
453,0000,454,0100,453,0000,7FF,020B,0000,084,0100,453,0000
454,0000,455,0100,454,0000,7FF,020B,0000,084,0100,454,0000
455,0000,456,0100,455,0000,7FF,020B,0000,084,0100,455,0000
456,0000,457,0100,456,0000,7FF,020B,0000,084,0100,456,0000
457,0000,458,0100,457,0000,7FF,020B,0000,084,0100,457,0000
458,0000,459,0100,458,0000,7FF,020B,0000,084,0100,458,0000
459,0000,45A,0100,459,0000,7FF,020B,0000,084,0100,459,0000
45A,0000,45B,0100,45A,0000,7FF,020B,0000,084,0100,45A,0000
45B,0000,45C,0100,45B,0000,7FF,020B,0000,084,0100,45B,0000
45C,0000,45D,0100,45C,0000,7FF,020B,0000,084,0100,45C,0000
45D,0000,45E,0100,45D,0000,7FF,020B,0000,084,0100,45D,0000
45E,0000,45F,0100,45E,0000,7FF,020B,0000,084,0100,45E,0000
45F,0000,460,0100,45F,0000,7FF,020B,0000,084,0100,45F,0000
460,0000,461,0100,460,0000,7FF,020B,0000,084,0100,460,0000
461,0000,462,0100,461,0000,7FF,020B,0000,084,0100,461,0000
462,0000,463,0100,462,0000,7FF,020B,0000,084,0100,462,0000
463,0000,464,0100,463,0000,7FF,020B,0000,084,0100,463,0000
464,0000,465,0100,464,0000,7FF,020B,0000,084,0100,464,0000
465,0000,466,0100,465,0000,7FF,020B,0000,084,0100,465,0000
466,0000,467,0100,466,0000,7FF,020B,0000,084,0100,466,0000
467,0000,468,0100,467,0000,7FF,020B,0000,084,0100,467,0000
468,0000,469,0100,468,0000,7FF,020B,0000,084,0100,468,0000
469,0000,46A,0100,469,0000,7FF,020B,0000,084,0100,469,0000
46A,0000,46B,0100,46A,0000,7FF,020B,0000,084,0100,46A,0000
46B,0000,46C,0100,46B,0000,7FF,020B,0000,084,0100,46B,0000
46C,0000,46D,0100,46C,0000,7FF,020B,0000,084,0100,46C,0000
46D,0000,46E,0100,46D,0000,7FF,020B,0000,084,0100,46D,0000
46E,0000,46F,0100,46E,0000,7FF,020B,0000,084,0100,46E,0000
46F,0000,470,0100,46F,0000,7FF,020B,0000,084,0100,46F,0000
470,0000,471,0100,470,0000,7FF,020B,0000,084,0100,470,0000
471,0000,472,0100,471,0000,7FF,020B,0000,084,0100,471,0000
472,0000,473,0100,472,0000,7FF,020B,0000,084,0100,472,0000
473,0000,474,0100,473,0000,7FF,020B,0000,084,0100,473,0000
474,0000,475,0100,474,0000,7FF,020B,0000,084,0100,474,0000
475,0000,476,0100,475,0000,7FF,020B,0000,084,0100,475,0000
476,0000,477,0100,476,0000,7FF,020B,0000,084,0100,476,0000
477,0000,478,0100,477,0000,7FF,020B,0000,084,0100,477,0000
478,0000,479,0100,478,0000,7FF,020B,0000,084,0100,478,0000
479,0000,47A,0100,479,0000,7FF,020B,0000,084,0100,479,0000
47A,0000,47B,0100,47A,0000,7FF,020B,0000,084,0100,47A,0000
47B,0000,47C,0100,47B,0000,7FF,020B,0000,084,0100,47B,0000
47C,0000,47D,0100,47C,0000,7FF,020B,0000,084,0100,47C,0000
47D,0000,47E,0100,47D,0000,7FF,020B,0000,084,0100,47D,0000
47E,0000,47F,0100,47E,0000,7FF,020B,0000,084,0100,47E,0000
47F,0000,480,0100,47F,0000,7FF,020B,0000,084,0100,47F,0000
480,0000,481,0100,480,0000,7FF,020B,0000,084,0100,480,0000
481,0000,482,0100,481,0000,7FF,020B,0000,084,0100,481,0000
482,0000,483,0100,482,0000,7FF,020B,0000,084,0100,482,0000
483,0000,484,0100,483,0000,7FF,020B,0000,084,0100,483,0000
484,0000,485,0100,484,0000,7FF,020B,0000,084,0100,484,0000
485,0000,486,0100,485,0000,7FF,020B,0000,084,0100,485,0000
486,0000,487,0100,486,0000,7FF,020B,0000,084,0100,486,0000
487,0000,488,0100,487,0000,7FF,020B,0000,084,0100,487,0000
488,0000,489,0100,488,0000,7FF,020B,0000,084,0100,488,0000
489,0000,48A,0100,489,0000,7FF,020B,0000,084,0100,489,0000
48A,0000,48B,0100,48A,0000,7FF,020B,0000,084,0100,48A,0000
48B,0000,48C,0100,48B,0000,7FF,020B,0000,084,0100,48B,0000
48C,0000,48D,0100,48C,0000,7FF,020B,0000,084,0100,48C,0000
48D,0000,48E,0100,48D,0000,7FF,020B,0000,084,0100,48D,0000
48E,0000,48F,0100,48E,0000,7FF,020B,0000,084,0100,48E,0000
48F,0000,490,0100,48F,0000,7FF,020B,0000,084,0100,48F,0000
490,0000,491,0100,490,0000,7FF,020B,0000,084,0100,490,0000
491,0000,492,0100,491,0000,7FF,020B,0000,084,0100,491,0000
492,0000,493,0100,492,0000,7FF,020B,0000,084,0100,492,0000
493,0000,494,0100,493,0000,7FF,020B,0000,084,0100,493,0000
494,0000,495,0100,494,0000,7FF,020B,0000,084,0100,494,0000
495,0000,496,0100,495,0000,7FF,020B,0000,084,0100,495,0000
496,0000,497,0100,496,0000,7FF,020B,0000,084,0100,496,0000
497,0000,498,0100,497,0000,7FF,020B,0000,084,0100,497,0000
498,0000,499,0100,498,0000,7FF,020B,0000,084,0100,498,0000
499,0000,49A,0100,499,0000,7FF,020B,0000,084,0100,499,0000
49A,0000,49B,0100,49A,0000,7FF,020B,0000,084,0100,49A,0000
49B,0000,49C,0100,49B,0000,7FF,020B,0000,084,0100,49B,0000
49C,0000,49D,0100,49C,0000,7FF,020B,0000,084,0100,49C,0000
49D,0000,49E,0100,49D,0000,7FF,020B,0000,084,0100,49D,0000
49E,0000,49F,0100,49E,0000,7FF,020B,0000,084,0100,49E,0000
49F,0000,4A0,0100,49F,0000,7FF,020B,0000,084,0100,49F,0000
4A0,0000,4A1,0100,4A0,0000,7FF,020B,0000,084,0100,4A0,0000
4A1,0000,4A2,0100,4A1,0000,7FF,020B,0000,084,0100,4A1,0000
4A2,0000,4A3,0100,4A2,0000,7FF,020B,0000,084,0100,4A2,0000
4A3,0000,4A4,0100,4A3,0000,7FF,020B,0000,084,0100,4A3,0000
4A4,0000,4A5,0100,4A4,0000,7FF,020B,0000,084,0100,4A4,0000
4A5,0000,4A6,0100,4A5,0000,7FF,020B,0000,084,0100,4A5,0000
4A6,0000,4A7,0100,4A6,0000,7FF,020B,0000,084,0100,4A6,0000
4A7,0000,4A8,0100,4A7,0000,7FF,020B,0000,084,0100,4A7,0000
4A8,0000,4A9,0100,4A8,0000,7FF,020B,0000,084,0100,4A8,0000
4A9,0000,4AA,0100,4A9,0000,7FF,020B,0000,084,0100,4A9,0000
4AA,0000,4AB,0100,4AA,0000,7FF,020B,0000,084,0100,4AA,0000
4AB,0000,4AC,0100,4AB,0000,7FF,020B,0000,084,0100,4AB,0000
4AC,0000,4AD,0100,4AC,0000,7FF,020B,0000,084,0100,4AC,0000
4AD,0000,4AE,0100,4AD,0000,7FF,020B,0000,084,0100,4AD,0000
4AE,0000,4AF,0100,4AE,0000,7FF,020B,0000,084,0100,4AE,0000
4AF,0000,4B0,0100,4AF,0000,7FF,020B,0000,084,0100,4AF,0000
4B0,0000,4B1,0100,4B0,0000,7FF,020B,0000,084,0100,4B0,0000
4B1,0000,4B2,0100,4B1,0000,7FF,020B,0000,084,0100,4B1,0000
4B2,0000,4B3,0100,4B2,0000,7FF,020B,0000,084,0100,4B2,0000
4B3,0000,4B4,0100,4B3,0000,7FF,020B,0000,084,0100,4B3,0000
4B4,0000,4B5,0100,4B4,0000,7FF,020B,0000,084,0100,4B4,0000
4B5,0000,4B6,0100,4B5,0000,7FF,020B,0000,084,0100,4B5,0000
4B6,0000,4B7,0100,4B6,0000,7FF,020B,0000,084,0100,4B6,0000
4B7,0000,4B8,0100,4B7,0000,7FF,020B,0000,084,0100,4B7,0000
4B8,0000,4B9,0100,4B8,0000,7FF,020B,0000,084,0100,4B8,0000
4B9,0000,4BA,0100,4B9,0000,7FF,020B,0000,084,0100,4B9,0000
4BA,0000,4BB,0100,4BA,0000,7FF,020B,0000,084,0100,4BA,0000
4BB,0000,4BC,0100,4BB,0000,7FF,020B,0000,084,0100,4BB,0000
4BC,0000,4BD,0100,4BC,0000,7FF,020B,0000,084,0100,4BC,0000
4BD,0000,4BE,0100,4BD,0000,7FF,020B,0000,084,0100,4BD,0000
4BE,0000,4BF,0100,4BE,0000,7FF,020B,0000,084,0100,4BE,0000
4BF,0000,4C0,0100,4BF,0000,7FF,020B,0000,084,0100,4BF,0000
4C0,0000,4C1,0100,4C0,0000,7FF,020B,0000,084,0100,4C0,0000
4C1,0000,4C2,0100,4C1,0000,7FF,020B,0000,084,0100,4C1,0000
4C2,0000,4C3,0100,4C2,0000,7FF,020B,0000,084,0100,4C2,0000
4C3,0000,4C4,0100,4C3,0000,7FF,020B,0000,084,0100,4C3,0000
4C4,0000,4C5,0100,4C4,0000,7FF,020B,0000,084,0100,4C4,0000
4C5,0000,4C6,0100,4C5,0000,7FF,020B,0000,084,0100,4C5,0000
4C6,0000,4C7,0100,4C6,0000,7FF,020B,0000,084,0100,4C6,0000
4C7,0000,4C8,0100,4C7,0000,7FF,020B,0000,084,0100,4C7,0000
4C8,0000,4C9,0100,4C8,0000,7FF,020B,0000,084,0100,4C8,0000
4C9,0000,4CA,0100,4C9,0000,7FF,020B,0000,084,0100,4C9,0000
4CA,0000,4CB,0100,4CA,0000,7FF,020B,0000,084,0100,4CA,0000
4CB,0000,4CC,0100,4CB,0000,7FF,020B,0000,084,0100,4CB,0000
4CC,0000,4CD,0100,4CC,0000,7FF,020B,0000,084,0100,4CC,0000
4CD,0000,4CE,0100,4CD,0000,7FF,020B,0000,084,0100,4CD,0000
4CE,0000,4CF,0100,4CE,0000,7FF,020B,0000,084,0100,4CE,0000
4CF,0000,4D0,0100,4CF,0000,7FF,020B,0000,084,0100,4CF,0000
4D0,0000,4D1,0100,4D0,0000,7FF,020B,0000,084,0100,4D0,0000
4D1,0000,4D2,0100,4D1,0000,7FF,020B,0000,084,0100,4D1,0000
4D2,0000,4D3,0100,4D2,0000,7FF,020B,0000,084,0100,4D2,0000
4D3,0000,4D4,0100,4D3,0000,7FF,020B,0000,084,0100,4D3,0000
4D4,0000,4D5,0100,4D4,0000,7FF,020B,0000,084,0100,4D4,0000
4D5,0000,4D6,0100,4D5,0000,7FF,020B,0000,084,0100,4D5,0000
4D6,0000,4D7,0100,4D6,0000,7FF,020B,0000,084,0100,4D6,0000
4D7,0000,4D8,0100,4D7,0000,7FF,020B,0000,084,0100,4D7,0000
4D8,0000,4D9,0100,4D8,0000,7FF,020B,0000,084,0100,4D8,0000
4D9,0000,4DA,0100,4D9,0000,7FF,020B,0000,084,0100,4D9,0000
4DA,0000,4DB,0100,4DA,0000,7FF,020B,0000,084,0100,4DA,0000
4DB,0000,4DC,0100,4DB,0000,7FF,020B,0000,084,0100,4DB,0000
4DC,0000,4DD,0100,4DC,0000,7FF,020B,0000,084,0100,4DC,0000
4DD,0000,4DE,0100,4DD,0000,7FF,020B,0000,084,0100,4DD,0000
4DE,0000,4DF,0100,4DE,0000,7FF,020B,0000,084,0100,4DE,0000
4DF,0000,4E0,0100,4DF,0000,7FF,020B,0000,084,0100,4DF,0000
4E0,0000,4E1,0100,4E0,0000,7FF,020B,0000,084,0100,4E0,0000
4E1,0000,4E2,0100,4E1,0000,7FF,020B,0000,084,0100,4E1,0000
4E2,0000,4E3,0100,4E2,0000,7FF,020B,0000,084,0100,4E2,0000
4E3,0000,4E4,0100,4E3,0000,7FF,020B,0000,084,0100,4E3,0000
4E4,0000,4E5,0100,4E4,0000,7FF,020B,0000,084,0100,4E4,0000
4E5,0000,4E6,0100,4E5,0000,7FF,020B,0000,084,0100,4E5,0000
4E6,0000,4E7,0100,4E6,0000,7FF,020B,0000,084,0100,4E6,0000
4E7,0000,4E8,0100,4E7,0000,7FF,020B,0000,084,0100,4E7,0000
4E8,0000,4E9,0100,4E8,0000,7FF,020B,0000,084,0100,4E8,0000
4E9,0000,4EA,0100,4E9,0000,7FF,020B,0000,084,0100,4E9,0000
4EA,0000,4EB,0100,4EA,0000,7FF,020B,0000,084,0100,4EA,0000
4EB,0000,4EC,0100,4EB,0000,7FF,020B,0000,084,0100,4EB,0000
4EC,0000,4ED,0100,4EC,0000,7FF,020B,0000,084,0100,4EC,0000
4ED,0000,4EE,0100,4ED,0000,7FF,020B,0000,084,0100,4ED,0000
4EE,0000,4EF,0100,4EE,0000,7FF,020B,0000,084,0100,4EE,0000
4EF,0000,4F0,0100,4EF,0000,7FF,020B,0000,084,0100,4EF,0000
4F0,0000,4F1,0100,4F0,0000,7FF,020B,0000,084,0100,4F0,0000
4F1,0000,4F2,0100,4F1,0000,7FF,020B,0000,084,0100,4F1,0000
4F2,0000,4F3,0100,4F2,0000,7FF,020B,0000,084,0100,4F2,0000
4F3,0000,4F4,0100,4F3,0000,7FF,020B,0000,084,0100,4F3,0000
4F4,0000,4F5,0100,4F4,0000,7FF,020B,0000,084,0100,4F4,0000
4F5,0000,4F6,0100,4F5,0000,7FF,020B,0000,084,0100,4F5,0000
4F6,0000,4F7,0100,4F6,0000,7FF,020B,0000,084,0100,4F6,0000
4F7,0000,4F8,0100,4F7,0000,7FF,020B,0000,084,0100,4F7,0000
4F8,0000,4F9,0100,4F8,0000,7FF,020B,0000,084,0100,4F8,0000
4F9,0000,4FA,0100,4F9,0000,7FF,020B,0000,084,0100,4F9,0000
4FA,0000,4FB,0100,4FA,0000,7FF,020B,0000,084,0100,4FA,0000
4FB,0000,4FC,0100,4FB,0000,7FF,020B,0000,084,0100,4FB,0000
4FC,0000,4FD,0100,4FC,0000,7FF,020B,0000,084,0100,4FC,0000
4FD,0000,4FE,0100,4FD,0000,7FF,020B,0000,084,0100,4FD,0000
4FE,0000,4FF,0100,4FE,0000,7FF,020B,0000,084,0100,4FE,0000
4FF,0000,500,0100,4FF,0000,7FF,020B,0000,084,0100,4FF,0000
500,0000,501,0100,500,0000,7FF,020B,0000,084,0100,500,0000
501,0000,502,0100,501,0000,7FF,020B,0000,084,0100,501,0000
502,0000,503,0100,502,0000,7FF,020B,0000,084,0100,502,0000
503,0000,504,0100,503,0000,7FF,020B,0000,084,0100,503,0000
504,0000,505,0100,504,0000,7FF,020B,0000,084,0100,504,0000
505,0000,506,0100,505,0000,7FF,020B,0000,084,0100,505,0000
506,0000,507,0100,506,0000,7FF,020B,0000,084,0100,506,0000
507,0000,508,0100,507,0000,7FF,020B,0000,084,0100,507,0000
508,0000,509,0100,508,0000,7FF,020B,0000,084,0100,508,0000
509,0000,50A,0100,509,0000,7FF,020B,0000,084,0100,509,0000
50A,0000,50B,0100,50A,0000,7FF,020B,0000,084,0100,50A,0000
50B,0000,50C,0100,50B,0000,7FF,020B,0000,084,0100,50B,0000
50C,0000,50D,0100,50C,0000,7FF,020B,0000,084,0100,50C,0000
50D,0000,50E,0100,50D,0000,7FF,020B,0000,084,0100,50D,0000
50E,0000,50F,0100,50E,0000,7FF,020B,0000,084,0100,50E,0000
50F,0000,510,0100,50F,0000,7FF,020B,0000,084,0100,50F,0000
510,0000,511,0100,510,0000,7FF,020B,0000,084,0100,510,0000
511,0000,512,0100,511,0000,7FF,020B,0000,084,0100,511,0000
512,0000,513,0100,512,0000,7FF,020B,0000,084,0100,512,0000
513,0000,514,0100,513,0000,7FF,020B,0000,084,0100,513,0000
514,0000,515,0100,514,0000,7FF,020B,0000,084,0100,514,0000
515,0000,516,0100,515,0000,7FF,020B,0000,084,0100,515,0000
516,0000,517,0100,516,0000,7FF,020B,0000,084,0100,516,0000
517,0000,518,0100,517,0000,7FF,020B,0000,084,0100,517,0000
518,0000,519,0100,518,0000,7FF,020B,0000,084,0100,518,0000
519,0000,51A,0100,519,0000,7FF,020B,0000,084,0100,519,0000
51A,0000,51B,0100,51A,0000,7FF,020B,0000,084,0100,51A,0000
51B,0000,51C,0100,51B,0000,7FF,020B,0000,084,0100,51B,0000
51C,0000,51D,0100,51C,0000,7FF,020B,0000,084,0100,51C,0000
51D,0000,51E,0100,51D,0000,7FF,020B,0000,084,0100,51D,0000
51E,0000,51F,0100,51E,0000,7FF,020B,0000,084,0100,51E,0000
51F,0000,520,0100,51F,0000,7FF,020B,0000,084,0100,51F,0000
520,0000,521,0100,520,0000,7FF,020B,0000,084,0100,520,0000
521,0000,522,0100,521,0000,7FF,020B,0000,084,0100,521,0000
522,0000,523,0100,522,0000,7FF,020B,0000,084,0100,522,0000
523,0000,524,0100,523,0000,7FF,020B,0000,084,0100,523,0000
524,0000,525,0100,524,0000,7FF,020B,0000,084,0100,524,0000
525,0000,526,0100,525,0000,7FF,020B,0000,084,0100,525,0000
526,0000,527,0100,526,0000,7FF,020B,0000,084,0100,526,0000
527,0000,528,0100,527,0000,7FF,020B,0000,084,0100,527,0000
528,0000,529,0100,528,0000,7FF,020B,0000,084,0100,528,0000
529,0000,52A,0100,529,0000,7FF,020B,0000,084,0100,529,0000
52A,0000,52B,0100,52A,0000,7FF,020B,0000,084,0100,52A,0000
52B,0000,52C,0100,52B,0000,7FF,020B,0000,084,0100,52B,0000
52C,0000,52D,0100,52C,0000,7FF,020B,0000,084,0100,52C,0000
52D,0000,52E,0100,52D,0000,7FF,020B,0000,084,0100,52D,0000
52E,0000,52F,0100,52E,0000,7FF,020B,0000,084,0100,52E,0000
52F,0000,530,0100,52F,0000,7FF,020B,0000,084,0100,52F,0000
530,0000,531,0100,530,0000,7FF,020B,0000,084,0100,530,0000
531,0000,532,0100,531,0000,7FF,020B,0000,084,0100,531,0000
532,0000,533,0100,532,0000,7FF,020B,0000,084,0100,532,0000
533,0000,534,0100,533,0000,7FF,020B,0000,084,0100,533,0000
534,0000,535,0100,534,0000,7FF,020B,0000,084,0100,534,0000
535,0000,536,0100,535,0000,7FF,020B,0000,084,0100,535,0000
536,0000,537,0100,536,0000,7FF,020B,0000,084,0100,536,0000
537,0000,538,0100,537,0000,7FF,020B,0000,084,0100,537,0000
538,0000,539,0100,538,0000,7FF,020B,0000,084,0100,538,0000
539,0000,53A,0100,539,0000,7FF,020B,0000,084,0100,539,0000
53A,0000,53B,0100,53A,0000,7FF,020B,0000,084,0100,53A,0000
53B,0000,53C,0100,53B,0000,7FF,020B,0000,084,0100,53B,0000
53C,0000,53D,0100,53C,0000,7FF,020B,0000,084,0100,53C,0000
53D,0000,53E,0100,53D,0000,7FF,020B,0000,084,0100,53D,0000
53E,0000,53F,0100,53E,0000,7FF,020B,0000,084,0100,53E,0000
53F,0000,540,0100,53F,0000,7FF,020B,0000,084,0100,53F,0000
540,0000,541,0100,540,0000,7FF,020B,0000,084,0100,540,0000
541,0000,542,0100,541,0000,7FF,020B,0000,084,0100,541,0000
542,0000,543,0100,542,0000,7FF,020B,0000,084,0100,542,0000
543,0000,544,0100,543,0000,7FF,020B,0000,084,0100,543,0000
544,0000,545,0100,544,0000,7FF,020B,0000,084,0100,544,0000
545,0000,546,0100,545,0000,7FF,020B,0000,084,0100,545,0000
546,0000,547,0100,546,0000,7FF,020B,0000,084,0100,546,0000
547,0000,548,0100,547,0000,7FF,020B,0000,084,0100,547,0000
548,0000,549,0100,548,0000,7FF,020B,0000,084,0100,548,0000
549,0000,54A,0100,549,0000,7FF,020B,0000,084,0100,549,0000
54A,0000,54B,0100,54A,0000,7FF,020B,0000,084,0100,54A,0000
54B,0000,54C,0100,54B,0000,7FF,020B,0000,084,0100,54B,0000
54C,0000,54D,0100,54C,0000,7FF,020B,0000,084,0100,54C,0000
54D,0000,54E,0100,54D,0000,7FF,020B,0000,084,0100,54D,0000
54E,0000,54F,0100,54E,0000,7FF,020B,0000,084,0100,54E,0000
54F,0000,550,0100,54F,0000,7FF,020B,0000,084,0100,54F,0000
550,0000,551,0100,550,0000,7FF,020B,0000,084,0100,550,0000
551,0000,552,0100,551,0000,7FF,020B,0000,084,0100,551,0000
552,0000,553,0100,552,0000,7FF,020B,0000,084,0100,552,0000
553,0000,554,0100,553,0000,7FF,020B,0000,084,0100,553,0000
554,0000,555,0100,554,0000,7FF,020B,0000,084,0100,554,0000
555,0000,556,0100,555,0000,7FF,020B,0000,084,0100,555,0000
556,0000,557,0100,556,0000,7FF,020B,0000,084,0100,556,0000
557,0000,558,0100,557,0000,7FF,020B,0000,084,0100,557,0000
558,0000,559,0100,558,0000,7FF,020B,0000,084,0100,558,0000
559,0000,55A,0100,559,0000,7FF,020B,0000,084,0100,559,0000
55A,0000,55B,0100,55A,0000,7FF,020B,0000,084,0100,55A,0000
55B,0000,55C,0100,55B,0000,7FF,020B,0000,084,0100,55B,0000
55C,0000,55D,0100,55C,0000,7FF,020B,0000,084,0100,55C,0000
55D,0000,55E,0100,55D,0000,7FF,020B,0000,084,0100,55D,0000
55E,0000,55F,0100,55E,0000,7FF,020B,0000,084,0100,55E,0000
55F,0000,560,0100,55F,0000,7FF,020B,0000,084,0100,55F,0000
560,0000,561,0100,560,0000,7FF,020B,0000,084,0100,560,0000
561,0000,562,0100,561,0000,7FF,020B,0000,084,0100,561,0000
562,0000,563,0100,562,0000,7FF,020B,0000,084,0100,562,0000
563,0000,564,0100,563,0000,7FF,020B,0000,084,0100,563,0000
564,0000,565,0100,564,0000,7FF,020B,0000,084,0100,564,0000
565,0000,566,0100,565,0000,7FF,020B,0000,084,0100,565,0000
566,0000,567,0100,566,0000,7FF,020B,0000,084,0100,566,0000
567,0000,568,0100,567,0000,7FF,020B,0000,084,0100,567,0000
568,0000,569,0100,568,0000,7FF,020B,0000,084,0100,568,0000
569,0000,56A,0100,569,0000,7FF,020B,0000,084,0100,569,0000
56A,0000,56B,0100,56A,0000,7FF,020B,0000,084,0100,56A,0000
56B,0000,56C,0100,56B,0000,7FF,020B,0000,084,0100,56B,0000
56C,0000,56D,0100,56C,0000,7FF,020B,0000,084,0100,56C,0000
56D,0000,56E,0100,56D,0000,7FF,020B,0000,084,0100,56D,0000
56E,0000,56F,0100,56E,0000,7FF,020B,0000,084,0100,56E,0000
56F,0000,570,0100,56F,0000,7FF,020B,0000,084,0100,56F,0000
570,0000,571,0100,570,0000,7FF,020B,0000,084,0100,570,0000
571,0000,572,0100,571,0000,7FF,020B,0000,084,0100,571,0000
572,0000,573,0100,572,0000,7FF,020B,0000,084,0100,572,0000
573,0000,574,0100,573,0000,7FF,020B,0000,084,0100,573,0000
574,0000,575,0100,574,0000,7FF,020B,0000,084,0100,574,0000
575,0000,576,0100,575,0000,7FF,020B,0000,084,0100,575,0000
576,0000,577,0100,576,0000,7FF,020B,0000,084,0100,576,0000
577,0000,578,0100,577,0000,7FF,020B,0000,084,0100,577,0000
578,0000,579,0100,578,0000,7FF,020B,0000,084,0100,578,0000
579,0000,57A,0100,579,0000,7FF,020B,0000,084,0100,579,0000
57A,0000,57B,0100,57A,0000,7FF,020B,0000,084,0100,57A,0000
57B,0000,57C,0100,57B,0000,7FF,020B,0000,084,0100,57B,0000
57C,0000,57D,0100,57C,0000,7FF,020B,0000,084,0100,57C,0000
57D,0000,57E,0100,57D,0000,7FF,020B,0000,084,0100,57D,0000
57E,0000,57F,0100,57E,0000,7FF,020B,0000,084,0100,57E,0000
57F,0000,580,0100,57F,0000,7FF,020B,0000,084,0100,57F,0000
580,0000,581,0100,580,0000,7FF,020B,0000,084,0100,580,0000
581,0000,582,0100,581,0000,7FF,020B,0000,084,0100,581,0000
582,0000,583,0100,582,0000,7FF,020B,0000,084,0100,582,0000
583,0000,584,0100,583,0000,7FF,020B,0000,084,0100,583,0000
584,0000,585,0100,584,0000,7FF,020B,0000,084,0100,584,0000
585,0000,586,0100,585,0000,7FF,020B,0000,084,0100,585,0000
586,0000,587,0100,586,0000,7FF,020B,0000,084,0100,586,0000
587,0000,588,0100,587,0000,7FF,020B,0000,084,0100,587,0000
588,0000,589,0100,588,0000,7FF,020B,0000,084,0100,588,0000
589,0000,58A,0100,589,0000,7FF,020B,0000,084,0100,589,0000
58A,0000,58B,0100,58A,0000,7FF,020B,0000,084,0100,58A,0000
58B,0000,58C,0100,58B,0000,7FF,020B,0000,084,0100,58B,0000
58C,0000,58D,0100,58C,0000,7FF,020B,0000,084,0100,58C,0000
58D,0000,58E,0100,58D,0000,7FF,020B,0000,084,0100,58D,0000
58E,0000,58F,0100,58E,0000,7FF,020B,0000,084,0100,58E,0000
58F,0000,590,0100,58F,0000,7FF,020B,0000,084,0100,58F,0000
590,0000,591,0100,590,0000,7FF,020B,0000,084,0100,590,0000
591,0000,592,0100,591,0000,7FF,020B,0000,084,0100,591,0000
592,0000,593,0100,592,0000,7FF,020B,0000,084,0100,592,0000
593,0000,594,0100,593,0000,7FF,020B,0000,084,0100,593,0000
594,0000,595,0100,594,0000,7FF,020B,0000,084,0100,594,0000
595,0000,596,0100,595,0000,7FF,020B,0000,084,0100,595,0000
596,0000,597,0100,596,0000,7FF,020B,0000,084,0100,596,0000
597,0000,598,0100,597,0000,7FF,020B,0000,084,0100,597,0000
598,0000,599,0100,598,0000,7FF,020B,0000,084,0100,598,0000
599,0000,59A,0100,599,0000,7FF,020B,0000,084,0100,599,0000
59A,0000,59B,0100,59A,0000,7FF,020B,0000,084,0100,59A,0000
59B,0000,59C,0100,59B,0000,7FF,020B,0000,084,0100,59B,0000
59C,0000,59D,0100,59C,0000,7FF,020B,0000,084,0100,59C,0000
59D,0000,59E,0100,59D,0000,7FF,020B,0000,084,0100,59D,0000
59E,0000,59F,0100,59E,0000,7FF,020B,0000,084,0100,59E,0000
59F,0000,5A0,0100,59F,0000,7FF,020B,0000,084,0100,59F,0000
5A0,0000,5A1,0100,5A0,0000,7FF,020B,0000,084,0100,5A0,0000
5A1,B1D8,5A2,0100,5A1,B1D8,7FF,020B,0000,084,0100,5A1,B1D8
5A2,D2D5,5A3,0100,5A2,D2D5,7FF,020B,0000,084,0100,5A2,D2D5
5A3,DEDF,5A4,0100,5A3,DEDF,7FF,020B,0000,084,0100,5A3,DEDF
5A4,3B00,5A5,0100,5A4,3B00,7FF,020B,0000,084,0100,5A4,3B00
5A5,0000,1F5,0100,5A4,3B00,7FF,020B,0000,084,0100
1F5,CE00,1F2,0100,5A4,3B00,7FF,020B,0000,084,0100
1F2,01F2,1F3,0100,1F2,01F2,7FF,020B,0000,084,0100,1F2,01F2
1F3,0000,1F3,0100,1F2,01F2,7FF,020B,0000,084,0100
1F3,0000,1F4,0100,1F3,0000,7FF,020B,0000,084,0100,1F3,0000
1F4,05A1,1F5,0100,1F4,05A1,7FF,020B,0000,084,0100,1F4,05A1
1F5,CE00,1F6,0100,1F5,CE00,7FF,020B,0000,084,0100,1F5,CE00
1F6,1203,1F7,0100,1F6,1203,7FF,020B,0000,084,0100,1F6,1203
1F7,2F40,1F8,0100,1F7,2F40,7FF,020B,0000,084,0100,1F7,2F40
1F8,F0FD,1F9,0100,1F8,F0FD,7FF,020B,0000,084,0100,1F8,F0FD
1F9,AEF9,1FA,0100,1F9,AEF9,7FF,020B,0000,084,0100,1F9,AEF9
1FA,F001,1FB,0100,1FA,F001,7FF,020B,0000,084,0100,1FA,F001
1FB,CE06,1FC,0100,1FB,CE06,7FF,020B,0000,084,0100,1FB,CE06
1FC,0700,1FD,0100,1FC,0700,7FF,020B,0000,084,0100,1FC,0700
1FD,EEF5,1FE,0100,1FD,EEF5,7FF,020B,0000,084,0100,1FD,EEF5
1FE,A8F5,1FF,0100,1FE,A8F5,7FF,020B,0000,084,0100,1FE,A8F5
1FF,0680,200,0100,1FF,0680,7FF,020B,0000,084,0100,1FF,0680
200,DE06,201,0100,200,DE06,7FF,020B,0000,084,0100,200,DE06
201,CEF4,202,0100,201,CEF4,7FF,020B,0000,084,0100,201,CEF4
202,0200,203,0100,202,0200,7FF,020B,0000,084,0100,202,0200
203,EEEF,204,0100,203,EEEF,7FF,020B,0000,084,0100,203,EEEF
204,AAEF,205,0100,204,AAEF,7FF,020B,0000,084,0100,204,AAEF
205,DE01,206,0100,205,DE01,7FF,020B,0000,084,0100,205,DE01
206,CEEF,207,0100,206,CEEF,7FF,020B,0000,084,0100,206,CEEF
207,1302,208,0100,207,1302,7FF,020B,0000,084,0100,207,1302
208,2FFF,209,0100,208,2FFF,7FF,020B,0000,084,0100,208,2FFF
209,F001,20A,0100,209,F001,7FF,020B,0000,084,0100,209,F001
20A,0A00,20B,0100,20A,0A00,7FF,020B,0000,084,0100,20A,0A00
20B,0100,20C,0100,20B,0100,7FF,020B,0000,084,0100,20B,0100
20C,0000,20D,0100,20C,0000,7FF,020B,0000,084,0100,20C,0000
20D,0000,20E,0100,20D,0000,7FF,020B,0000,084,0100,20D,0000
20E,0000,20F,0100,20E,0000,7FF,020B,0000,084,0100,20E,0000
20F,0000,210,0100,20F,0000,7FF,020B,0000,084,0100,20F,0000
210,0000,211,0100,210,0000,7FF,020B,0000,084,0100,210,0000
211,0000,212,0100,211,0000,7FF,020B,0000,084,0100,211,0000
212,0000,213,0100,212,0000,7FF,020B,0000,084,0100,212,0000
213,0000,214,0100,213,0000,7FF,020B,0000,084,0100,213,0000
214,0000,215,0100,214,0000,7FF,020B,0000,084,0100,214,0000
215,0000,216,0100,215,0000,7FF,020B,0000,084,0100,215,0000
216,0000,217,0100,216,0000,7FF,020B,0000,084,0100,216,0000
217,0000,218,0100,217,0000,7FF,020B,0000,084,0100,217,0000
218,0000,219,0100,218,0000,7FF,020B,0000,084,0100,218,0000
219,0000,21A,0100,219,0000,7FF,020B,0000,084,0100,219,0000
21A,0000,21B,0100,21A,0000,7FF,020B,0000,084,0100,21A,0000
21B,0000,21C,0100,21B,0000,7FF,020B,0000,084,0100,21B,0000
21C,0000,21D,0100,21C,0000,7FF,020B,0000,084,0100,21C,0000
21D,0000,21E,0100,21D,0000,7FF,020B,0000,084,0100,21D,0000
21E,0000,21F,0100,21E,0000,7FF,020B,0000,084,0100,21E,0000
21F,0000,220,0100,21F,0000,7FF,020B,0000,084,0100,21F,0000
220,0000,221,0100,220,0000,7FF,020B,0000,084,0100,220,0000
221,0000,222,0100,221,0000,7FF,020B,0000,084,0100,221,0000
222,0000,223,0100,222,0000,7FF,020B,0000,084,0100,222,0000
223,0000,224,0100,223,0000,7FF,020B,0000,084,0100,223,0000
224,0000,225,0100,224,0000,7FF,020B,0000,084,0100,224,0000
225,0000,226,0100,225,0000,7FF,020B,0000,084,0100,225,0000
226,0000,227,0100,226,0000,7FF,020B,0000,084,0100,226,0000
227,0000,228,0100,227,0000,7FF,020B,0000,084,0100,227,0000
228,0000,229,0100,228,0000,7FF,020B,0000,084,0100,228,0000
229,0000,22A,0100,229,0000,7FF,020B,0000,084,0100,229,0000
22A,0000,22B,0100,22A,0000,7FF,020B,0000,084,0100,22A,0000
22B,0000,22C,0100,22B,0000,7FF,020B,0000,084,0100,22B,0000
22C,0000,22D,0100,22C,0000,7FF,020B,0000,084,0100,22C,0000
22D,0000,22E,0100,22D,0000,7FF,020B,0000,084,0100,22D,0000
22E,0000,22F,0100,22E,0000,7FF,020B,0000,084,0100,22E,0000
22F,0000,230,0100,22F,0000,7FF,020B,0000,084,0100,22F,0000
230,0000,231,0100,230,0000,7FF,020B,0000,084,0100,230,0000
231,0000,232,0100,231,0000,7FF,020B,0000,084,0100,231,0000
232,0000,233,0100,232,0000,7FF,020B,0000,084,0100,232,0000
233,0000,234,0100,233,0000,7FF,020B,0000,084,0100,233,0000
234,0000,235,0100,234,0000,7FF,020B,0000,084,0100,234,0000
235,0000,236,0100,235,0000,7FF,020B,0000,084,0100,235,0000
236,0000,237,0100,236,0000,7FF,020B,0000,084,0100,236,0000
237,0000,238,0100,237,0000,7FF,020B,0000,084,0100,237,0000
238,0000,239,0100,238,0000,7FF,020B,0000,084,0100,238,0000
239,0000,23A,0100,239,0000,7FF,020B,0000,084,0100,239,0000
23A,0000,23B,0100,23A,0000,7FF,020B,0000,084,0100,23A,0000
23B,0000,23C,0100,23B,0000,7FF,020B,0000,084,0100,23B,0000
23C,0000,23D,0100,23C,0000,7FF,020B,0000,084,0100,23C,0000
23D,0000,23E,0100,23D,0000,7FF,020B,0000,084,0100,23D,0000
23E,0000,23F,0100,23E,0000,7FF,020B,0000,084,0100,23E,0000
23F,0000,240,0100,23F,0000,7FF,020B,0000,084,0100,23F,0000
240,0000,241,0100,240,0000,7FF,020B,0000,084,0100,240,0000
241,0000,242,0100,241,0000,7FF,020B,0000,084,0100,241,0000
242,0000,243,0100,242,0000,7FF,020B,0000,084,0100,242,0000
243,0000,244,0100,243,0000,7FF,020B,0000,084,0100,243,0000
244,0000,245,0100,244,0000,7FF,020B,0000,084,0100,244,0000
245,0000,246,0100,245,0000,7FF,020B,0000,084,0100,245,0000
246,0000,247,0100,246,0000,7FF,020B,0000,084,0100,246,0000
247,0000,248,0100,247,0000,7FF,020B,0000,084,0100,247,0000
248,0000,249,0100,248,0000,7FF,020B,0000,084,0100,248,0000
249,0000,24A,0100,249,0000,7FF,020B,0000,084,0100,249,0000
24A,0000,24B,0100,24A,0000,7FF,020B,0000,084,0100,24A,0000
24B,0000,24C,0100,24B,0000,7FF,020B,0000,084,0100,24B,0000
24C,0000,24D,0100,24C,0000,7FF,020B,0000,084,0100,24C,0000
24D,0000,24E,0100,24D,0000,7FF,020B,0000,084,0100,24D,0000
24E,0000,24F,0100,24E,0000,7FF,020B,0000,084,0100,24E,0000
24F,0000,250,0100,24F,0000,7FF,020B,0000,084,0100,24F,0000
250,0000,251,0100,250,0000,7FF,020B,0000,084,0100,250,0000
251,0000,252,0100,251,0000,7FF,020B,0000,084,0100,251,0000
252,0000,253,0100,252,0000,7FF,020B,0000,084,0100,252,0000
253,0000,254,0100,253,0000,7FF,020B,0000,084,0100,253,0000
254,0000,255,0100,254,0000,7FF,020B,0000,084,0100,254,0000
255,0000,256,0100,255,0000,7FF,020B,0000,084,0100,255,0000
256,0000,257,0100,256,0000,7FF,020B,0000,084,0100,256,0000
257,0000,258,0100,257,0000,7FF,020B,0000,084,0100,257,0000
258,0000,259,0100,258,0000,7FF,020B,0000,084,0100,258,0000
259,0000,25A,0100,259,0000,7FF,020B,0000,084,0100,259,0000
25A,0000,25B,0100,25A,0000,7FF,020B,0000,084,0100,25A,0000
25B,0000,25C,0100,25B,0000,7FF,020B,0000,084,0100,25B,0000
25C,0000,25D,0100,25C,0000,7FF,020B,0000,084,0100,25C,0000
25D,0000,25E,0100,25D,0000,7FF,020B,0000,084,0100,25D,0000
25E,0000,25F,0100,25E,0000,7FF,020B,0000,084,0100,25E,0000
25F,0000,260,0100,25F,0000,7FF,020B,0000,084,0100,25F,0000
260,0000,261,0100,260,0000,7FF,020B,0000,084,0100,260,0000
261,0000,262,0100,261,0000,7FF,020B,0000,084,0100,261,0000
262,0000,263,0100,262,0000,7FF,020B,0000,084,0100,262,0000
263,0000,264,0100,263,0000,7FF,020B,0000,084,0100,263,0000
264,0000,265,0100,264,0000,7FF,020B,0000,084,0100,264,0000
265,0000,266,0100,265,0000,7FF,020B,0000,084,0100,265,0000
266,0000,267,0100,266,0000,7FF,020B,0000,084,0100,266,0000
267,0000,268,0100,267,0000,7FF,020B,0000,084,0100,267,0000
268,0000,269,0100,268,0000,7FF,020B,0000,084,0100,268,0000
269,0000,26A,0100,269,0000,7FF,020B,0000,084,0100,269,0000
26A,0000,26B,0100,26A,0000,7FF,020B,0000,084,0100,26A,0000
26B,0000,26C,0100,26B,0000,7FF,020B,0000,084,0100,26B,0000
26C,0000,26D,0100,26C,0000,7FF,020B,0000,084,0100,26C,0000
26D,0000,26E,0100,26D,0000,7FF,020B,0000,084,0100,26D,0000
26E,0000,26F,0100,26E,0000,7FF,020B,0000,084,0100,26E,0000
26F,0000,270,0100,26F,0000,7FF,020B,0000,084,0100,26F,0000
270,0000,271,0100,270,0000,7FF,020B,0000,084,0100,270,0000
271,0000,272,0100,271,0000,7FF,020B,0000,084,0100,271,0000
272,0000,273,0100,272,0000,7FF,020B,0000,084,0100,272,0000
273,0000,274,0100,273,0000,7FF,020B,0000,084,0100,273,0000
274,0000,275,0100,274,0000,7FF,020B,0000,084,0100,274,0000
275,0000,276,0100,275,0000,7FF,020B,0000,084,0100,275,0000
276,0000,277,0100,276,0000,7FF,020B,0000,084,0100,276,0000
277,0000,278,0100,277,0000,7FF,020B,0000,084,0100,277,0000
278,0000,279,0100,278,0000,7FF,020B,0000,084,0100,278,0000
279,0000,27A,0100,279,0000,7FF,020B,0000,084,0100,279,0000
27A,0000,27B,0100,27A,0000,7FF,020B,0000,084,0100,27A,0000
27B,0000,27C,0100,27B,0000,7FF,020B,0000,084,0100,27B,0000
27C,0000,27D,0100,27C,0000,7FF,020B,0000,084,0100,27C,0000
27D,0000,27E,0100,27D,0000,7FF,020B,0000,084,0100,27D,0000
27E,0000,27F,0100,27E,0000,7FF,020B,0000,084,0100,27E,0000
27F,0000,280,0100,27F,0000,7FF,020B,0000,084,0100,27F,0000
280,0000,281,0100,280,0000,7FF,020B,0000,084,0100,280,0000
281,0000,282,0100,281,0000,7FF,020B,0000,084,0100,281,0000
282,0000,283,0100,282,0000,7FF,020B,0000,084,0100,282,0000
283,0000,284,0100,283,0000,7FF,020B,0000,084,0100,283,0000
284,0000,285,0100,284,0000,7FF,020B,0000,084,0100,284,0000
285,0000,286,0100,285,0000,7FF,020B,0000,084,0100,285,0000
286,0000,287,0100,286,0000,7FF,020B,0000,084,0100,286,0000
287,0000,288,0100,287,0000,7FF,020B,0000,084,0100,287,0000
288,0000,289,0100,288,0000,7FF,020B,0000,084,0100,288,0000
289,0000,28A,0100,289,0000,7FF,020B,0000,084,0100,289,0000
28A,0000,28B,0100,28A,0000,7FF,020B,0000,084,0100,28A,0000
28B,0000,28C,0100,28B,0000,7FF,020B,0000,084,0100,28B,0000
28C,0000,28D,0100,28C,0000,7FF,020B,0000,084,0100,28C,0000
28D,0000,28E,0100,28D,0000,7FF,020B,0000,084,0100,28D,0000
28E,0000,28F,0100,28E,0000,7FF,020B,0000,084,0100,28E,0000
28F,0000,290,0100,28F,0000,7FF,020B,0000,084,0100,28F,0000
290,0000,291,0100,290,0000,7FF,020B,0000,084,0100,290,0000
291,0000,292,0100,291,0000,7FF,020B,0000,084,0100,291,0000
292,0000,293,0100,292,0000,7FF,020B,0000,084,0100,292,0000
293,0000,294,0100,293,0000,7FF,020B,0000,084,0100,293,0000
294,0000,295,0100,294,0000,7FF,020B,0000,084,0100,294,0000
295,0000,296,0100,295,0000,7FF,020B,0000,084,0100,295,0000
296,0000,297,0100,296,0000,7FF,020B,0000,084,0100,296,0000
297,0000,298,0100,297,0000,7FF,020B,0000,084,0100,297,0000
298,0000,299,0100,298,0000,7FF,020B,0000,084,0100,298,0000
299,0000,29A,0100,299,0000,7FF,020B,0000,084,0100,299,0000
29A,0000,29B,0100,29A,0000,7FF,020B,0000,084,0100,29A,0000
29B,0000,29C,0100,29B,0000,7FF,020B,0000,084,0100,29B,0000
29C,0000,29D,0100,29C,0000,7FF,020B,0000,084,0100,29C,0000
29D,0000,29E,0100,29D,0000,7FF,020B,0000,084,0100,29D,0000
29E,0000,29F,0100,29E,0000,7FF,020B,0000,084,0100,29E,0000
29F,0000,2A0,0100,29F,0000,7FF,020B,0000,084,0100,29F,0000
2A0,0000,2A1,0100,2A0,0000,7FF,020B,0000,084,0100,2A0,0000
2A1,0000,2A2,0100,2A1,0000,7FF,020B,0000,084,0100,2A1,0000
2A2,0000,2A3,0100,2A2,0000,7FF,020B,0000,084,0100,2A2,0000
2A3,0000,2A4,0100,2A3,0000,7FF,020B,0000,084,0100,2A3,0000
2A4,0000,2A5,0100,2A4,0000,7FF,020B,0000,084,0100,2A4,0000
2A5,0000,2A6,0100,2A5,0000,7FF,020B,0000,084,0100,2A5,0000
2A6,0000,2A7,0100,2A6,0000,7FF,020B,0000,084,0100,2A6,0000
2A7,0000,2A8,0100,2A7,0000,7FF,020B,0000,084,0100,2A7,0000
2A8,0000,2A9,0100,2A8,0000,7FF,020B,0000,084,0100,2A8,0000
2A9,0000,2AA,0100,2A9,0000,7FF,020B,0000,084,0100,2A9,0000
2AA,0000,2AB,0100,2AA,0000,7FF,020B,0000,084,0100,2AA,0000
2AB,0000,2AC,0100,2AB,0000,7FF,020B,0000,084,0100,2AB,0000
2AC,0000,2AD,0100,2AC,0000,7FF,020B,0000,084,0100,2AC,0000
2AD,0000,2AE,0100,2AD,0000,7FF,020B,0000,084,0100,2AD,0000
2AE,0000,2AF,0100,2AE,0000,7FF,020B,0000,084,0100,2AE,0000
2AF,0000,2B0,0100,2AF,0000,7FF,020B,0000,084,0100,2AF,0000
2B0,0000,2B1,0100,2B0,0000,7FF,020B,0000,084,0100,2B0,0000
2B1,0000,2B2,0100,2B1,0000,7FF,020B,0000,084,0100,2B1,0000
2B2,0000,2B3,0100,2B2,0000,7FF,020B,0000,084,0100,2B2,0000
2B3,0000,2B4,0100,2B3,0000,7FF,020B,0000,084,0100,2B3,0000
2B4,0000,2B5,0100,2B4,0000,7FF,020B,0000,084,0100,2B4,0000
2B5,0000,2B6,0100,2B5,0000,7FF,020B,0000,084,0100,2B5,0000
2B6,0000,2B7,0100,2B6,0000,7FF,020B,0000,084,0100,2B6,0000
2B7,0000,2B8,0100,2B7,0000,7FF,020B,0000,084,0100,2B7,0000
2B8,0000,2B9,0100,2B8,0000,7FF,020B,0000,084,0100,2B8,0000
2B9,0000,2BA,0100,2B9,0000,7FF,020B,0000,084,0100,2B9,0000
2BA,0000,2BB,0100,2BA,0000,7FF,020B,0000,084,0100,2BA,0000
2BB,0000,2BC,0100,2BB,0000,7FF,020B,0000,084,0100,2BB,0000
2BC,0000,2BD,0100,2BC,0000,7FF,020B,0000,084,0100,2BC,0000
2BD,0000,2BE,0100,2BD,0000,7FF,020B,0000,084,0100,2BD,0000
2BE,0000,2BF,0100,2BE,0000,7FF,020B,0000,084,0100,2BE,0000
2BF,0000,2C0,0100,2BF,0000,7FF,020B,0000,084,0100,2BF,0000
2C0,0000,2C1,0100,2C0,0000,7FF,020B,0000,084,0100,2C0,0000
2C1,0000,2C2,0100,2C1,0000,7FF,020B,0000,084,0100,2C1,0000
2C2,0000,2C3,0100,2C2,0000,7FF,020B,0000,084,0100,2C2,0000
2C3,0000,2C4,0100,2C3,0000,7FF,020B,0000,084,0100,2C3,0000
2C4,0000,2C5,0100,2C4,0000,7FF,020B,0000,084,0100,2C4,0000
2C5,0000,2C6,0100,2C5,0000,7FF,020B,0000,084,0100,2C5,0000
2C6,0000,2C7,0100,2C6,0000,7FF,020B,0000,084,0100,2C6,0000
2C7,0000,2C8,0100,2C7,0000,7FF,020B,0000,084,0100,2C7,0000
2C8,0000,2C9,0100,2C8,0000,7FF,020B,0000,084,0100,2C8,0000
2C9,0000,2CA,0100,2C9,0000,7FF,020B,0000,084,0100,2C9,0000
2CA,0000,2CB,0100,2CA,0000,7FF,020B,0000,084,0100,2CA,0000
2CB,0000,2CC,0100,2CB,0000,7FF,020B,0000,084,0100,2CB,0000
2CC,0000,2CD,0100,2CC,0000,7FF,020B,0000,084,0100,2CC,0000
2CD,0000,2CE,0100,2CD,0000,7FF,020B,0000,084,0100,2CD,0000
2CE,0000,2CF,0100,2CE,0000,7FF,020B,0000,084,0100,2CE,0000
2CF,0000,2D0,0100,2CF,0000,7FF,020B,0000,084,0100,2CF,0000
2D0,0000,2D1,0100,2D0,0000,7FF,020B,0000,084,0100,2D0,0000
2D1,0000,2D2,0100,2D1,0000,7FF,020B,0000,084,0100,2D1,0000
2D2,0000,2D3,0100,2D2,0000,7FF,020B,0000,084,0100,2D2,0000
2D3,0000,2D4,0100,2D3,0000,7FF,020B,0000,084,0100,2D3,0000
2D4,0000,2D5,0100,2D4,0000,7FF,020B,0000,084,0100,2D4,0000
2D5,0000,2D6,0100,2D5,0000,7FF,020B,0000,084,0100,2D5,0000
2D6,0000,2D7,0100,2D6,0000,7FF,020B,0000,084,0100,2D6,0000
2D7,0000,2D8,0100,2D7,0000,7FF,020B,0000,084,0100,2D7,0000
2D8,0000,2D9,0100,2D8,0000,7FF,020B,0000,084,0100,2D8,0000
2D9,0000,2DA,0100,2D9,0000,7FF,020B,0000,084,0100,2D9,0000
2DA,0000,2DB,0100,2DA,0000,7FF,020B,0000,084,0100,2DA,0000
2DB,0000,2DC,0100,2DB,0000,7FF,020B,0000,084,0100,2DB,0000
2DC,0000,2DD,0100,2DC,0000,7FF,020B,0000,084,0100,2DC,0000
2DD,0000,2DE,0100,2DD,0000,7FF,020B,0000,084,0100,2DD,0000
2DE,0000,2DF,0100,2DE,0000,7FF,020B,0000,084,0100,2DE,0000
2DF,0000,2E0,0100,2DF,0000,7FF,020B,0000,084,0100,2DF,0000
2E0,0000,2E1,0100,2E0,0000,7FF,020B,0000,084,0100,2E0,0000
2E1,0000,2E2,0100,2E1,0000,7FF,020B,0000,084,0100,2E1,0000
2E2,0000,2E3,0100,2E2,0000,7FF,020B,0000,084,0100,2E2,0000
2E3,0000,2E4,0100,2E3,0000,7FF,020B,0000,084,0100,2E3,0000
2E4,0000,2E5,0100,2E4,0000,7FF,020B,0000,084,0100,2E4,0000
2E5,0000,2E6,0100,2E5,0000,7FF,020B,0000,084,0100,2E5,0000
2E6,0000,2E7,0100,2E6,0000,7FF,020B,0000,084,0100,2E6,0000
2E7,0000,2E8,0100,2E7,0000,7FF,020B,0000,084,0100,2E7,0000
2E8,0000,2E9,0100,2E8,0000,7FF,020B,0000,084,0100,2E8,0000
2E9,0000,2EA,0100,2E9,0000,7FF,020B,0000,084,0100,2E9,0000
2EA,0000,2EB,0100,2EA,0000,7FF,020B,0000,084,0100,2EA,0000
2EB,0000,2EC,0100,2EB,0000,7FF,020B,0000,084,0100,2EB,0000
2EC,0000,2ED,0100,2EC,0000,7FF,020B,0000,084,0100,2EC,0000
2ED,0000,2EE,0100,2ED,0000,7FF,020B,0000,084,0100,2ED,0000
2EE,0000,2EF,0100,2EE,0000,7FF,020B,0000,084,0100,2EE,0000
2EF,0000,2F0,0100,2EF,0000,7FF,020B,0000,084,0100,2EF,0000
2F0,0000,2F1,0100,2F0,0000,7FF,020B,0000,084,0100,2F0,0000
2F1,0000,2F2,0100,2F1,0000,7FF,020B,0000,084,0100,2F1,0000
2F2,0000,2F3,0100,2F2,0000,7FF,020B,0000,084,0100,2F2,0000
2F3,0000,2F4,0100,2F3,0000,7FF,020B,0000,084,0100,2F3,0000
2F4,0000,2F5,0100,2F4,0000,7FF,020B,0000,084,0100,2F4,0000
2F5,0000,2F6,0100,2F5,0000,7FF,020B,0000,084,0100,2F5,0000
2F6,0000,2F7,0100,2F6,0000,7FF,020B,0000,084,0100,2F6,0000
2F7,0000,2F8,0100,2F7,0000,7FF,020B,0000,084,0100,2F7,0000
2F8,0000,2F9,0100,2F8,0000,7FF,020B,0000,084,0100,2F8,0000
2F9,0000,2FA,0100,2F9,0000,7FF,020B,0000,084,0100,2F9,0000
2FA,0000,2FB,0100,2FA,0000,7FF,020B,0000,084,0100,2FA,0000
2FB,0000,2FC,0100,2FB,0000,7FF,020B,0000,084,0100,2FB,0000
2FC,0000,2FD,0100,2FC,0000,7FF,020B,0000,084,0100,2FC,0000
2FD,0000,2FE,0100,2FD,0000,7FF,020B,0000,084,0100,2FD,0000
2FE,0000,2FF,0100,2FE,0000,7FF,020B,0000,084,0100,2FE,0000
2FF,0000,300,0100,2FF,0000,7FF,020B,0000,084,0100,2FF,0000
300,0000,301,0100,300,0000,7FF,020B,0000,084,0100,300,0000
301,0000,302,0100,301,0000,7FF,020B,0000,084,0100,301,0000
302,0000,303,0100,302,0000,7FF,020B,0000,084,0100,302,0000
303,0000,304,0100,303,0000,7FF,020B,0000,084,0100,303,0000
304,0000,305,0100,304,0000,7FF,020B,0000,084,0100,304,0000
305,0000,306,0100,305,0000,7FF,020B,0000,084,0100,305,0000
306,0000,307,0100,306,0000,7FF,020B,0000,084,0100,306,0000
307,0000,308,0100,307,0000,7FF,020B,0000,084,0100,307,0000
308,0000,309,0100,308,0000,7FF,020B,0000,084,0100,308,0000
309,0000,30A,0100,309,0000,7FF,020B,0000,084,0100,309,0000
30A,0000,30B,0100,30A,0000,7FF,020B,0000,084,0100,30A,0000
30B,0000,30C,0100,30B,0000,7FF,020B,0000,084,0100,30B,0000
30C,0000,30D,0100,30C,0000,7FF,020B,0000,084,0100,30C,0000
30D,0000,30E,0100,30D,0000,7FF,020B,0000,084,0100,30D,0000
30E,0000,30F,0100,30E,0000,7FF,020B,0000,084,0100,30E,0000
30F,0000,310,0100,30F,0000,7FF,020B,0000,084,0100,30F,0000
310,0000,311,0100,310,0000,7FF,020B,0000,084,0100,310,0000
311,0000,312,0100,311,0000,7FF,020B,0000,084,0100,311,0000
312,0000,313,0100,312,0000,7FF,020B,0000,084,0100,312,0000
313,0000,314,0100,313,0000,7FF,020B,0000,084,0100,313,0000
314,0000,315,0100,314,0000,7FF,020B,0000,084,0100,314,0000
315,0000,316,0100,315,0000,7FF,020B,0000,084,0100,315,0000
316,0000,317,0100,316,0000,7FF,020B,0000,084,0100,316,0000
317,0000,318,0100,317,0000,7FF,020B,0000,084,0100,317,0000
318,0000,319,0100,318,0000,7FF,020B,0000,084,0100,318,0000
319,0000,31A,0100,319,0000,7FF,020B,0000,084,0100,319,0000
31A,0000,31B,0100,31A,0000,7FF,020B,0000,084,0100,31A,0000
31B,0000,31C,0100,31B,0000,7FF,020B,0000,084,0100,31B,0000
31C,0000,31D,0100,31C,0000,7FF,020B,0000,084,0100,31C,0000
31D,0000,31E,0100,31D,0000,7FF,020B,0000,084,0100,31D,0000
31E,0000,31F,0100,31E,0000,7FF,020B,0000,084,0100,31E,0000
31F,0000,320,0100,31F,0000,7FF,020B,0000,084,0100,31F,0000
320,0000,321,0100,320,0000,7FF,020B,0000,084,0100,320,0000
321,0000,322,0100,321,0000,7FF,020B,0000,084,0100,321,0000
322,0000,323,0100,322,0000,7FF,020B,0000,084,0100,322,0000
323,0000,324,0100,323,0000,7FF,020B,0000,084,0100,323,0000
324,0000,325,0100,324,0000,7FF,020B,0000,084,0100,324,0000
325,0000,326,0100,325,0000,7FF,020B,0000,084,0100,325,0000
326,0000,327,0100,326,0000,7FF,020B,0000,084,0100,326,0000
327,0000,328,0100,327,0000,7FF,020B,0000,084,0100,327,0000
328,0000,329,0100,328,0000,7FF,020B,0000,084,0100,328,0000
329,0000,32A,0100,329,0000,7FF,020B,0000,084,0100,329,0000
32A,0000,32B,0100,32A,0000,7FF,020B,0000,084,0100,32A,0000
32B,0000,32C,0100,32B,0000,7FF,020B,0000,084,0100,32B,0000
32C,0000,32D,0100,32C,0000,7FF,020B,0000,084,0100,32C,0000
32D,0000,32E,0100,32D,0000,7FF,020B,0000,084,0100,32D,0000
32E,0000,32F,0100,32E,0000,7FF,020B,0000,084,0100,32E,0000
32F,0000,330,0100,32F,0000,7FF,020B,0000,084,0100,32F,0000
330,0000,331,0100,330,0000,7FF,020B,0000,084,0100,330,0000
331,0000,332,0100,331,0000,7FF,020B,0000,084,0100,331,0000
332,0000,333,0100,332,0000,7FF,020B,0000,084,0100,332,0000
333,0000,334,0100,333,0000,7FF,020B,0000,084,0100,333,0000
334,0000,335,0100,334,0000,7FF,020B,0000,084,0100,334,0000
335,0000,336,0100,335,0000,7FF,020B,0000,084,0100,335,0000
336,0000,337,0100,336,0000,7FF,020B,0000,084,0100,336,0000
337,0000,338,0100,337,0000,7FF,020B,0000,084,0100,337,0000
338,0000,339,0100,338,0000,7FF,020B,0000,084,0100,338,0000
339,0000,33A,0100,339,0000,7FF,020B,0000,084,0100,339,0000
33A,0000,33B,0100,33A,0000,7FF,020B,0000,084,0100,33A,0000
33B,0000,33C,0100,33B,0000,7FF,020B,0000,084,0100,33B,0000
33C,0000,33D,0100,33C,0000,7FF,020B,0000,084,0100,33C,0000
33D,0000,33E,0100,33D,0000,7FF,020B,0000,084,0100,33D,0000
33E,0000,33F,0100,33E,0000,7FF,020B,0000,084,0100,33E,0000
33F,0000,340,0100,33F,0000,7FF,020B,0000,084,0100,33F,0000
340,0000,341,0100,340,0000,7FF,020B,0000,084,0100,340,0000
341,0000,342,0100,341,0000,7FF,020B,0000,084,0100,341,0000
342,0000,343,0100,342,0000,7FF,020B,0000,084,0100,342,0000
343,0000,344,0100,343,0000,7FF,020B,0000,084,0100,343,0000
344,0000,345,0100,344,0000,7FF,020B,0000,084,0100,344,0000
345,0000,346,0100,345,0000,7FF,020B,0000,084,0100,345,0000
346,0000,347,0100,346,0000,7FF,020B,0000,084,0100,346,0000
347,0000,348,0100,347,0000,7FF,020B,0000,084,0100,347,0000
348,0000,349,0100,348,0000,7FF,020B,0000,084,0100,348,0000
349,0000,34A,0100,349,0000,7FF,020B,0000,084,0100,349,0000
34A,0000,34B,0100,34A,0000,7FF,020B,0000,084,0100,34A,0000
34B,0000,34C,0100,34B,0000,7FF,020B,0000,084,0100,34B,0000
34C,0000,34D,0100,34C,0000,7FF,020B,0000,084,0100,34C,0000
34D,0000,34E,0100,34D,0000,7FF,020B,0000,084,0100,34D,0000
34E,0000,34F,0100,34E,0000,7FF,020B,0000,084,0100,34E,0000
34F,0000,350,0100,34F,0000,7FF,020B,0000,084,0100,34F,0000
350,0000,351,0100,350,0000,7FF,020B,0000,084,0100,350,0000
351,0000,352,0100,351,0000,7FF,020B,0000,084,0100,351,0000
352,0000,353,0100,352,0000,7FF,020B,0000,084,0100,352,0000
353,0000,354,0100,353,0000,7FF,020B,0000,084,0100,353,0000
354,0000,355,0100,354,0000,7FF,020B,0000,084,0100,354,0000
355,0000,356,0100,355,0000,7FF,020B,0000,084,0100,355,0000
356,0000,357,0100,356,0000,7FF,020B,0000,084,0100,356,0000
357,0000,358,0100,357,0000,7FF,020B,0000,084,0100,357,0000
358,0000,359,0100,358,0000,7FF,020B,0000,084,0100,358,0000
359,0000,35A,0100,359,0000,7FF,020B,0000,084,0100,359,0000
35A,0000,35B,0100,35A,0000,7FF,020B,0000,084,0100,35A,0000
35B,0000,35C,0100,35B,0000,7FF,020B,0000,084,0100,35B,0000
35C,0000,35D,0100,35C,0000,7FF,020B,0000,084,0100,35C,0000
35D,0000,35E,0100,35D,0000,7FF,020B,0000,084,0100,35D,0000
35E,0000,35F,0100,35E,0000,7FF,020B,0000,084,0100,35E,0000
35F,0000,360,0100,35F,0000,7FF,020B,0000,084,0100,35F,0000
360,0000,361,0100,360,0000,7FF,020B,0000,084,0100,360,0000
361,0000,362,0100,361,0000,7FF,020B,0000,084,0100,361,0000
362,0000,363,0100,362,0000,7FF,020B,0000,084,0100,362,0000
363,0000,364,0100,363,0000,7FF,020B,0000,084,0100,363,0000
364,0000,365,0100,364,0000,7FF,020B,0000,084,0100,364,0000
365,0000,366,0100,365,0000,7FF,020B,0000,084,0100,365,0000
366,0000,367,0100,366,0000,7FF,020B,0000,084,0100,366,0000
367,0000,368,0100,367,0000,7FF,020B,0000,084,0100,367,0000
368,0000,369,0100,368,0000,7FF,020B,0000,084,0100,368,0000
369,0000,36A,0100,369,0000,7FF,020B,0000,084,0100,369,0000
36A,0000,36B,0100,36A,0000,7FF,020B,0000,084,0100,36A,0000
36B,0000,36C,0100,36B,0000,7FF,020B,0000,084,0100,36B,0000
36C,0000,36D,0100,36C,0000,7FF,020B,0000,084,0100,36C,0000
36D,0000,36E,0100,36D,0000,7FF,020B,0000,084,0100,36D,0000
36E,0000,36F,0100,36E,0000,7FF,020B,0000,084,0100,36E,0000
36F,0000,370,0100,36F,0000,7FF,020B,0000,084,0100,36F,0000
370,0000,371,0100,370,0000,7FF,020B,0000,084,0100,370,0000
371,0000,372,0100,371,0000,7FF,020B,0000,084,0100,371,0000
372,0000,373,0100,372,0000,7FF,020B,0000,084,0100,372,0000
373,0000,374,0100,373,0000,7FF,020B,0000,084,0100,373,0000
374,0000,375,0100,374,0000,7FF,020B,0000,084,0100,374,0000
375,0000,376,0100,375,0000,7FF,020B,0000,084,0100,375,0000
376,0000,377,0100,376,0000,7FF,020B,0000,084,0100,376,0000
377,0000,378,0100,377,0000,7FF,020B,0000,084,0100,377,0000
378,0000,379,0100,378,0000,7FF,020B,0000,084,0100,378,0000
379,0000,37A,0100,379,0000,7FF,020B,0000,084,0100,379,0000
37A,0000,37B,0100,37A,0000,7FF,020B,0000,084,0100,37A,0000
37B,0000,37C,0100,37B,0000,7FF,020B,0000,084,0100,37B,0000
37C,0000,37D,0100,37C,0000,7FF,020B,0000,084,0100,37C,0000
37D,0000,37E,0100,37D,0000,7FF,020B,0000,084,0100,37D,0000
37E,0000,37F,0100,37E,0000,7FF,020B,0000,084,0100,37E,0000
37F,0000,380,0100,37F,0000,7FF,020B,0000,084,0100,37F,0000
380,0000,381,0100,380,0000,7FF,020B,0000,084,0100,380,0000
381,0000,382,0100,381,0000,7FF,020B,0000,084,0100,381,0000
382,0000,383,0100,382,0000,7FF,020B,0000,084,0100,382,0000
383,0000,384,0100,383,0000,7FF,020B,0000,084,0100,383,0000
384,0000,385,0100,384,0000,7FF,020B,0000,084,0100,384,0000
385,0000,386,0100,385,0000,7FF,020B,0000,084,0100,385,0000
386,0000,387,0100,386,0000,7FF,020B,0000,084,0100,386,0000
387,0000,388,0100,387,0000,7FF,020B,0000,084,0100,387,0000
388,0000,389,0100,388,0000,7FF,020B,0000,084,0100,388,0000
389,0000,38A,0100,389,0000,7FF,020B,0000,084,0100,389,0000
38A,0000,38B,0100,38A,0000,7FF,020B,0000,084,0100,38A,0000
38B,0000,38C,0100,38B,0000,7FF,020B,0000,084,0100,38B,0000
38C,0000,38D,0100,38C,0000,7FF,020B,0000,084,0100,38C,0000
38D,0000,38E,0100,38D,0000,7FF,020B,0000,084,0100,38D,0000
38E,0000,38F,0100,38E,0000,7FF,020B,0000,084,0100,38E,0000
38F,0000,390,0100,38F,0000,7FF,020B,0000,084,0100,38F,0000
390,0000,391,0100,390,0000,7FF,020B,0000,084,0100,390,0000
391,0000,392,0100,391,0000,7FF,020B,0000,084,0100,391,0000
392,0000,393,0100,392,0000,7FF,020B,0000,084,0100,392,0000
393,0000,394,0100,393,0000,7FF,020B,0000,084,0100,393,0000
394,0000,395,0100,394,0000,7FF,020B,0000,084,0100,394,0000
395,0000,396,0100,395,0000,7FF,020B,0000,084,0100,395,0000
396,0000,397,0100,396,0000,7FF,020B,0000,084,0100,396,0000
397,0000,398,0100,397,0000,7FF,020B,0000,084,0100,397,0000
398,0000,399,0100,398,0000,7FF,020B,0000,084,0100,398,0000
399,0000,39A,0100,399,0000,7FF,020B,0000,084,0100,399,0000
39A,0000,39B,0100,39A,0000,7FF,020B,0000,084,0100,39A,0000
39B,0000,39C,0100,39B,0000,7FF,020B,0000,084,0100,39B,0000
39C,0000,39D,0100,39C,0000,7FF,020B,0000,084,0100,39C,0000
39D,0000,39E,0100,39D,0000,7FF,020B,0000,084,0100,39D,0000
39E,0000,39F,0100,39E,0000,7FF,020B,0000,084,0100,39E,0000
39F,0000,3A0,0100,39F,0000,7FF,020B,0000,084,0100,39F,0000
3A0,0000,3A1,0100,3A0,0000,7FF,020B,0000,084,0100,3A0,0000
3A1,0000,3A2,0100,3A1,0000,7FF,020B,0000,084,0100,3A1,0000
3A2,0000,3A3,0100,3A2,0000,7FF,020B,0000,084,0100,3A2,0000
3A3,0000,3A4,0100,3A3,0000,7FF,020B,0000,084,0100,3A3,0000
3A4,0000,3A5,0100,3A4,0000,7FF,020B,0000,084,0100,3A4,0000
3A5,0000,3A6,0100,3A5,0000,7FF,020B,0000,084,0100,3A5,0000
3A6,0000,3A7,0100,3A6,0000,7FF,020B,0000,084,0100,3A6,0000
3A7,0000,3A8,0100,3A7,0000,7FF,020B,0000,084,0100,3A7,0000
3A8,0000,3A9,0100,3A8,0000,7FF,020B,0000,084,0100,3A8,0000
3A9,0000,3AA,0100,3A9,0000,7FF,020B,0000,084,0100,3A9,0000
3AA,0000,3AB,0100,3AA,0000,7FF,020B,0000,084,0100,3AA,0000
3AB,0000,3AC,0100,3AB,0000,7FF,020B,0000,084,0100,3AB,0000
3AC,0000,3AD,0100,3AC,0000,7FF,020B,0000,084,0100,3AC,0000
3AD,0000,3AE,0100,3AD,0000,7FF,020B,0000,084,0100,3AD,0000
3AE,0000,3AF,0100,3AE,0000,7FF,020B,0000,084,0100,3AE,0000
3AF,0000,3B0,0100,3AF,0000,7FF,020B,0000,084,0100,3AF,0000
3B0,0000,3B1,0100,3B0,0000,7FF,020B,0000,084,0100,3B0,0000
3B1,0000,3B2,0100,3B1,0000,7FF,020B,0000,084,0100,3B1,0000
3B2,0000,3B3,0100,3B2,0000,7FF,020B,0000,084,0100,3B2,0000
3B3,0000,3B4,0100,3B3,0000,7FF,020B,0000,084,0100,3B3,0000
3B4,0000,3B5,0100,3B4,0000,7FF,020B,0000,084,0100,3B4,0000
3B5,0000,3B6,0100,3B5,0000,7FF,020B,0000,084,0100,3B5,0000
3B6,0000,3B7,0100,3B6,0000,7FF,020B,0000,084,0100,3B6,0000
3B7,0000,3B8,0100,3B7,0000,7FF,020B,0000,084,0100,3B7,0000
3B8,0000,3B9,0100,3B8,0000,7FF,020B,0000,084,0100,3B8,0000
3B9,0000,3BA,0100,3B9,0000,7FF,020B,0000,084,0100,3B9,0000
3BA,0000,3BB,0100,3BA,0000,7FF,020B,0000,084,0100,3BA,0000
3BB,0000,3BC,0100,3BB,0000,7FF,020B,0000,084,0100,3BB,0000
3BC,0000,3BD,0100,3BC,0000,7FF,020B,0000,084,0100,3BC,0000
3BD,0000,3BE,0100,3BD,0000,7FF,020B,0000,084,0100,3BD,0000
3BE,0000,3BF,0100,3BE,0000,7FF,020B,0000,084,0100,3BE,0000
3BF,0000,3C0,0100,3BF,0000,7FF,020B,0000,084,0100,3BF,0000
3C0,0000,3C1,0100,3C0,0000,7FF,020B,0000,084,0100,3C0,0000
3C1,0000,3C2,0100,3C1,0000,7FF,020B,0000,084,0100,3C1,0000
3C2,0000,3C3,0100,3C2,0000,7FF,020B,0000,084,0100,3C2,0000
3C3,0000,3C4,0100,3C3,0000,7FF,020B,0000,084,0100,3C3,0000
3C4,0000,3C5,0100,3C4,0000,7FF,020B,0000,084,0100,3C4,0000
3C5,0000,3C6,0100,3C5,0000,7FF,020B,0000,084,0100,3C5,0000
3C6,0000,3C7,0100,3C6,0000,7FF,020B,0000,084,0100,3C6,0000
3C7,0000,3C8,0100,3C7,0000,7FF,020B,0000,084,0100,3C7,0000
3C8,0000,3C9,0100,3C8,0000,7FF,020B,0000,084,0100,3C8,0000
3C9,0000,3CA,0100,3C9,0000,7FF,020B,0000,084,0100,3C9,0000
3CA,0000,3CB,0100,3CA,0000,7FF,020B,0000,084,0100,3CA,0000
3CB,0000,3CC,0100,3CB,0000,7FF,020B,0000,084,0100,3CB,0000
3CC,0000,3CD,0100,3CC,0000,7FF,020B,0000,084,0100,3CC,0000
3CD,0000,3CE,0100,3CD,0000,7FF,020B,0000,084,0100,3CD,0000
3CE,0000,3CF,0100,3CE,0000,7FF,020B,0000,084,0100,3CE,0000
3CF,0000,3D0,0100,3CF,0000,7FF,020B,0000,084,0100,3CF,0000
3D0,0000,3D1,0100,3D0,0000,7FF,020B,0000,084,0100,3D0,0000
3D1,0000,3D2,0100,3D1,0000,7FF,020B,0000,084,0100,3D1,0000
3D2,0000,3D3,0100,3D2,0000,7FF,020B,0000,084,0100,3D2,0000
3D3,0000,3D4,0100,3D3,0000,7FF,020B,0000,084,0100,3D3,0000
3D4,0000,3D5,0100,3D4,0000,7FF,020B,0000,084,0100,3D4,0000
3D5,0000,3D6,0100,3D5,0000,7FF,020B,0000,084,0100,3D5,0000
3D6,0000,3D7,0100,3D6,0000,7FF,020B,0000,084,0100,3D6,0000
3D7,0000,3D8,0100,3D7,0000,7FF,020B,0000,084,0100,3D7,0000
3D8,0000,3D9,0100,3D8,0000,7FF,020B,0000,084,0100,3D8,0000
3D9,0000,3DA,0100,3D9,0000,7FF,020B,0000,084,0100,3D9,0000
3DA,0000,3DB,0100,3DA,0000,7FF,020B,0000,084,0100,3DA,0000
3DB,0000,3DC,0100,3DB,0000,7FF,020B,0000,084,0100,3DB,0000
3DC,0000,3DD,0100,3DC,0000,7FF,020B,0000,084,0100,3DC,0000
3DD,0000,3DE,0100,3DD,0000,7FF,020B,0000,084,0100,3DD,0000
3DE,0000,3DF,0100,3DE,0000,7FF,020B,0000,084,0100,3DE,0000
3DF,0000,3E0,0100,3DF,0000,7FF,020B,0000,084,0100,3DF,0000
3E0,0000,3E1,0100,3E0,0000,7FF,020B,0000,084,0100,3E0,0000
3E1,0000,3E2,0100,3E1,0000,7FF,020B,0000,084,0100,3E1,0000
3E2,0000,3E3,0100,3E2,0000,7FF,020B,0000,084,0100,3E2,0000
3E3,0000,3E4,0100,3E3,0000,7FF,020B,0000,084,0100,3E3,0000
3E4,0000,3E5,0100,3E4,0000,7FF,020B,0000,084,0100,3E4,0000
3E5,0000,3E6,0100,3E5,0000,7FF,020B,0000,084,0100,3E5,0000
3E6,0000,3E7,0100,3E6,0000,7FF,020B,0000,084,0100,3E6,0000
3E7,0000,3E8,0100,3E7,0000,7FF,020B,0000,084,0100,3E7,0000
3E8,0000,3E9,0100,3E8,0000,7FF,020B,0000,084,0100,3E8,0000
3E9,0000,3EA,0100,3E9,0000,7FF,020B,0000,084,0100,3E9,0000
3EA,0000,3EB,0100,3EA,0000,7FF,020B,0000,084,0100,3EA,0000
3EB,0000,3EC,0100,3EB,0000,7FF,020B,0000,084,0100,3EB,0000
3EC,0000,3ED,0100,3EC,0000,7FF,020B,0000,084,0100,3EC,0000
3ED,0000,3EE,0100,3ED,0000,7FF,020B,0000,084,0100,3ED,0000
3EE,0000,3EF,0100,3EE,0000,7FF,020B,0000,084,0100,3EE,0000
3EF,0000,3F0,0100,3EF,0000,7FF,020B,0000,084,0100,3EF,0000
3F0,0000,3F1,0100,3F0,0000,7FF,020B,0000,084,0100,3F0,0000
3F1,0000,3F2,0100,3F1,0000,7FF,020B,0000,084,0100,3F1,0000
3F2,0000,3F3,0100,3F2,0000,7FF,020B,0000,084,0100,3F2,0000
3F3,0000,3F4,0100,3F3,0000,7FF,020B,0000,084,0100,3F3,0000
3F4,0000,3F5,0100,3F4,0000,7FF,020B,0000,084,0100,3F4,0000
3F5,0000,3F6,0100,3F5,0000,7FF,020B,0000,084,0100,3F5,0000
3F6,0000,3F7,0100,3F6,0000,7FF,020B,0000,084,0100,3F6,0000
3F7,0000,3F8,0100,3F7,0000,7FF,020B,0000,084,0100,3F7,0000
3F8,0000,3F9,0100,3F8,0000,7FF,020B,0000,084,0100,3F8,0000
3F9,0000,3FA,0100,3F9,0000,7FF,020B,0000,084,0100,3F9,0000
3FA,0000,3FB,0100,3FA,0000,7FF,020B,0000,084,0100,3FA,0000
3FB,0000,3FC,0100,3FB,0000,7FF,020B,0000,084,0100,3FB,0000
3FC,0000,3FD,0100,3FC,0000,7FF,020B,0000,084,0100,3FC,0000
3FD,0000,3FE,0100,3FD,0000,7FF,020B,0000,084,0100,3FD,0000
3FE,0000,3FF,0100,3FE,0000,7FF,020B,0000,084,0100,3FE,0000
3FF,0000,400,0100,3FF,0000,7FF,020B,0000,084,0100,3FF,0000
400,0000,401,0100,400,0000,7FF,020B,0000,084,0100,400,0000
401,0000,402,0100,401,0000,7FF,020B,0000,084,0100,401,0000
402,0000,403,0100,402,0000,7FF,020B,0000,084,0100,402,0000
403,0000,404,0100,403,0000,7FF,020B,0000,084,0100,403,0000
404,0000,405,0100,404,0000,7FF,020B,0000,084,0100,404,0000
405,0000,406,0100,405,0000,7FF,020B,0000,084,0100,405,0000
406,0000,407,0100,406,0000,7FF,020B,0000,084,0100,406,0000
407,0000,408,0100,407,0000,7FF,020B,0000,084,0100,407,0000
408,0000,409,0100,408,0000,7FF,020B,0000,084,0100,408,0000
409,0000,40A,0100,409,0000,7FF,020B,0000,084,0100,409,0000
40A,0000,40B,0100,40A,0000,7FF,020B,0000,084,0100,40A,0000
40B,0000,40C,0100,40B,0000,7FF,020B,0000,084,0100,40B,0000
40C,0000,40D,0100,40C,0000,7FF,020B,0000,084,0100,40C,0000
40D,0000,40E,0100,40D,0000,7FF,020B,0000,084,0100,40D,0000
40E,0000,40F,0100,40E,0000,7FF,020B,0000,084,0100,40E,0000
40F,0000,410,0100,40F,0000,7FF,020B,0000,084,0100,40F,0000
410,0000,411,0100,410,0000,7FF,020B,0000,084,0100,410,0000
411,0000,412,0100,411,0000,7FF,020B,0000,084,0100,411,0000
412,0000,413,0100,412,0000,7FF,020B,0000,084,0100,412,0000
413,0000,414,0100,413,0000,7FF,020B,0000,084,0100,413,0000
414,0000,415,0100,414,0000,7FF,020B,0000,084,0100,414,0000
415,0000,416,0100,415,0000,7FF,020B,0000,084,0100,415,0000
416,0000,417,0100,416,0000,7FF,020B,0000,084,0100,416,0000
417,0000,418,0100,417,0000,7FF,020B,0000,084,0100,417,0000
418,0000,419,0100,418,0000,7FF,020B,0000,084,0100,418,0000
419,0000,41A,0100,419,0000,7FF,020B,0000,084,0100,419,0000
41A,0000,41B,0100,41A,0000,7FF,020B,0000,084,0100,41A,0000
41B,0000,41C,0100,41B,0000,7FF,020B,0000,084,0100,41B,0000
41C,0000,41D,0100,41C,0000,7FF,020B,0000,084,0100,41C,0000
41D,0000,41E,0100,41D,0000,7FF,020B,0000,084,0100,41D,0000
41E,0000,41F,0100,41E,0000,7FF,020B,0000,084,0100,41E,0000
41F,0000,420,0100,41F,0000,7FF,020B,0000,084,0100,41F,0000
420,0000,421,0100,420,0000,7FF,020B,0000,084,0100,420,0000
421,0000,422,0100,421,0000,7FF,020B,0000,084,0100,421,0000
422,0000,423,0100,422,0000,7FF,020B,0000,084,0100,422,0000
423,0000,424,0100,423,0000,7FF,020B,0000,084,0100,423,0000
424,0000,425,0100,424,0000,7FF,020B,0000,084,0100,424,0000
425,0000,426,0100,425,0000,7FF,020B,0000,084,0100,425,0000
426,0000,427,0100,426,0000,7FF,020B,0000,084,0100,426,0000
427,0000,428,0100,427,0000,7FF,020B,0000,084,0100,427,0000
428,0000,429,0100,428,0000,7FF,020B,0000,084,0100,428,0000
429,0000,42A,0100,429,0000,7FF,020B,0000,084,0100,429,0000
42A,0000,42B,0100,42A,0000,7FF,020B,0000,084,0100,42A,0000
42B,0000,42C,0100,42B,0000,7FF,020B,0000,084,0100,42B,0000
42C,0000,42D,0100,42C,0000,7FF,020B,0000,084,0100,42C,0000
42D,0000,42E,0100,42D,0000,7FF,020B,0000,084,0100,42D,0000
42E,0000,42F,0100,42E,0000,7FF,020B,0000,084,0100,42E,0000
42F,0000,430,0100,42F,0000,7FF,020B,0000,084,0100,42F,0000
430,0000,431,0100,430,0000,7FF,020B,0000,084,0100,430,0000
431,0000,432,0100,431,0000,7FF,020B,0000,084,0100,431,0000
432,0000,433,0100,432,0000,7FF,020B,0000,084,0100,432,0000
433,0000,434,0100,433,0000,7FF,020B,0000,084,0100,433,0000
434,0000,435,0100,434,0000,7FF,020B,0000,084,0100,434,0000
435,0000,436,0100,435,0000,7FF,020B,0000,084,0100,435,0000
436,0000,437,0100,436,0000,7FF,020B,0000,084,0100,436,0000
437,0000,438,0100,437,0000,7FF,020B,0000,084,0100,437,0000
438,0000,439,0100,438,0000,7FF,020B,0000,084,0100,438,0000
439,0000,43A,0100,439,0000,7FF,020B,0000,084,0100,439,0000
43A,0000,43B,0100,43A,0000,7FF,020B,0000,084,0100,43A,0000
43B,0000,43C,0100,43B,0000,7FF,020B,0000,084,0100,43B,0000
43C,0000,43D,0100,43C,0000,7FF,020B,0000,084,0100,43C,0000
43D,0000,43E,0100,43D,0000,7FF,020B,0000,084,0100,43D,0000
43E,0000,43F,0100,43E,0000,7FF,020B,0000,084,0100,43E,0000
43F,0000,440,0100,43F,0000,7FF,020B,0000,084,0100,43F,0000
440,0000,441,0100,440,0000,7FF,020B,0000,084,0100,440,0000
441,0000,442,0100,441,0000,7FF,020B,0000,084,0100,441,0000
442,0000,443,0100,442,0000,7FF,020B,0000,084,0100,442,0000
443,0000,444,0100,443,0000,7FF,020B,0000,084,0100,443,0000
444,0000,445,0100,444,0000,7FF,020B,0000,084,0100,444,0000
445,0000,446,0100,445,0000,7FF,020B,0000,084,0100,445,0000
446,0000,447,0100,446,0000,7FF,020B,0000,084,0100,446,0000
447,0000,448,0100,447,0000,7FF,020B,0000,084,0100,447,0000
448,0000,449,0100,448,0000,7FF,020B,0000,084,0100,448,0000
449,0000,44A,0100,449,0000,7FF,020B,0000,084,0100,449,0000
44A,0000,44B,0100,44A,0000,7FF,020B,0000,084,0100,44A,0000
44B,0000,44C,0100,44B,0000,7FF,020B,0000,084,0100,44B,0000
44C,0000,44D,0100,44C,0000,7FF,020B,0000,084,0100,44C,0000
44D,0000,44E,0100,44D,0000,7FF,020B,0000,084,0100,44D,0000
44E,0000,44F,0100,44E,0000,7FF,020B,0000,084,0100,44E,0000
44F,0000,450,0100,44F,0000,7FF,020B,0000,084,0100,44F,0000
450,0000,451,0100,450,0000,7FF,020B,0000,084,0100,450,0000
451,0000,452,0100,451,0000,7FF,020B,0000,084,0100,451,0000
452,0000,453,0100,452,0000,7FF,020B,0000,084,0100,452,0000
453,0000,454,0100,453,0000,7FF,020B,0000,084,0100,453,0000
454,0000,455,0100,454,0000,7FF,020B,0000,084,0100,454,0000
455,0000,456,0100,455,0000,7FF,020B,0000,084,0100,455,0000
456,0000,457,0100,456,0000,7FF,020B,0000,084,0100,456,0000
457,0000,458,0100,457,0000,7FF,020B,0000,084,0100,457,0000
458,0000,459,0100,458,0000,7FF,020B,0000,084,0100,458,0000
459,0000,45A,0100,459,0000,7FF,020B,0000,084,0100,459,0000
45A,0000,45B,0100,45A,0000,7FF,020B,0000,084,0100,45A,0000
45B,0000,45C,0100,45B,0000,7FF,020B,0000,084,0100,45B,0000
45C,0000,45D,0100,45C,0000,7FF,020B,0000,084,0100,45C,0000
45D,0000,45E,0100,45D,0000,7FF,020B,0000,084,0100,45D,0000
45E,0000,45F,0100,45E,0000,7FF,020B,0000,084,0100,45E,0000
45F,0000,460,0100,45F,0000,7FF,020B,0000,084,0100,45F,0000
460,0000,461,0100,460,0000,7FF,020B,0000,084,0100,460,0000
461,0000,462,0100,461,0000,7FF,020B,0000,084,0100,461,0000
462,0000,463,0100,462,0000,7FF,020B,0000,084,0100,462,0000
463,0000,464,0100,463,0000,7FF,020B,0000,084,0100,463,0000
464,0000,465,0100,464,0000,7FF,020B,0000,084,0100,464,0000
465,0000,466,0100,465,0000,7FF,020B,0000,084,0100,465,0000
466,0000,467,0100,466,0000,7FF,020B,0000,084,0100,466,0000
467,0000,468,0100,467,0000,7FF,020B,0000,084,0100,467,0000
468,0000,469,0100,468,0000,7FF,020B,0000,084,0100,468,0000
469,0000,46A,0100,469,0000,7FF,020B,0000,084,0100,469,0000
46A,0000,46B,0100,46A,0000,7FF,020B,0000,084,0100,46A,0000
46B,0000,46C,0100,46B,0000,7FF,020B,0000,084,0100,46B,0000
46C,0000,46D,0100,46C,0000,7FF,020B,0000,084,0100,46C,0000
46D,0000,46E,0100,46D,0000,7FF,020B,0000,084,0100,46D,0000
46E,0000,46F,0100,46E,0000,7FF,020B,0000,084,0100,46E,0000
46F,0000,470,0100,46F,0000,7FF,020B,0000,084,0100,46F,0000
470,0000,471,0100,470,0000,7FF,020B,0000,084,0100,470,0000
471,0000,472,0100,471,0000,7FF,020B,0000,084,0100,471,0000
472,0000,473,0100,472,0000,7FF,020B,0000,084,0100,472,0000
473,0000,474,0100,473,0000,7FF,020B,0000,084,0100,473,0000
474,0000,475,0100,474,0000,7FF,020B,0000,084,0100,474,0000
475,0000,476,0100,475,0000,7FF,020B,0000,084,0100,475,0000
476,0000,477,0100,476,0000,7FF,020B,0000,084,0100,476,0000
477,0000,478,0100,477,0000,7FF,020B,0000,084,0100,477,0000
478,0000,479,0100,478,0000,7FF,020B,0000,084,0100,478,0000
479,0000,47A,0100,479,0000,7FF,020B,0000,084,0100,479,0000
47A,0000,47B,0100,47A,0000,7FF,020B,0000,084,0100,47A,0000
47B,0000,47C,0100,47B,0000,7FF,020B,0000,084,0100,47B,0000
47C,0000,47D,0100,47C,0000,7FF,020B,0000,084,0100,47C,0000
47D,0000,47E,0100,47D,0000,7FF,020B,0000,084,0100,47D,0000
47E,0000,47F,0100,47E,0000,7FF,020B,0000,084,0100,47E,0000
47F,0000,480,0100,47F,0000,7FF,020B,0000,084,0100,47F,0000
480,0000,481,0100,480,0000,7FF,020B,0000,084,0100,480,0000
481,0000,482,0100,481,0000,7FF,020B,0000,084,0100,481,0000
482,0000,483,0100,482,0000,7FF,020B,0000,084,0100,482,0000
483,0000,484,0100,483,0000,7FF,020B,0000,084,0100,483,0000
484,0000,485,0100,484,0000,7FF,020B,0000,084,0100,484,0000
485,0000,486,0100,485,0000,7FF,020B,0000,084,0100,485,0000
486,0000,487,0100,486,0000,7FF,020B,0000,084,0100,486,0000
487,0000,488,0100,487,0000,7FF,020B,0000,084,0100,487,0000
488,0000,489,0100,488,0000,7FF,020B,0000,084,0100,488,0000
489,0000,48A,0100,489,0000,7FF,020B,0000,084,0100,489,0000
48A,0000,48B,0100,48A,0000,7FF,020B,0000,084,0100,48A,0000
48B,0000,48C,0100,48B,0000,7FF,020B,0000,084,0100,48B,0000
48C,0000,48D,0100,48C,0000,7FF,020B,0000,084,0100,48C,0000
48D,0000,48E,0100,48D,0000,7FF,020B,0000,084,0100,48D,0000
48E,0000,48F,0100,48E,0000,7FF,020B,0000,084,0100,48E,0000
48F,0000,490,0100,48F,0000,7FF,020B,0000,084,0100,48F,0000
490,0000,491,0100,490,0000,7FF,020B,0000,084,0100,490,0000
491,0000,492,0100,491,0000,7FF,020B,0000,084,0100,491,0000
492,0000,493,0100,492,0000,7FF,020B,0000,084,0100,492,0000
493,0000,494,0100,493,0000,7FF,020B,0000,084,0100,493,0000
494,0000,495,0100,494,0000,7FF,020B,0000,084,0100,494,0000
495,0000,496,0100,495,0000,7FF,020B,0000,084,0100,495,0000
496,0000,497,0100,496,0000,7FF,020B,0000,084,0100,496,0000
497,0000,498,0100,497,0000,7FF,020B,0000,084,0100,497,0000
498,0000,499,0100,498,0000,7FF,020B,0000,084,0100,498,0000
499,0000,49A,0100,499,0000,7FF,020B,0000,084,0100,499,0000
49A,0000,49B,0100,49A,0000,7FF,020B,0000,084,0100,49A,0000
49B,0000,49C,0100,49B,0000,7FF,020B,0000,084,0100,49B,0000
49C,0000,49D,0100,49C,0000,7FF,020B,0000,084,0100,49C,0000
49D,0000,49E,0100,49D,0000,7FF,020B,0000,084,0100,49D,0000
49E,0000,49F,0100,49E,0000,7FF,020B,0000,084,0100,49E,0000
49F,0000,4A0,0100,49F,0000,7FF,020B,0000,084,0100,49F,0000
4A0,0000,4A1,0100,4A0,0000,7FF,020B,0000,084,0100,4A0,0000
4A1,0000,4A2,0100,4A1,0000,7FF,020B,0000,084,0100,4A1,0000
4A2,0000,4A3,0100,4A2,0000,7FF,020B,0000,084,0100,4A2,0000
4A3,0000,4A4,0100,4A3,0000,7FF,020B,0000,084,0100,4A3,0000
4A4,0000,4A5,0100,4A4,0000,7FF,020B,0000,084,0100,4A4,0000
4A5,0000,4A6,0100,4A5,0000,7FF,020B,0000,084,0100,4A5,0000
4A6,0000,4A7,0100,4A6,0000,7FF,020B,0000,084,0100,4A6,0000
4A7,0000,4A8,0100,4A7,0000,7FF,020B,0000,084,0100,4A7,0000
4A8,0000,4A9,0100,4A8,0000,7FF,020B,0000,084,0100,4A8,0000
4A9,0000,4AA,0100,4A9,0000,7FF,020B,0000,084,0100,4A9,0000
4AA,0000,4AB,0100,4AA,0000,7FF,020B,0000,084,0100,4AA,0000
4AB,0000,4AC,0100,4AB,0000,7FF,020B,0000,084,0100,4AB,0000
4AC,0000,4AD,0100,4AC,0000,7FF,020B,0000,084,0100,4AC,0000
4AD,0000,4AE,0100,4AD,0000,7FF,020B,0000,084,0100,4AD,0000
4AE,0000,4AF,0100,4AE,0000,7FF,020B,0000,084,0100,4AE,0000
4AF,0000,4B0,0100,4AF,0000,7FF,020B,0000,084,0100,4AF,0000
4B0,0000,4B1,0100,4B0,0000,7FF,020B,0000,084,0100,4B0,0000
4B1,0000,4B2,0100,4B1,0000,7FF,020B,0000,084,0100,4B1,0000
4B2,0000,4B3,0100,4B2,0000,7FF,020B,0000,084,0100,4B2,0000
4B3,0000,4B4,0100,4B3,0000,7FF,020B,0000,084,0100,4B3,0000
4B4,0000,4B5,0100,4B4,0000,7FF,020B,0000,084,0100,4B4,0000
4B5,0000,4B6,0100,4B5,0000,7FF,020B,0000,084,0100,4B5,0000
4B6,0000,4B7,0100,4B6,0000,7FF,020B,0000,084,0100,4B6,0000
4B7,0000,4B8,0100,4B7,0000,7FF,020B,0000,084,0100,4B7,0000
4B8,0000,4B9,0100,4B8,0000,7FF,020B,0000,084,0100,4B8,0000
4B9,0000,4BA,0100,4B9,0000,7FF,020B,0000,084,0100,4B9,0000
4BA,0000,4BB,0100,4BA,0000,7FF,020B,0000,084,0100,4BA,0000
4BB,0000,4BC,0100,4BB,0000,7FF,020B,0000,084,0100,4BB,0000
4BC,0000,4BD,0100,4BC,0000,7FF,020B,0000,084,0100,4BC,0000
4BD,0000,4BE,0100,4BD,0000,7FF,020B,0000,084,0100,4BD,0000
4BE,0000,4BF,0100,4BE,0000,7FF,020B,0000,084,0100,4BE,0000
4BF,0000,4C0,0100,4BF,0000,7FF,020B,0000,084,0100,4BF,0000
4C0,0000,4C1,0100,4C0,0000,7FF,020B,0000,084,0100,4C0,0000
4C1,0000,4C2,0100,4C1,0000,7FF,020B,0000,084,0100,4C1,0000
4C2,0000,4C3,0100,4C2,0000,7FF,020B,0000,084,0100,4C2,0000
4C3,0000,4C4,0100,4C3,0000,7FF,020B,0000,084,0100,4C3,0000
4C4,0000,4C5,0100,4C4,0000,7FF,020B,0000,084,0100,4C4,0000
4C5,0000,4C6,0100,4C5,0000,7FF,020B,0000,084,0100,4C5,0000
4C6,0000,4C7,0100,4C6,0000,7FF,020B,0000,084,0100,4C6,0000
4C7,0000,4C8,0100,4C7,0000,7FF,020B,0000,084,0100,4C7,0000
4C8,0000,4C9,0100,4C8,0000,7FF,020B,0000,084,0100,4C8,0000
4C9,0000,4CA,0100,4C9,0000,7FF,020B,0000,084,0100,4C9,0000
4CA,0000,4CB,0100,4CA,0000,7FF,020B,0000,084,0100,4CA,0000
4CB,0000,4CC,0100,4CB,0000,7FF,020B,0000,084,0100,4CB,0000
4CC,0000,4CD,0100,4CC,0000,7FF,020B,0000,084,0100,4CC,0000
4CD,0000,4CE,0100,4CD,0000,7FF,020B,0000,084,0100,4CD,0000
4CE,0000,4CF,0100,4CE,0000,7FF,020B,0000,084,0100,4CE,0000
4CF,0000,4D0,0100,4CF,0000,7FF,020B,0000,084,0100,4CF,0000
4D0,0000,4D1,0100,4D0,0000,7FF,020B,0000,084,0100,4D0,0000
4D1,0000,4D2,0100,4D1,0000,7FF,020B,0000,084,0100,4D1,0000
4D2,0000,4D3,0100,4D2,0000,7FF,020B,0000,084,0100,4D2,0000
4D3,0000,4D4,0100,4D3,0000,7FF,020B,0000,084,0100,4D3,0000
4D4,0000,4D5,0100,4D4,0000,7FF,020B,0000,084,0100,4D4,0000
4D5,0000,4D6,0100,4D5,0000,7FF,020B,0000,084,0100,4D5,0000
4D6,0000,4D7,0100,4D6,0000,7FF,020B,0000,084,0100,4D6,0000
4D7,0000,4D8,0100,4D7,0000,7FF,020B,0000,084,0100,4D7,0000
4D8,0000,4D9,0100,4D8,0000,7FF,020B,0000,084,0100,4D8,0000
4D9,0000,4DA,0100,4D9,0000,7FF,020B,0000,084,0100,4D9,0000
4DA,0000,4DB,0100,4DA,0000,7FF,020B,0000,084,0100,4DA,0000
4DB,0000,4DC,0100,4DB,0000,7FF,020B,0000,084,0100,4DB,0000
4DC,0000,4DD,0100,4DC,0000,7FF,020B,0000,084,0100,4DC,0000
4DD,0000,4DE,0100,4DD,0000,7FF,020B,0000,084,0100,4DD,0000
4DE,0000,4DF,0100,4DE,0000,7FF,020B,0000,084,0100,4DE,0000
4DF,0000,4E0,0100,4DF,0000,7FF,020B,0000,084,0100,4DF,0000
4E0,0000,4E1,0100,4E0,0000,7FF,020B,0000,084,0100,4E0,0000
4E1,0000,4E2,0100,4E1,0000,7FF,020B,0000,084,0100,4E1,0000
4E2,0000,4E3,0100,4E2,0000,7FF,020B,0000,084,0100,4E2,0000
4E3,0000,4E4,0100,4E3,0000,7FF,020B,0000,084,0100,4E3,0000
4E4,0000,4E5,0100,4E4,0000,7FF,020B,0000,084,0100,4E4,0000
4E5,0000,4E6,0100,4E5,0000,7FF,020B,0000,084,0100,4E5,0000
4E6,0000,4E7,0100,4E6,0000,7FF,020B,0000,084,0100,4E6,0000
4E7,0000,4E8,0100,4E7,0000,7FF,020B,0000,084,0100,4E7,0000
4E8,0000,4E9,0100,4E8,0000,7FF,020B,0000,084,0100,4E8,0000
4E9,0000,4EA,0100,4E9,0000,7FF,020B,0000,084,0100,4E9,0000
4EA,0000,4EB,0100,4EA,0000,7FF,020B,0000,084,0100,4EA,0000
4EB,0000,4EC,0100,4EB,0000,7FF,020B,0000,084,0100,4EB,0000
4EC,0000,4ED,0100,4EC,0000,7FF,020B,0000,084,0100,4EC,0000
4ED,0000,4EE,0100,4ED,0000,7FF,020B,0000,084,0100,4ED,0000
4EE,0000,4EF,0100,4EE,0000,7FF,020B,0000,084,0100,4EE,0000
4EF,0000,4F0,0100,4EF,0000,7FF,020B,0000,084,0100,4EF,0000
4F0,0000,4F1,0100,4F0,0000,7FF,020B,0000,084,0100,4F0,0000
4F1,0000,4F2,0100,4F1,0000,7FF,020B,0000,084,0100,4F1,0000
4F2,0000,4F3,0100,4F2,0000,7FF,020B,0000,084,0100,4F2,0000
4F3,0000,4F4,0100,4F3,0000,7FF,020B,0000,084,0100,4F3,0000
4F4,0000,4F5,0100,4F4,0000,7FF,020B,0000,084,0100,4F4,0000
4F5,0000,4F6,0100,4F5,0000,7FF,020B,0000,084,0100,4F5,0000
4F6,0000,4F7,0100,4F6,0000,7FF,020B,0000,084,0100,4F6,0000
4F7,0000,4F8,0100,4F7,0000,7FF,020B,0000,084,0100,4F7,0000
4F8,0000,4F9,0100,4F8,0000,7FF,020B,0000,084,0100,4F8,0000
4F9,0000,4FA,0100,4F9,0000,7FF,020B,0000,084,0100,4F9,0000
4FA,0000,4FB,0100,4FA,0000,7FF,020B,0000,084,0100,4FA,0000
4FB,0000,4FC,0100,4FB,0000,7FF,020B,0000,084,0100,4FB,0000
4FC,0000,4FD,0100,4FC,0000,7FF,020B,0000,084,0100,4FC,0000
4FD,0000,4FE,0100,4FD,0000,7FF,020B,0000,084,0100,4FD,0000
4FE,0000,4FF,0100,4FE,0000,7FF,020B,0000,084,0100,4FE,0000
4FF,0000,500,0100,4FF,0000,7FF,020B,0000,084,0100,4FF,0000
500,0000,501,0100,500,0000,7FF,020B,0000,084,0100,500,0000
501,0000,502,0100,501,0000,7FF,020B,0000,084,0100,501,0000
502,0000,503,0100,502,0000,7FF,020B,0000,084,0100,502,0000
503,0000,504,0100,503,0000,7FF,020B,0000,084,0100,503,0000
504,0000,505,0100,504,0000,7FF,020B,0000,084,0100,504,0000
505,0000,506,0100,505,0000,7FF,020B,0000,084,0100,505,0000
506,0000,507,0100,506,0000,7FF,020B,0000,084,0100,506,0000
507,0000,508,0100,507,0000,7FF,020B,0000,084,0100,507,0000
508,0000,509,0100,508,0000,7FF,020B,0000,084,0100,508,0000
509,0000,50A,0100,509,0000,7FF,020B,0000,084,0100,509,0000
50A,0000,50B,0100,50A,0000,7FF,020B,0000,084,0100,50A,0000
50B,0000,50C,0100,50B,0000,7FF,020B,0000,084,0100,50B,0000
50C,0000,50D,0100,50C,0000,7FF,020B,0000,084,0100,50C,0000
50D,0000,50E,0100,50D,0000,7FF,020B,0000,084,0100,50D,0000
50E,0000,50F,0100,50E,0000,7FF,020B,0000,084,0100,50E,0000
50F,0000,510,0100,50F,0000,7FF,020B,0000,084,0100,50F,0000
510,0000,511,0100,510,0000,7FF,020B,0000,084,0100,510,0000
511,0000,512,0100,511,0000,7FF,020B,0000,084,0100,511,0000
512,0000,513,0100,512,0000,7FF,020B,0000,084,0100,512,0000
513,0000,514,0100,513,0000,7FF,020B,0000,084,0100,513,0000
514,0000,515,0100,514,0000,7FF,020B,0000,084,0100,514,0000
515,0000,516,0100,515,0000,7FF,020B,0000,084,0100,515,0000
516,0000,517,0100,516,0000,7FF,020B,0000,084,0100,516,0000
517,0000,518,0100,517,0000,7FF,020B,0000,084,0100,517,0000
518,0000,519,0100,518,0000,7FF,020B,0000,084,0100,518,0000
519,0000,51A,0100,519,0000,7FF,020B,0000,084,0100,519,0000
51A,0000,51B,0100,51A,0000,7FF,020B,0000,084,0100,51A,0000
51B,0000,51C,0100,51B,0000,7FF,020B,0000,084,0100,51B,0000
51C,0000,51D,0100,51C,0000,7FF,020B,0000,084,0100,51C,0000
51D,0000,51E,0100,51D,0000,7FF,020B,0000,084,0100,51D,0000
51E,0000,51F,0100,51E,0000,7FF,020B,0000,084,0100,51E,0000
51F,0000,520,0100,51F,0000,7FF,020B,0000,084,0100,51F,0000
520,0000,521,0100,520,0000,7FF,020B,0000,084,0100,520,0000
521,0000,522,0100,521,0000,7FF,020B,0000,084,0100,521,0000
522,0000,523,0100,522,0000,7FF,020B,0000,084,0100,522,0000
523,0000,524,0100,523,0000,7FF,020B,0000,084,0100,523,0000
524,0000,525,0100,524,0000,7FF,020B,0000,084,0100,524,0000
525,0000,526,0100,525,0000,7FF,020B,0000,084,0100,525,0000
526,0000,527,0100,526,0000,7FF,020B,0000,084,0100,526,0000
527,0000,528,0100,527,0000,7FF,020B,0000,084,0100,527,0000
528,0000,529,0100,528,0000,7FF,020B,0000,084,0100,528,0000
529,0000,52A,0100,529,0000,7FF,020B,0000,084,0100,529,0000
52A,0000,52B,0100,52A,0000,7FF,020B,0000,084,0100,52A,0000
52B,0000,52C,0100,52B,0000,7FF,020B,0000,084,0100,52B,0000
52C,0000,52D,0100,52C,0000,7FF,020B,0000,084,0100,52C,0000
52D,0000,52E,0100,52D,0000,7FF,020B,0000,084,0100,52D,0000
52E,0000,52F,0100,52E,0000,7FF,020B,0000,084,0100,52E,0000
52F,0000,530,0100,52F,0000,7FF,020B,0000,084,0100,52F,0000
530,0000,531,0100,530,0000,7FF,020B,0000,084,0100,530,0000
531,0000,532,0100,531,0000,7FF,020B,0000,084,0100,531,0000
532,0000,533,0100,532,0000,7FF,020B,0000,084,0100,532,0000
533,0000,534,0100,533,0000,7FF,020B,0000,084,0100,533,0000
534,0000,535,0100,534,0000,7FF,020B,0000,084,0100,534,0000
535,0000,536,0100,535,0000,7FF,020B,0000,084,0100,535,0000
536,0000,537,0100,536,0000,7FF,020B,0000,084,0100,536,0000
537,0000,538,0100,537,0000,7FF,020B,0000,084,0100,537,0000
538,0000,539,0100,538,0000,7FF,020B,0000,084,0100,538,0000
539,0000,53A,0100,539,0000,7FF,020B,0000,084,0100,539,0000
53A,0000,53B,0100,53A,0000,7FF,020B,0000,084,0100,53A,0000
53B,0000,53C,0100,53B,0000,7FF,020B,0000,084,0100,53B,0000
53C,0000,53D,0100,53C,0000,7FF,020B,0000,084,0100,53C,0000
53D,0000,53E,0100,53D,0000,7FF,020B,0000,084,0100,53D,0000
53E,0000,53F,0100,53E,0000,7FF,020B,0000,084,0100,53E,0000
53F,0000,540,0100,53F,0000,7FF,020B,0000,084,0100,53F,0000
540,0000,541,0100,540,0000,7FF,020B,0000,084,0100,540,0000
541,0000,542,0100,541,0000,7FF,020B,0000,084,0100,541,0000
542,0000,543,0100,542,0000,7FF,020B,0000,084,0100,542,0000
543,0000,544,0100,543,0000,7FF,020B,0000,084,0100,543,0000
544,0000,545,0100,544,0000,7FF,020B,0000,084,0100,544,0000
545,0000,546,0100,545,0000,7FF,020B,0000,084,0100,545,0000
546,0000,547,0100,546,0000,7FF,020B,0000,084,0100,546,0000
547,0000,548,0100,547,0000,7FF,020B,0000,084,0100,547,0000
548,0000,549,0100,548,0000,7FF,020B,0000,084,0100,548,0000
549,0000,54A,0100,549,0000,7FF,020B,0000,084,0100,549,0000
54A,0000,54B,0100,54A,0000,7FF,020B,0000,084,0100,54A,0000
54B,0000,54C,0100,54B,0000,7FF,020B,0000,084,0100,54B,0000
54C,0000,54D,0100,54C,0000,7FF,020B,0000,084,0100,54C,0000
54D,0000,54E,0100,54D,0000,7FF,020B,0000,084,0100,54D,0000
54E,0000,54F,0100,54E,0000,7FF,020B,0000,084,0100,54E,0000
54F,0000,550,0100,54F,0000,7FF,020B,0000,084,0100,54F,0000
550,0000,551,0100,550,0000,7FF,020B,0000,084,0100,550,0000
551,0000,552,0100,551,0000,7FF,020B,0000,084,0100,551,0000
552,0000,553,0100,552,0000,7FF,020B,0000,084,0100,552,0000
553,0000,554,0100,553,0000,7FF,020B,0000,084,0100,553,0000
554,0000,555,0100,554,0000,7FF,020B,0000,084,0100,554,0000
555,0000,556,0100,555,0000,7FF,020B,0000,084,0100,555,0000
556,0000,557,0100,556,0000,7FF,020B,0000,084,0100,556,0000
557,0000,558,0100,557,0000,7FF,020B,0000,084,0100,557,0000
558,0000,559,0100,558,0000,7FF,020B,0000,084,0100,558,0000
559,0000,55A,0100,559,0000,7FF,020B,0000,084,0100,559,0000
55A,0000,55B,0100,55A,0000,7FF,020B,0000,084,0100,55A,0000
55B,0000,55C,0100,55B,0000,7FF,020B,0000,084,0100,55B,0000
55C,0000,55D,0100,55C,0000,7FF,020B,0000,084,0100,55C,0000
55D,0000,55E,0100,55D,0000,7FF,020B,0000,084,0100,55D,0000
55E,0000,55F,0100,55E,0000,7FF,020B,0000,084,0100,55E,0000
55F,0000,560,0100,55F,0000,7FF,020B,0000,084,0100,55F,0000
560,0000,561,0100,560,0000,7FF,020B,0000,084,0100,560,0000
561,0000,562,0100,561,0000,7FF,020B,0000,084,0100,561,0000
562,0000,563,0100,562,0000,7FF,020B,0000,084,0100,562,0000
563,0000,564,0100,563,0000,7FF,020B,0000,084,0100,563,0000
564,0000,565,0100,564,0000,7FF,020B,0000,084,0100,564,0000
565,0000,566,0100,565,0000,7FF,020B,0000,084,0100,565,0000
566,0000,567,0100,566,0000,7FF,020B,0000,084,0100,566,0000
567,0000,568,0100,567,0000,7FF,020B,0000,084,0100,567,0000
568,0000,569,0100,568,0000,7FF,020B,0000,084,0100,568,0000
569,0000,56A,0100,569,0000,7FF,020B,0000,084,0100,569,0000
56A,0000,56B,0100,56A,0000,7FF,020B,0000,084,0100,56A,0000
56B,0000,56C,0100,56B,0000,7FF,020B,0000,084,0100,56B,0000
56C,0000,56D,0100,56C,0000,7FF,020B,0000,084,0100,56C,0000
56D,0000,56E,0100,56D,0000,7FF,020B,0000,084,0100,56D,0000
56E,0000,56F,0100,56E,0000,7FF,020B,0000,084,0100,56E,0000
56F,0000,570,0100,56F,0000,7FF,020B,0000,084,0100,56F,0000
570,0000,571,0100,570,0000,7FF,020B,0000,084,0100,570,0000
571,0000,572,0100,571,0000,7FF,020B,0000,084,0100,571,0000
572,0000,573,0100,572,0000,7FF,020B,0000,084,0100,572,0000
573,0000,574,0100,573,0000,7FF,020B,0000,084,0100,573,0000
574,0000,575,0100,574,0000,7FF,020B,0000,084,0100,574,0000
575,0000,576,0100,575,0000,7FF,020B,0000,084,0100,575,0000
576,0000,577,0100,576,0000,7FF,020B,0000,084,0100,576,0000
577,0000,578,0100,577,0000,7FF,020B,0000,084,0100,577,0000
578,0000,579,0100,578,0000,7FF,020B,0000,084,0100,578,0000
579,0000,57A,0100,579,0000,7FF,020B,0000,084,0100,579,0000
57A,0000,57B,0100,57A,0000,7FF,020B,0000,084,0100,57A,0000
57B,0000,57C,0100,57B,0000,7FF,020B,0000,084,0100,57B,0000
57C,0000,57D,0100,57C,0000,7FF,020B,0000,084,0100,57C,0000
57D,0000,57E,0100,57D,0000,7FF,020B,0000,084,0100,57D,0000
57E,0000,57F,0100,57E,0000,7FF,020B,0000,084,0100,57E,0000
57F,0000,580,0100,57F,0000,7FF,020B,0000,084,0100,57F,0000
580,0000,581,0100,580,0000,7FF,020B,0000,084,0100,580,0000
581,0000,582,0100,581,0000,7FF,020B,0000,084,0100,581,0000
582,0000,583,0100,582,0000,7FF,020B,0000,084,0100,582,0000
583,0000,584,0100,583,0000,7FF,020B,0000,084,0100,583,0000
584,0000,585,0100,584,0000,7FF,020B,0000,084,0100,584,0000
585,0000,586,0100,585,0000,7FF,020B,0000,084,0100,585,0000
586,0000,587,0100,586,0000,7FF,020B,0000,084,0100,586,0000
587,0000,588,0100,587,0000,7FF,020B,0000,084,0100,587,0000
588,0000,589,0100,588,0000,7FF,020B,0000,084,0100,588,0000
589,0000,58A,0100,589,0000,7FF,020B,0000,084,0100,589,0000
58A,0000,58B,0100,58A,0000,7FF,020B,0000,084,0100,58A,0000
58B,0000,58C,0100,58B,0000,7FF,020B,0000,084,0100,58B,0000
58C,0000,58D,0100,58C,0000,7FF,020B,0000,084,0100,58C,0000
58D,0000,58E,0100,58D,0000,7FF,020B,0000,084,0100,58D,0000
58E,0000,58F,0100,58E,0000,7FF,020B,0000,084,0100,58E,0000
58F,0000,590,0100,58F,0000,7FF,020B,0000,084,0100,58F,0000
590,0000,591,0100,590,0000,7FF,020B,0000,084,0100,590,0000
591,0000,592,0100,591,0000,7FF,020B,0000,084,0100,591,0000
592,0000,593,0100,592,0000,7FF,020B,0000,084,0100,592,0000
593,0000,594,0100,593,0000,7FF,020B,0000,084,0100,593,0000
594,0000,595,0100,594,0000,7FF,020B,0000,084,0100,594,0000
595,0000,596,0100,595,0000,7FF,020B,0000,084,0100,595,0000
596,0000,597,0100,596,0000,7FF,020B,0000,084,0100,596,0000
597,0000,598,0100,597,0000,7FF,020B,0000,084,0100,597,0000
598,0000,599,0100,598,0000,7FF,020B,0000,084,0100,598,0000
599,0000,59A,0100,599,0000,7FF,020B,0000,084,0100,599,0000
59A,0000,59B,0100,59A,0000,7FF,020B,0000,084,0100,59A,0000
59B,0000,59C,0100,59B,0000,7FF,020B,0000,084,0100,59B,0000
59C,0000,59D,0100,59C,0000,7FF,020B,0000,084,0100,59C,0000
59D,0000,59E,0100,59D,0000,7FF,020B,0000,084,0100,59D,0000
59E,0000,59F,0100,59E,0000,7FF,020B,0000,084,0100,59E,0000
59F,0000,5A0,0100,59F,0000,7FF,020B,0000,084,0100,59F,0000
5A0,0000,5A1,0100,5A0,0000,7FF,020B,0000,084,0100,5A0,0000
5A1,B1D8,5A2,0100,5A1,B1D8,7FF,020B,0000,084,0100,5A1,B1D8
5A2,D2D5,5A3,0100,5A2,D2D5,7FF,020B,0000,084,0100,5A2,D2D5
5A3,DEDF,5A4,0100,5A3,DEDF,7FF,020B,0000,084,0100,5A3,DEDF
5A4,3B00,5A5,0100,5A4,3B00,7FF,020B,0000,084,0100,5A4,3B00
5A5,0000,1F5,0100,5A4,3B00,7FF,020B,0000,084,0100
1F5,CE00,20C,0100,20B,0100,7FF,020B,0000,084,0100,1F3,0001
,                                 ,7FF,0201
,                                 ,1F4,05A5
20C,0000,1F3,0100,20B,0100,7FF,020B,0000,084,0100
1F3,0000,1F4,0100,1F3,0000,7FF,020B,0000,084,0100,1F3,0000
1F4,05A1,1F5,0100,1F4,05A1,7FF,020B,0000,084,0100,1F4,05A1
1F5,CE00,1F6,0100,1F5,CE00,7FF,020B,0000,084,0100,1F5,CE00
1F6,1203,1F7,0100,1F6,1203,7FF,020B,0000,084,0100,1F6,1203
1F7,2F40,1F8,0100,1F7,2F40,7FF,020B,0000,084,0100,1F7,2F40
1F8,F0FD,1F9,0100,1F8,F0FD,7FF,020B,0000,084,0100,1F8,F0FD
1F9,AEF9,1FA,0100,1F9,AEF9,7FF,020B,0000,084,0100,1F9,AEF9
1FA,F001,1FB,0100,1FA,F001,7FF,020B,0000,084,0100,1FA,F001
1FB,CE06,1FC,0100,1FB,CE06,7FF,020B,0000,084,0100,1FB,CE06
1FC,0700,1FD,0100,1FC,0700,7FF,020B,0000,084,0100,1FC,0700
1FD,EEF5,1FE,0100,1FD,EEF5,7FF,020B,0000,084,0100,1FD,EEF5
1FE,A8F5,1FF,0100,1FE,A8F5,7FF,020B,0000,084,0100,1FE,A8F5
1FF,0680,200,0100,1FF,0680,7FF,020B,0000,084,0100,1FF,0680
200,DE06,201,0100,200,DE06,7FF,020B,0000,084,0100,200,DE06
201,CEF4,202,0100,201,CEF4,7FF,020B,0000,084,0100,201,CEF4
202,0200,203,0100,202,0200,7FF,020B,0000,084,0100,202,0200
203,EEEF,204,0100,203,EEEF,7FF,020B,0000,084,0100,203,EEEF
204,AAEF,205,0100,204,AAEF,7FF,020B,0000,084,0100,204,AAEF
205,DE01,206,0100,205,DE01,7FF,020B,0000,084,0100,205,DE01
206,CEEF,207,0100,206,CEEF,7FF,020B,0000,084,0100,206,CEEF
207,1302,208,0100,207,1302,7FF,020B,0000,084,0100,207,1302
208,2FFF,209,0100,208,2FFF,7FF,020B,0000,084,0100,208,2FFF
209,F001,20A,0100,209,F001,7FF,020B,0000,084,0100,209,F001
20A,0A00,20B,0100,20A,0A00,7FF,020B,0000,084,0100,20A,0A00
20B,0100,20C,0100,20B,0100,7FF,020B,0000,084,0100,20B,0100
20C,0000,20D,0100,20C,0000,7FF,020B,0000,084,0100,20C,0000
20D,0000,20E,0100,20D,0000,7FF,020B,0000,084,0100,20D,0000
20E,0000,20F,0100,20E,0000,7FF,020B,0000,084,0100,20E,0000
20F,0000,210,0100,20F,0000,7FF,020B,0000,084,0100,20F,0000
210,0000,211,0100,210,0000,7FF,020B,0000,084,0100,210,0000
211,0000,212,0100,211,0000,7FF,020B,0000,084,0100,211,0000
212,0000,213,0100,212,0000,7FF,020B,0000,084,0100,212,0000
213,0000,214,0100,213,0000,7FF,020B,0000,084,0100,213,0000
214,0000,215,0100,214,0000,7FF,020B,0000,084,0100,214,0000
215,0000,216,0100,215,0000,7FF,020B,0000,084,0100,215,0000
216,0000,217,0100,216,0000,7FF,020B,0000,084,0100,216,0000
217,0000,218,0100,217,0000,7FF,020B,0000,084,0100,217,0000
218,0000,219,0100,218,0000,7FF,020B,0000,084,0100,218,0000
219,0000,21A,0100,219,0000,7FF,020B,0000,084,0100,219,0000
21A,0000,21B,0100,21A,0000,7FF,020B,0000,084,0100,21A,0000
21B,0000,21C,0100,21B,0000,7FF,020B,0000,084,0100,21B,0000
21C,0000,21D,0100,21C,0000,7FF,020B,0000,084,0100,21C,0000
21D,0000,21E,0100,21D,0000,7FF,020B,0000,084,0100,21D,0000
21E,0000,21F,0100,21E,0000,7FF,020B,0000,084,0100,21E,0000
21F,0000,220,0100,21F,0000,7FF,020B,0000,084,0100,21F,0000
220,0000,221,0100,220,0000,7FF,020B,0000,084,0100,220,0000
221,0000,222,0100,221,0000,7FF,020B,0000,084,0100,221,0000
222,0000,223,0100,222,0000,7FF,020B,0000,084,0100,222,0000
223,0000,224,0100,223,0000,7FF,020B,0000,084,0100,223,0000
224,0000,225,0100,224,0000,7FF,020B,0000,084,0100,224,0000
225,0000,226,0100,225,0000,7FF,020B,0000,084,0100,225,0000
226,0000,227,0100,226,0000,7FF,020B,0000,084,0100,226,0000
227,0000,228,0100,227,0000,7FF,020B,0000,084,0100,227,0000
228,0000,229,0100,228,0000,7FF,020B,0000,084,0100,228,0000
229,0000,22A,0100,229,0000,7FF,020B,0000,084,0100,229,0000
22A,0000,22B,0100,22A,0000,7FF,020B,0000,084,0100,22A,0000
22B,0000,22C,0100,22B,0000,7FF,020B,0000,084,0100,22B,0000
22C,0000,22D,0100,22C,0000,7FF,020B,0000,084,0100,22C,0000
22D,0000,22E,0100,22D,0000,7FF,020B,0000,084,0100,22D,0000
22E,0000,22F,0100,22E,0000,7FF,020B,0000,084,0100,22E,0000
22F,0000,230,0100,22F,0000,7FF,020B,0000,084,0100,22F,0000
230,0000,231,0100,230,0000,7FF,020B,0000,084,0100,230,0000
231,0000,232,0100,231,0000,7FF,020B,0000,084,0100,231,0000
232,0000,233,0100,232,0000,7FF,020B,0000,084,0100,232,0000
233,0000,234,0100,233,0000,7FF,020B,0000,084,0100,233,0000
234,0000,235,0100,234,0000,7FF,020B,0000,084,0100,234,0000
235,0000,236,0100,235,0000,7FF,020B,0000,084,0100,235,0000
236,0000,237,0100,236,0000,7FF,020B,0000,084,0100,236,0000
237,0000,238,0100,237,0000,7FF,020B,0000,084,0100,237,0000
238,0000,239,0100,238,0000,7FF,020B,0000,084,0100,238,0000
239,0000,23A,0100,239,0000,7FF,020B,0000,084,0100,239,0000
23A,0000,23B,0100,23A,0000,7FF,020B,0000,084,0100,23A,0000
23B,0000,23C,0100,23B,0000,7FF,020B,0000,084,0100,23B,0000
23C,0000,23D,0100,23C,0000,7FF,020B,0000,084,0100,23C,0000
23D,0000,23E,0100,23D,0000,7FF,020B,0000,084,0100,23D,0000
23E,0000,23F,0100,23E,0000,7FF,020B,0000,084,0100,23E,0000
23F,0000,240,0100,23F,0000,7FF,020B,0000,084,0100,23F,0000
240,0000,241,0100,240,0000,7FF,020B,0000,084,0100,240,0000
241,0000,242,0100,241,0000,7FF,020B,0000,084,0100,241,0000
242,0000,243,0100,242,0000,7FF,020B,0000,084,0100,242,0000
243,0000,244,0100,243,0000,7FF,020B,0000,084,0100,243,0000
244,0000,245,0100,244,0000,7FF,020B,0000,084,0100,244,0000
245,0000,246,0100,245,0000,7FF,020B,0000,084,0100,245,0000
246,0000,247,0100,246,0000,7FF,020B,0000,084,0100,246,0000
247,0000,248,0100,247,0000,7FF,020B,0000,084,0100,247,0000
248,0000,249,0100,248,0000,7FF,020B,0000,084,0100,248,0000
249,0000,24A,0100,249,0000,7FF,020B,0000,084,0100,249,0000
24A,0000,24B,0100,24A,0000,7FF,020B,0000,084,0100,24A,0000
24B,0000,24C,0100,24B,0000,7FF,020B,0000,084,0100,24B,0000
24C,0000,24D,0100,24C,0000,7FF,020B,0000,084,0100,24C,0000
24D,0000,24E,0100,24D,0000,7FF,020B,0000,084,0100,24D,0000
24E,0000,24F,0100,24E,0000,7FF,020B,0000,084,0100,24E,0000
24F,0000,250,0100,24F,0000,7FF,020B,0000,084,0100,24F,0000
250,0000,251,0100,250,0000,7FF,020B,0000,084,0100,250,0000
251,0000,252,0100,251,0000,7FF,020B,0000,084,0100,251,0000
252,0000,253,0100,252,0000,7FF,020B,0000,084,0100,252,0000
253,0000,254,0100,253,0000,7FF,020B,0000,084,0100,253,0000
254,0000,255,0100,254,0000,7FF,020B,0000,084,0100,254,0000
255,0000,256,0100,255,0000,7FF,020B,0000,084,0100,255,0000
256,0000,257,0100,256,0000,7FF,020B,0000,084,0100,256,0000
257,0000,258,0100,257,0000,7FF,020B,0000,084,0100,257,0000
258,0000,259,0100,258,0000,7FF,020B,0000,084,0100,258,0000
259,0000,25A,0100,259,0000,7FF,020B,0000,084,0100,259,0000
25A,0000,25B,0100,25A,0000,7FF,020B,0000,084,0100,25A,0000
25B,0000,25C,0100,25B,0000,7FF,020B,0000,084,0100,25B,0000
25C,0000,25D,0100,25C,0000,7FF,020B,0000,084,0100,25C,0000
25D,0000,25E,0100,25D,0000,7FF,020B,0000,084,0100,25D,0000
25E,0000,25F,0100,25E,0000,7FF,020B,0000,084,0100,25E,0000
25F,0000,260,0100,25F,0000,7FF,020B,0000,084,0100,25F,0000
260,0000,261,0100,260,0000,7FF,020B,0000,084,0100,260,0000
261,0000,262,0100,261,0000,7FF,020B,0000,084,0100,261,0000
262,0000,263,0100,262,0000,7FF,020B,0000,084,0100,262,0000
263,0000,264,0100,263,0000,7FF,020B,0000,084,0100,263,0000
264,0000,265,0100,264,0000,7FF,020B,0000,084,0100,264,0000
265,0000,266,0100,265,0000,7FF,020B,0000,084,0100,265,0000
266,0000,267,0100,266,0000,7FF,020B,0000,084,0100,266,0000
267,0000,268,0100,267,0000,7FF,020B,0000,084,0100,267,0000
268,0000,269,0100,268,0000,7FF,020B,0000,084,0100,268,0000
269,0000,26A,0100,269,0000,7FF,020B,0000,084,0100,269,0000
26A,0000,26B,0100,26A,0000,7FF,020B,0000,084,0100,26A,0000
26B,0000,26C,0100,26B,0000,7FF,020B,0000,084,0100,26B,0000
26C,0000,26D,0100,26C,0000,7FF,020B,0000,084,0100,26C,0000
26D,0000,26E,0100,26D,0000,7FF,020B,0000,084,0100,26D,0000
26E,0000,26F,0100,26E,0000,7FF,020B,0000,084,0100,26E,0000
26F,0000,270,0100,26F,0000,7FF,020B,0000,084,0100,26F,0000
270,0000,271,0100,270,0000,7FF,020B,0000,084,0100,270,0000
271,0000,272,0100,271,0000,7FF,020B,0000,084,0100,271,0000
272,0000,273,0100,272,0000,7FF,020B,0000,084,0100,272,0000
273,0000,274,0100,273,0000,7FF,020B,0000,084,0100,273,0000
274,0000,275,0100,274,0000,7FF,020B,0000,084,0100,274,0000
275,0000,276,0100,275,0000,7FF,020B,0000,084,0100,275,0000
276,0000,277,0100,276,0000,7FF,020B,0000,084,0100,276,0000
277,0000,278,0100,277,0000,7FF,020B,0000,084,0100,277,0000
278,0000,279,0100,278,0000,7FF,020B,0000,084,0100,278,0000
279,0000,27A,0100,279,0000,7FF,020B,0000,084,0100,279,0000
27A,0000,27B,0100,27A,0000,7FF,020B,0000,084,0100,27A,0000
27B,0000,27C,0100,27B,0000,7FF,020B,0000,084,0100,27B,0000
27C,0000,27D,0100,27C,0000,7FF,020B,0000,084,0100,27C,0000
27D,0000,27E,0100,27D,0000,7FF,020B,0000,084,0100,27D,0000
27E,0000,27F,0100,27E,0000,7FF,020B,0000,084,0100,27E,0000
27F,0000,280,0100,27F,0000,7FF,020B,0000,084,0100,27F,0000
280,0000,281,0100,280,0000,7FF,020B,0000,084,0100,280,0000
281,0000,282,0100,281,0000,7FF,020B,0000,084,0100,281,0000
282,0000,283,0100,282,0000,7FF,020B,0000,084,0100,282,0000
283,0000,284,0100,283,0000,7FF,020B,0000,084,0100,283,0000
284,0000,285,0100,284,0000,7FF,020B,0000,084,0100,284,0000
285,0000,286,0100,285,0000,7FF,020B,0000,084,0100,285,0000
286,0000,287,0100,286,0000,7FF,020B,0000,084,0100,286,0000
287,0000,288,0100,287,0000,7FF,020B,0000,084,0100,287,0000
288,0000,289,0100,288,0000,7FF,020B,0000,084,0100,288,0000
289,0000,28A,0100,289,0000,7FF,020B,0000,084,0100,289,0000
28A,0000,28B,0100,28A,0000,7FF,020B,0000,084,0100,28A,0000
28B,0000,28C,0100,28B,0000,7FF,020B,0000,084,0100,28B,0000
28C,0000,28D,0100,28C,0000,7FF,020B,0000,084,0100,28C,0000
28D,0000,28E,0100,28D,0000,7FF,020B,0000,084,0100,28D,0000
28E,0000,28F,0100,28E,0000,7FF,020B,0000,084,0100,28E,0000
28F,0000,290,0100,28F,0000,7FF,020B,0000,084,0100,28F,0000
290,0000,291,0100,290,0000,7FF,020B,0000,084,0100,290,0000
291,0000,292,0100,291,0000,7FF,020B,0000,084,0100,291,0000
292,0000,293,0100,292,0000,7FF,020B,0000,084,0100,292,0000
293,0000,294,0100,293,0000,7FF,020B,0000,084,0100,293,0000
294,0000,295,0100,294,0000,7FF,020B,0000,084,0100,294,0000
295,0000,296,0100,295,0000,7FF,020B,0000,084,0100,295,0000
296,0000,297,0100,296,0000,7FF,020B,0000,084,0100,296,0000
297,0000,298,0100,297,0000,7FF,020B,0000,084,0100,297,0000
298,0000,299,0100,298,0000,7FF,020B,0000,084,0100,298,0000
299,0000,29A,0100,299,0000,7FF,020B,0000,084,0100,299,0000
29A,0000,29B,0100,29A,0000,7FF,020B,0000,084,0100,29A,0000
29B,0000,29C,0100,29B,0000,7FF,020B,0000,084,0100,29B,0000
29C,0000,29D,0100,29C,0000,7FF,020B,0000,084,0100,29C,0000
29D,0000,29E,0100,29D,0000,7FF,020B,0000,084,0100,29D,0000
29E,0000,29F,0100,29E,0000,7FF,020B,0000,084,0100,29E,0000
29F,0000,2A0,0100,29F,0000,7FF,020B,0000,084,0100,29F,0000
2A0,0000,2A1,0100,2A0,0000,7FF,020B,0000,084,0100,2A0,0000
2A1,0000,2A2,0100,2A1,0000,7FF,020B,0000,084,0100,2A1,0000
2A2,0000,2A3,0100,2A2,0000,7FF,020B,0000,084,0100,2A2,0000
2A3,0000,2A4,0100,2A3,0000,7FF,020B,0000,084,0100,2A3,0000
2A4,0000,2A5,0100,2A4,0000,7FF,020B,0000,084,0100,2A4,0000
2A5,0000,2A6,0100,2A5,0000,7FF,020B,0000,084,0100,2A5,0000
2A6,0000,2A7,0100,2A6,0000,7FF,020B,0000,084,0100,2A6,0000
2A7,0000,2A8,0100,2A7,0000,7FF,020B,0000,084,0100,2A7,0000
2A8,0000,2A9,0100,2A8,0000,7FF,020B,0000,084,0100,2A8,0000
2A9,0000,2AA,0100,2A9,0000,7FF,020B,0000,084,0100,2A9,0000
2AA,0000,2AB,0100,2AA,0000,7FF,020B,0000,084,0100,2AA,0000
2AB,0000,2AC,0100,2AB,0000,7FF,020B,0000,084,0100,2AB,0000
2AC,0000,2AD,0100,2AC,0000,7FF,020B,0000,084,0100,2AC,0000
2AD,0000,2AE,0100,2AD,0000,7FF,020B,0000,084,0100,2AD,0000
2AE,0000,2AF,0100,2AE,0000,7FF,020B,0000,084,0100,2AE,0000
2AF,0000,2B0,0100,2AF,0000,7FF,020B,0000,084,0100,2AF,0000
2B0,0000,2B1,0100,2B0,0000,7FF,020B,0000,084,0100,2B0,0000
2B1,0000,2B2,0100,2B1,0000,7FF,020B,0000,084,0100,2B1,0000
2B2,0000,2B3,0100,2B2,0000,7FF,020B,0000,084,0100,2B2,0000
2B3,0000,2B4,0100,2B3,0000,7FF,020B,0000,084,0100,2B3,0000
2B4,0000,2B5,0100,2B4,0000,7FF,020B,0000,084,0100,2B4,0000
2B5,0000,2B6,0100,2B5,0000,7FF,020B,0000,084,0100,2B5,0000
2B6,0000,2B7,0100,2B6,0000,7FF,020B,0000,084,0100,2B6,0000
2B7,0000,2B8,0100,2B7,0000,7FF,020B,0000,084,0100,2B7,0000
2B8,0000,2B9,0100,2B8,0000,7FF,020B,0000,084,0100,2B8,0000
2B9,0000,2BA,0100,2B9,0000,7FF,020B,0000,084,0100,2B9,0000
2BA,0000,2BB,0100,2BA,0000,7FF,020B,0000,084,0100,2BA,0000
2BB,0000,2BC,0100,2BB,0000,7FF,020B,0000,084,0100,2BB,0000
2BC,0000,2BD,0100,2BC,0000,7FF,020B,0000,084,0100,2BC,0000
2BD,0000,2BE,0100,2BD,0000,7FF,020B,0000,084,0100,2BD,0000
2BE,0000,2BF,0100,2BE,0000,7FF,020B,0000,084,0100,2BE,0000
2BF,0000,2C0,0100,2BF,0000,7FF,020B,0000,084,0100,2BF,0000
2C0,0000,2C1,0100,2C0,0000,7FF,020B,0000,084,0100,2C0,0000
2C1,0000,2C2,0100,2C1,0000,7FF,020B,0000,084,0100,2C1,0000
2C2,0000,2C3,0100,2C2,0000,7FF,020B,0000,084,0100,2C2,0000
2C3,0000,2C4,0100,2C3,0000,7FF,020B,0000,084,0100,2C3,0000
2C4,0000,2C5,0100,2C4,0000,7FF,020B,0000,084,0100,2C4,0000
2C5,0000,2C6,0100,2C5,0000,7FF,020B,0000,084,0100,2C5,0000
2C6,0000,2C7,0100,2C6,0000,7FF,020B,0000,084,0100,2C6,0000
2C7,0000,2C8,0100,2C7,0000,7FF,020B,0000,084,0100,2C7,0000
2C8,0000,2C9,0100,2C8,0000,7FF,020B,0000,084,0100,2C8,0000
2C9,0000,2CA,0100,2C9,0000,7FF,020B,0000,084,0100,2C9,0000
2CA,0000,2CB,0100,2CA,0000,7FF,020B,0000,084,0100,2CA,0000
2CB,0000,2CC,0100,2CB,0000,7FF,020B,0000,084,0100,2CB,0000
2CC,0000,2CD,0100,2CC,0000,7FF,020B,0000,084,0100,2CC,0000
2CD,0000,2CE,0100,2CD,0000,7FF,020B,0000,084,0100,2CD,0000
2CE,0000,2CF,0100,2CE,0000,7FF,020B,0000,084,0100,2CE,0000
2CF,0000,2D0,0100,2CF,0000,7FF,020B,0000,084,0100,2CF,0000
2D0,0000,2D1,0100,2D0,0000,7FF,020B,0000,084,0100,2D0,0000
2D1,0000,2D2,0100,2D1,0000,7FF,020B,0000,084,0100,2D1,0000
2D2,0000,2D3,0100,2D2,0000,7FF,020B,0000,084,0100,2D2,0000
2D3,0000,2D4,0100,2D3,0000,7FF,020B,0000,084,0100,2D3,0000
2D4,0000,2D5,0100,2D4,0000,7FF,020B,0000,084,0100,2D4,0000
2D5,0000,2D6,0100,2D5,0000,7FF,020B,0000,084,0100,2D5,0000
2D6,0000,2D7,0100,2D6,0000,7FF,020B,0000,084,0100,2D6,0000
2D7,0000,2D8,0100,2D7,0000,7FF,020B,0000,084,0100,2D7,0000
2D8,0000,2D9,0100,2D8,0000,7FF,020B,0000,084,0100,2D8,0000
2D9,0000,2DA,0100,2D9,0000,7FF,020B,0000,084,0100,2D9,0000
2DA,0000,2DB,0100,2DA,0000,7FF,020B,0000,084,0100,2DA,0000
2DB,0000,2DC,0100,2DB,0000,7FF,020B,0000,084,0100,2DB,0000
2DC,0000,2DD,0100,2DC,0000,7FF,020B,0000,084,0100,2DC,0000
2DD,0000,2DE,0100,2DD,0000,7FF,020B,0000,084,0100,2DD,0000
2DE,0000,2DF,0100,2DE,0000,7FF,020B,0000,084,0100,2DE,0000
2DF,0000,2E0,0100,2DF,0000,7FF,020B,0000,084,0100,2DF,0000
2E0,0000,2E1,0100,2E0,0000,7FF,020B,0000,084,0100,2E0,0000
2E1,0000,2E2,0100,2E1,0000,7FF,020B,0000,084,0100,2E1,0000
2E2,0000,2E3,0100,2E2,0000,7FF,020B,0000,084,0100,2E2,0000
2E3,0000,2E4,0100,2E3,0000,7FF,020B,0000,084,0100,2E3,0000
2E4,0000,2E5,0100,2E4,0000,7FF,020B,0000,084,0100,2E4,0000
2E5,0000,2E6,0100,2E5,0000,7FF,020B,0000,084,0100,2E5,0000
2E6,0000,2E7,0100,2E6,0000,7FF,020B,0000,084,0100,2E6,0000
2E7,0000,2E8,0100,2E7,0000,7FF,020B,0000,084,0100,2E7,0000
2E8,0000,2E9,0100,2E8,0000,7FF,020B,0000,084,0100,2E8,0000
2E9,0000,2EA,0100,2E9,0000,7FF,020B,0000,084,0100,2E9,0000
2EA,0000,2EB,0100,2EA,0000,7FF,020B,0000,084,0100,2EA,0000
2EB,0000,2EC,0100,2EB,0000,7FF,020B,0000,084,0100,2EB,0000
2EC,0000,2ED,0100,2EC,0000,7FF,020B,0000,084,0100,2EC,0000
2ED,0000,2EE,0100,2ED,0000,7FF,020B,0000,084,0100,2ED,0000
2EE,0000,2EF,0100,2EE,0000,7FF,020B,0000,084,0100,2EE,0000
2EF,0000,2F0,0100,2EF,0000,7FF,020B,0000,084,0100,2EF,0000
2F0,0000,2F1,0100,2F0,0000,7FF,020B,0000,084,0100,2F0,0000
2F1,0000,2F2,0100,2F1,0000,7FF,020B,0000,084,0100,2F1,0000
2F2,0000,2F3,0100,2F2,0000,7FF,020B,0000,084,0100,2F2,0000
2F3,0000,2F4,0100,2F3,0000,7FF,020B,0000,084,0100,2F3,0000
2F4,0000,2F5,0100,2F4,0000,7FF,020B,0000,084,0100,2F4,0000
2F5,0000,2F6,0100,2F5,0000,7FF,020B,0000,084,0100,2F5,0000
2F6,0000,2F7,0100,2F6,0000,7FF,020B,0000,084,0100,2F6,0000
2F7,0000,2F8,0100,2F7,0000,7FF,020B,0000,084,0100,2F7,0000
2F8,0000,2F9,0100,2F8,0000,7FF,020B,0000,084,0100,2F8,0000
2F9,0000,2FA,0100,2F9,0000,7FF,020B,0000,084,0100,2F9,0000
2FA,0000,2FB,0100,2FA,0000,7FF,020B,0000,084,0100,2FA,0000
2FB,0000,2FC,0100,2FB,0000,7FF,020B,0000,084,0100,2FB,0000
2FC,0000,2FD,0100,2FC,0000,7FF,020B,0000,084,0100,2FC,0000
2FD,0000,2FE,0100,2FD,0000,7FF,020B,0000,084,0100,2FD,0000
2FE,0000,2FF,0100,2FE,0000,7FF,020B,0000,084,0100,2FE,0000
2FF,0000,300,0100,2FF,0000,7FF,020B,0000,084,0100,2FF,0000
300,0000,301,0100,300,0000,7FF,020B,0000,084,0100,300,0000
301,0000,302,0100,301,0000,7FF,020B,0000,084,0100,301,0000
302,0000,303,0100,302,0000,7FF,020B,0000,084,0100,302,0000
303,0000,304,0100,303,0000,7FF,020B,0000,084,0100,303,0000
304,0000,305,0100,304,0000,7FF,020B,0000,084,0100,304,0000
305,0000,306,0100,305,0000,7FF,020B,0000,084,0100,305,0000
306,0000,307,0100,306,0000,7FF,020B,0000,084,0100,306,0000
307,0000,308,0100,307,0000,7FF,020B,0000,084,0100,307,0000
308,0000,309,0100,308,0000,7FF,020B,0000,084,0100,308,0000
309,0000,30A,0100,309,0000,7FF,020B,0000,084,0100,309,0000
30A,0000,30B,0100,30A,0000,7FF,020B,0000,084,0100,30A,0000
30B,0000,30C,0100,30B,0000,7FF,020B,0000,084,0100,30B,0000
30C,0000,30D,0100,30C,0000,7FF,020B,0000,084,0100,30C,0000
30D,0000,30E,0100,30D,0000,7FF,020B,0000,084,0100,30D,0000
30E,0000,30F,0100,30E,0000,7FF,020B,0000,084,0100,30E,0000
30F,0000,310,0100,30F,0000,7FF,020B,0000,084,0100,30F,0000
310,0000,311,0100,310,0000,7FF,020B,0000,084,0100,310,0000
311,0000,312,0100,311,0000,7FF,020B,0000,084,0100,311,0000
312,0000,313,0100,312,0000,7FF,020B,0000,084,0100,312,0000
313,0000,314,0100,313,0000,7FF,020B,0000,084,0100,313,0000
314,0000,315,0100,314,0000,7FF,020B,0000,084,0100,314,0000
315,0000,316,0100,315,0000,7FF,020B,0000,084,0100,315,0000
316,0000,317,0100,316,0000,7FF,020B,0000,084,0100,316,0000
317,0000,318,0100,317,0000,7FF,020B,0000,084,0100,317,0000
318,0000,319,0100,318,0000,7FF,020B,0000,084,0100,318,0000
319,0000,31A,0100,319,0000,7FF,020B,0000,084,0100,319,0000
31A,0000,31B,0100,31A,0000,7FF,020B,0000,084,0100,31A,0000
31B,0000,31C,0100,31B,0000,7FF,020B,0000,084,0100,31B,0000
31C,0000,31D,0100,31C,0000,7FF,020B,0000,084,0100,31C,0000
31D,0000,31E,0100,31D,0000,7FF,020B,0000,084,0100,31D,0000
31E,0000,31F,0100,31E,0000,7FF,020B,0000,084,0100,31E,0000
31F,0000,320,0100,31F,0000,7FF,020B,0000,084,0100,31F,0000
320,0000,321,0100,320,0000,7FF,020B,0000,084,0100,320,0000
321,0000,322,0100,321,0000,7FF,020B,0000,084,0100,321,0000
322,0000,323,0100,322,0000,7FF,020B,0000,084,0100,322,0000
323,0000,324,0100,323,0000,7FF,020B,0000,084,0100,323,0000
324,0000,325,0100,324,0000,7FF,020B,0000,084,0100,324,0000
325,0000,326,0100,325,0000,7FF,020B,0000,084,0100,325,0000
326,0000,327,0100,326,0000,7FF,020B,0000,084,0100,326,0000
327,0000,328,0100,327,0000,7FF,020B,0000,084,0100,327,0000
328,0000,329,0100,328,0000,7FF,020B,0000,084,0100,328,0000
329,0000,32A,0100,329,0000,7FF,020B,0000,084,0100,329,0000
32A,0000,32B,0100,32A,0000,7FF,020B,0000,084,0100,32A,0000
32B,0000,32C,0100,32B,0000,7FF,020B,0000,084,0100,32B,0000
32C,0000,32D,0100,32C,0000,7FF,020B,0000,084,0100,32C,0000
32D,0000,32E,0100,32D,0000,7FF,020B,0000,084,0100,32D,0000
32E,0000,32F,0100,32E,0000,7FF,020B,0000,084,0100,32E,0000
32F,0000,330,0100,32F,0000,7FF,020B,0000,084,0100,32F,0000
330,0000,331,0100,330,0000,7FF,020B,0000,084,0100,330,0000
331,0000,332,0100,331,0000,7FF,020B,0000,084,0100,331,0000
332,0000,333,0100,332,0000,7FF,020B,0000,084,0100,332,0000
333,0000,334,0100,333,0000,7FF,020B,0000,084,0100,333,0000
334,0000,335,0100,334,0000,7FF,020B,0000,084,0100,334,0000
335,0000,336,0100,335,0000,7FF,020B,0000,084,0100,335,0000
336,0000,337,0100,336,0000,7FF,020B,0000,084,0100,336,0000
337,0000,338,0100,337,0000,7FF,020B,0000,084,0100,337,0000
338,0000,339,0100,338,0000,7FF,020B,0000,084,0100,338,0000
339,0000,33A,0100,339,0000,7FF,020B,0000,084,0100,339,0000
33A,0000,33B,0100,33A,0000,7FF,020B,0000,084,0100,33A,0000
33B,0000,33C,0100,33B,0000,7FF,020B,0000,084,0100,33B,0000
33C,0000,33D,0100,33C,0000,7FF,020B,0000,084,0100,33C,0000
33D,0000,33E,0100,33D,0000,7FF,020B,0000,084,0100,33D,0000
33E,0000,33F,0100,33E,0000,7FF,020B,0000,084,0100,33E,0000
33F,0000,340,0100,33F,0000,7FF,020B,0000,084,0100,33F,0000
340,0000,341,0100,340,0000,7FF,020B,0000,084,0100,340,0000
341,0000,342,0100,341,0000,7FF,020B,0000,084,0100,341,0000
342,0000,343,0100,342,0000,7FF,020B,0000,084,0100,342,0000
343,0000,344,0100,343,0000,7FF,020B,0000,084,0100,343,0000
344,0000,345,0100,344,0000,7FF,020B,0000,084,0100,344,0000
345,0000,346,0100,345,0000,7FF,020B,0000,084,0100,345,0000
346,0000,347,0100,346,0000,7FF,020B,0000,084,0100,346,0000
347,0000,348,0100,347,0000,7FF,020B,0000,084,0100,347,0000
348,0000,349,0100,348,0000,7FF,020B,0000,084,0100,348,0000
349,0000,34A,0100,349,0000,7FF,020B,0000,084,0100,349,0000
34A,0000,34B,0100,34A,0000,7FF,020B,0000,084,0100,34A,0000
34B,0000,34C,0100,34B,0000,7FF,020B,0000,084,0100,34B,0000
34C,0000,34D,0100,34C,0000,7FF,020B,0000,084,0100,34C,0000
34D,0000,34E,0100,34D,0000,7FF,020B,0000,084,0100,34D,0000
34E,0000,34F,0100,34E,0000,7FF,020B,0000,084,0100,34E,0000
34F,0000,350,0100,34F,0000,7FF,020B,0000,084,0100,34F,0000
350,0000,351,0100,350,0000,7FF,020B,0000,084,0100,350,0000
351,0000,352,0100,351,0000,7FF,020B,0000,084,0100,351,0000
352,0000,353,0100,352,0000,7FF,020B,0000,084,0100,352,0000
353,0000,354,0100,353,0000,7FF,020B,0000,084,0100,353,0000
354,0000,355,0100,354,0000,7FF,020B,0000,084,0100,354,0000
355,0000,356,0100,355,0000,7FF,020B,0000,084,0100,355,0000
356,0000,357,0100,356,0000,7FF,020B,0000,084,0100,356,0000
357,0000,358,0100,357,0000,7FF,020B,0000,084,0100,357,0000
358,0000,359,0100,358,0000,7FF,020B,0000,084,0100,358,0000
359,0000,35A,0100,359,0000,7FF,020B,0000,084,0100,359,0000
35A,0000,35B,0100,35A,0000,7FF,020B,0000,084,0100,35A,0000
35B,0000,35C,0100,35B,0000,7FF,020B,0000,084,0100,35B,0000
35C,0000,35D,0100,35C,0000,7FF,020B,0000,084,0100,35C,0000
35D,0000,35E,0100,35D,0000,7FF,020B,0000,084,0100,35D,0000
35E,0000,35F,0100,35E,0000,7FF,020B,0000,084,0100,35E,0000
35F,0000,360,0100,35F,0000,7FF,020B,0000,084,0100,35F,0000
360,0000,361,0100,360,0000,7FF,020B,0000,084,0100,360,0000
361,0000,362,0100,361,0000,7FF,020B,0000,084,0100,361,0000
362,0000,363,0100,362,0000,7FF,020B,0000,084,0100,362,0000
363,0000,364,0100,363,0000,7FF,020B,0000,084,0100,363,0000
364,0000,365,0100,364,0000,7FF,020B,0000,084,0100,364,0000
365,0000,366,0100,365,0000,7FF,020B,0000,084,0100,365,0000
366,0000,367,0100,366,0000,7FF,020B,0000,084,0100,366,0000
367,0000,368,0100,367,0000,7FF,020B,0000,084,0100,367,0000
368,0000,369,0100,368,0000,7FF,020B,0000,084,0100,368,0000
369,0000,36A,0100,369,0000,7FF,020B,0000,084,0100,369,0000
36A,0000,36B,0100,36A,0000,7FF,020B,0000,084,0100,36A,0000
36B,0000,36C,0100,36B,0000,7FF,020B,0000,084,0100,36B,0000
36C,0000,36D,0100,36C,0000,7FF,020B,0000,084,0100,36C,0000
36D,0000,36E,0100,36D,0000,7FF,020B,0000,084,0100,36D,0000
36E,0000,36F,0100,36E,0000,7FF,020B,0000,084,0100,36E,0000
36F,0000,370,0100,36F,0000,7FF,020B,0000,084,0100,36F,0000
370,0000,371,0100,370,0000,7FF,020B,0000,084,0100,370,0000
371,0000,372,0100,371,0000,7FF,020B,0000,084,0100,371,0000
372,0000,373,0100,372,0000,7FF,020B,0000,084,0100,372,0000
373,0000,374,0100,373,0000,7FF,020B,0000,084,0100,373,0000
374,0000,375,0100,374,0000,7FF,020B,0000,084,0100,374,0000
375,0000,376,0100,375,0000,7FF,020B,0000,084,0100,375,0000
376,0000,377,0100,376,0000,7FF,020B,0000,084,0100,376,0000
377,0000,378,0100,377,0000,7FF,020B,0000,084,0100,377,0000
378,0000,379,0100,378,0000,7FF,020B,0000,084,0100,378,0000
379,0000,37A,0100,379,0000,7FF,020B,0000,084,0100,379,0000
37A,0000,37B,0100,37A,0000,7FF,020B,0000,084,0100,37A,0000
37B,0000,37C,0100,37B,0000,7FF,020B,0000,084,0100,37B,0000
37C,0000,37D,0100,37C,0000,7FF,020B,0000,084,0100,37C,0000
37D,0000,37E,0100,37D,0000,7FF,020B,0000,084,0100,37D,0000
37E,0000,37F,0100,37E,0000,7FF,020B,0000,084,0100,37E,0000
37F,0000,380,0100,37F,0000,7FF,020B,0000,084,0100,37F,0000
380,0000,381,0100,380,0000,7FF,020B,0000,084,0100,380,0000
381,0000,382,0100,381,0000,7FF,020B,0000,084,0100,381,0000
382,0000,383,0100,382,0000,7FF,020B,0000,084,0100,382,0000
383,0000,384,0100,383,0000,7FF,020B,0000,084,0100,383,0000
384,0000,385,0100,384,0000,7FF,020B,0000,084,0100,384,0000
385,0000,386,0100,385,0000,7FF,020B,0000,084,0100,385,0000
386,0000,387,0100,386,0000,7FF,020B,0000,084,0100,386,0000
387,0000,388,0100,387,0000,7FF,020B,0000,084,0100,387,0000
388,0000,389,0100,388,0000,7FF,020B,0000,084,0100,388,0000
389,0000,38A,0100,389,0000,7FF,020B,0000,084,0100,389,0000
38A,0000,38B,0100,38A,0000,7FF,020B,0000,084,0100,38A,0000
38B,0000,38C,0100,38B,0000,7FF,020B,0000,084,0100,38B,0000
38C,0000,38D,0100,38C,0000,7FF,020B,0000,084,0100,38C,0000
38D,0000,38E,0100,38D,0000,7FF,020B,0000,084,0100,38D,0000
38E,0000,38F,0100,38E,0000,7FF,020B,0000,084,0100,38E,0000
38F,0000,390,0100,38F,0000,7FF,020B,0000,084,0100,38F,0000
390,0000,391,0100,390,0000,7FF,020B,0000,084,0100,390,0000
391,0000,392,0100,391,0000,7FF,020B,0000,084,0100,391,0000
392,0000,393,0100,392,0000,7FF,020B,0000,084,0100,392,0000
393,0000,394,0100,393,0000,7FF,020B,0000,084,0100,393,0000
394,0000,395,0100,394,0000,7FF,020B,0000,084,0100,394,0000
395,0000,396,0100,395,0000,7FF,020B,0000,084,0100,395,0000
396,0000,397,0100,396,0000,7FF,020B,0000,084,0100,396,0000
397,0000,398,0100,397,0000,7FF,020B,0000,084,0100,397,0000
398,0000,399,0100,398,0000,7FF,020B,0000,084,0100,398,0000
399,0000,39A,0100,399,0000,7FF,020B,0000,084,0100,399,0000
39A,0000,39B,0100,39A,0000,7FF,020B,0000,084,0100,39A,0000
39B,0000,39C,0100,39B,0000,7FF,020B,0000,084,0100,39B,0000
39C,0000,39D,0100,39C,0000,7FF,020B,0000,084,0100,39C,0000
39D,0000,39E,0100,39D,0000,7FF,020B,0000,084,0100,39D,0000
39E,0000,39F,0100,39E,0000,7FF,020B,0000,084,0100,39E,0000
39F,0000,3A0,0100,39F,0000,7FF,020B,0000,084,0100,39F,0000
3A0,0000,3A1,0100,3A0,0000,7FF,020B,0000,084,0100,3A0,0000
3A1,0000,3A2,0100,3A1,0000,7FF,020B,0000,084,0100,3A1,0000
3A2,0000,3A3,0100,3A2,0000,7FF,020B,0000,084,0100,3A2,0000
3A3,0000,3A4,0100,3A3,0000,7FF,020B,0000,084,0100,3A3,0000
3A4,0000,3A5,0100,3A4,0000,7FF,020B,0000,084,0100,3A4,0000
3A5,0000,3A6,0100,3A5,0000,7FF,020B,0000,084,0100,3A5,0000
3A6,0000,3A7,0100,3A6,0000,7FF,020B,0000,084,0100,3A6,0000
3A7,0000,3A8,0100,3A7,0000,7FF,020B,0000,084,0100,3A7,0000
3A8,0000,3A9,0100,3A8,0000,7FF,020B,0000,084,0100,3A8,0000
3A9,0000,3AA,0100,3A9,0000,7FF,020B,0000,084,0100,3A9,0000
3AA,0000,3AB,0100,3AA,0000,7FF,020B,0000,084,0100,3AA,0000
3AB,0000,3AC,0100,3AB,0000,7FF,020B,0000,084,0100,3AB,0000
3AC,0000,3AD,0100,3AC,0000,7FF,020B,0000,084,0100,3AC,0000
3AD,0000,3AE,0100,3AD,0000,7FF,020B,0000,084,0100,3AD,0000
3AE,0000,3AF,0100,3AE,0000,7FF,020B,0000,084,0100,3AE,0000
3AF,0000,3B0,0100,3AF,0000,7FF,020B,0000,084,0100,3AF,0000
3B0,0000,3B1,0100,3B0,0000,7FF,020B,0000,084,0100,3B0,0000
3B1,0000,3B2,0100,3B1,0000,7FF,020B,0000,084,0100,3B1,0000
3B2,0000,3B3,0100,3B2,0000,7FF,020B,0000,084,0100,3B2,0000
3B3,0000,3B4,0100,3B3,0000,7FF,020B,0000,084,0100,3B3,0000
3B4,0000,3B5,0100,3B4,0000,7FF,020B,0000,084,0100,3B4,0000
3B5,0000,3B6,0100,3B5,0000,7FF,020B,0000,084,0100,3B5,0000
3B6,0000,3B7,0100,3B6,0000,7FF,020B,0000,084,0100,3B6,0000
3B7,0000,3B8,0100,3B7,0000,7FF,020B,0000,084,0100,3B7,0000
3B8,0000,3B9,0100,3B8,0000,7FF,020B,0000,084,0100,3B8,0000
3B9,0000,3BA,0100,3B9,0000,7FF,020B,0000,084,0100,3B9,0000
3BA,0000,3BB,0100,3BA,0000,7FF,020B,0000,084,0100,3BA,0000
3BB,0000,3BC,0100,3BB,0000,7FF,020B,0000,084,0100,3BB,0000
3BC,0000,3BD,0100,3BC,0000,7FF,020B,0000,084,0100,3BC,0000
3BD,0000,3BE,0100,3BD,0000,7FF,020B,0000,084,0100,3BD,0000
3BE,0000,3BF,0100,3BE,0000,7FF,020B,0000,084,0100,3BE,0000
3BF,0000,3C0,0100,3BF,0000,7FF,020B,0000,084,0100,3BF,0000
3C0,0000,3C1,0100,3C0,0000,7FF,020B,0000,084,0100,3C0,0000
3C1,0000,3C2,0100,3C1,0000,7FF,020B,0000,084,0100,3C1,0000
3C2,0000,3C3,0100,3C2,0000,7FF,020B,0000,084,0100,3C2,0000
3C3,0000,3C4,0100,3C3,0000,7FF,020B,0000,084,0100,3C3,0000
3C4,0000,3C5,0100,3C4,0000,7FF,020B,0000,084,0100,3C4,0000
3C5,0000,3C6,0100,3C5,0000,7FF,020B,0000,084,0100,3C5,0000
3C6,0000,3C7,0100,3C6,0000,7FF,020B,0000,084,0100,3C6,0000
3C7,0000,3C8,0100,3C7,0000,7FF,020B,0000,084,0100,3C7,0000
3C8,0000,3C9,0100,3C8,0000,7FF,020B,0000,084,0100,3C8,0000
3C9,0000,3CA,0100,3C9,0000,7FF,020B,0000,084,0100,3C9,0000
3CA,0000,3CB,0100,3CA,0000,7FF,020B,0000,084,0100,3CA,0000
3CB,0000,3CC,0100,3CB,0000,7FF,020B,0000,084,0100,3CB,0000
3CC,0000,3CD,0100,3CC,0000,7FF,020B,0000,084,0100,3CC,0000
3CD,0000,3CE,0100,3CD,0000,7FF,020B,0000,084,0100,3CD,0000
3CE,0000,3CF,0100,3CE,0000,7FF,020B,0000,084,0100,3CE,0000
3CF,0000,3D0,0100,3CF,0000,7FF,020B,0000,084,0100,3CF,0000
3D0,0000,3D1,0100,3D0,0000,7FF,020B,0000,084,0100,3D0,0000
3D1,0000,3D2,0100,3D1,0000,7FF,020B,0000,084,0100,3D1,0000
3D2,0000,3D3,0100,3D2,0000,7FF,020B,0000,084,0100,3D2,0000
3D3,0000,3D4,0100,3D3,0000,7FF,020B,0000,084,0100,3D3,0000
3D4,0000,3D5,0100,3D4,0000,7FF,020B,0000,084,0100,3D4,0000
3D5,0000,3D6,0100,3D5,0000,7FF,020B,0000,084,0100,3D5,0000
3D6,0000,3D7,0100,3D6,0000,7FF,020B,0000,084,0100,3D6,0000
3D7,0000,3D8,0100,3D7,0000,7FF,020B,0000,084,0100,3D7,0000
3D8,0000,3D9,0100,3D8,0000,7FF,020B,0000,084,0100,3D8,0000
3D9,0000,3DA,0100,3D9,0000,7FF,020B,0000,084,0100,3D9,0000
3DA,0000,3DB,0100,3DA,0000,7FF,020B,0000,084,0100,3DA,0000
3DB,0000,3DC,0100,3DB,0000,7FF,020B,0000,084,0100,3DB,0000
3DC,0000,3DD,0100,3DC,0000,7FF,020B,0000,084,0100,3DC,0000
3DD,0000,3DE,0100,3DD,0000,7FF,020B,0000,084,0100,3DD,0000
3DE,0000,3DF,0100,3DE,0000,7FF,020B,0000,084,0100,3DE,0000
3DF,0000,3E0,0100,3DF,0000,7FF,020B,0000,084,0100,3DF,0000
3E0,0000,3E1,0100,3E0,0000,7FF,020B,0000,084,0100,3E0,0000
3E1,0000,3E2,0100,3E1,0000,7FF,020B,0000,084,0100,3E1,0000
3E2,0000,3E3,0100,3E2,0000,7FF,020B,0000,084,0100,3E2,0000
3E3,0000,3E4,0100,3E3,0000,7FF,020B,0000,084,0100,3E3,0000
3E4,0000,3E5,0100,3E4,0000,7FF,020B,0000,084,0100,3E4,0000
3E5,0000,3E6,0100,3E5,0000,7FF,020B,0000,084,0100,3E5,0000
3E6,0000,3E7,0100,3E6,0000,7FF,020B,0000,084,0100,3E6,0000
3E7,0000,3E8,0100,3E7,0000,7FF,020B,0000,084,0100,3E7,0000
3E8,0000,3E9,0100,3E8,0000,7FF,020B,0000,084,0100,3E8,0000
3E9,0000,3EA,0100,3E9,0000,7FF,020B,0000,084,0100,3E9,0000
3EA,0000,3EB,0100,3EA,0000,7FF,020B,0000,084,0100,3EA,0000
3EB,0000,3EC,0100,3EB,0000,7FF,020B,0000,084,0100,3EB,0000
3EC,0000,3ED,0100,3EC,0000,7FF,020B,0000,084,0100,3EC,0000
3ED,0000,3EE,0100,3ED,0000,7FF,020B,0000,084,0100,3ED,0000
3EE,0000,3EF,0100,3EE,0000,7FF,020B,0000,084,0100,3EE,0000
3EF,0000,3F0,0100,3EF,0000,7FF,020B,0000,084,0100,3EF,0000
3F0,0000,3F1,0100,3F0,0000,7FF,020B,0000,084,0100,3F0,0000
3F1,0000,3F2,0100,3F1,0000,7FF,020B,0000,084,0100,3F1,0000
3F2,0000,3F3,0100,3F2,0000,7FF,020B,0000,084,0100,3F2,0000
3F3,0000,3F4,0100,3F3,0000,7FF,020B,0000,084,0100,3F3,0000
3F4,0000,3F5,0100,3F4,0000,7FF,020B,0000,084,0100,3F4,0000
3F5,0000,3F6,0100,3F5,0000,7FF,020B,0000,084,0100,3F5,0000
3F6,0000,3F7,0100,3F6,0000,7FF,020B,0000,084,0100,3F6,0000
3F7,0000,3F8,0100,3F7,0000,7FF,020B,0000,084,0100,3F7,0000
3F8,0000,3F9,0100,3F8,0000,7FF,020B,0000,084,0100,3F8,0000
3F9,0000,3FA,0100,3F9,0000,7FF,020B,0000,084,0100,3F9,0000
3FA,0000,3FB,0100,3FA,0000,7FF,020B,0000,084,0100,3FA,0000
3FB,0000,3FC,0100,3FB,0000,7FF,020B,0000,084,0100,3FB,0000
3FC,0000,3FD,0100,3FC,0000,7FF,020B,0000,084,0100,3FC,0000
3FD,0000,3FE,0100,3FD,0000,7FF,020B,0000,084,0100,3FD,0000
3FE,0000,3FF,0100,3FE,0000,7FF,020B,0000,084,0100,3FE,0000
3FF,0000,400,0100,3FF,0000,7FF,020B,0000,084,0100,3FF,0000
400,0000,401,0100,400,0000,7FF,020B,0000,084,0100,400,0000
401,0000,402,0100,401,0000,7FF,020B,0000,084,0100,401,0000
402,0000,403,0100,402,0000,7FF,020B,0000,084,0100,402,0000
403,0000,404,0100,403,0000,7FF,020B,0000,084,0100,403,0000
404,0000,405,0100,404,0000,7FF,020B,0000,084,0100,404,0000
405,0000,406,0100,405,0000,7FF,020B,0000,084,0100,405,0000
406,0000,407,0100,406,0000,7FF,020B,0000,084,0100,406,0000
407,0000,408,0100,407,0000,7FF,020B,0000,084,0100,407,0000
408,0000,409,0100,408,0000,7FF,020B,0000,084,0100,408,0000
409,0000,40A,0100,409,0000,7FF,020B,0000,084,0100,409,0000
40A,0000,40B,0100,40A,0000,7FF,020B,0000,084,0100,40A,0000
40B,0000,40C,0100,40B,0000,7FF,020B,0000,084,0100,40B,0000
40C,0000,40D,0100,40C,0000,7FF,020B,0000,084,0100,40C,0000
40D,0000,40E,0100,40D,0000,7FF,020B,0000,084,0100,40D,0000
40E,0000,40F,0100,40E,0000,7FF,020B,0000,084,0100,40E,0000
40F,0000,410,0100,40F,0000,7FF,020B,0000,084,0100,40F,0000
410,0000,411,0100,410,0000,7FF,020B,0000,084,0100,410,0000
411,0000,412,0100,411,0000,7FF,020B,0000,084,0100,411,0000
412,0000,413,0100,412,0000,7FF,020B,0000,084,0100,412,0000
413,0000,414,0100,413,0000,7FF,020B,0000,084,0100,413,0000
414,0000,415,0100,414,0000,7FF,020B,0000,084,0100,414,0000
415,0000,416,0100,415,0000,7FF,020B,0000,084,0100,415,0000
416,0000,417,0100,416,0000,7FF,020B,0000,084,0100,416,0000
417,0000,418,0100,417,0000,7FF,020B,0000,084,0100,417,0000
418,0000,419,0100,418,0000,7FF,020B,0000,084,0100,418,0000
419,0000,41A,0100,419,0000,7FF,020B,0000,084,0100,419,0000
41A,0000,41B,0100,41A,0000,7FF,020B,0000,084,0100,41A,0000
41B,0000,41C,0100,41B,0000,7FF,020B,0000,084,0100,41B,0000
41C,0000,41D,0100,41C,0000,7FF,020B,0000,084,0100,41C,0000
41D,0000,41E,0100,41D,0000,7FF,020B,0000,084,0100,41D,0000
41E,0000,41F,0100,41E,0000,7FF,020B,0000,084,0100,41E,0000
41F,0000,420,0100,41F,0000,7FF,020B,0000,084,0100,41F,0000
420,0000,421,0100,420,0000,7FF,020B,0000,084,0100,420,0000
421,0000,422,0100,421,0000,7FF,020B,0000,084,0100,421,0000
422,0000,423,0100,422,0000,7FF,020B,0000,084,0100,422,0000
423,0000,424,0100,423,0000,7FF,020B,0000,084,0100,423,0000
424,0000,425,0100,424,0000,7FF,020B,0000,084,0100,424,0000
425,0000,426,0100,425,0000,7FF,020B,0000,084,0100,425,0000
426,0000,427,0100,426,0000,7FF,020B,0000,084,0100,426,0000
427,0000,428,0100,427,0000,7FF,020B,0000,084,0100,427,0000
428,0000,429,0100,428,0000,7FF,020B,0000,084,0100,428,0000
429,0000,42A,0100,429,0000,7FF,020B,0000,084,0100,429,0000
42A,0000,42B,0100,42A,0000,7FF,020B,0000,084,0100,42A,0000
42B,0000,42C,0100,42B,0000,7FF,020B,0000,084,0100,42B,0000
42C,0000,42D,0100,42C,0000,7FF,020B,0000,084,0100,42C,0000
42D,0000,42E,0100,42D,0000,7FF,020B,0000,084,0100,42D,0000
42E,0000,42F,0100,42E,0000,7FF,020B,0000,084,0100,42E,0000
42F,0000,430,0100,42F,0000,7FF,020B,0000,084,0100,42F,0000
430,0000,431,0100,430,0000,7FF,020B,0000,084,0100,430,0000
431,0000,432,0100,431,0000,7FF,020B,0000,084,0100,431,0000
432,0000,433,0100,432,0000,7FF,020B,0000,084,0100,432,0000
433,0000,434,0100,433,0000,7FF,020B,0000,084,0100,433,0000
434,0000,435,0100,434,0000,7FF,020B,0000,084,0100,434,0000
435,0000,436,0100,435,0000,7FF,020B,0000,084,0100,435,0000
436,0000,437,0100,436,0000,7FF,020B,0000,084,0100,436,0000
437,0000,438,0100,437,0000,7FF,020B,0000,084,0100,437,0000
438,0000,439,0100,438,0000,7FF,020B,0000,084,0100,438,0000
439,0000,43A,0100,439,0000,7FF,020B,0000,084,0100,439,0000
43A,0000,43B,0100,43A,0000,7FF,020B,0000,084,0100,43A,0000
43B,0000,43C,0100,43B,0000,7FF,020B,0000,084,0100,43B,0000
43C,0000,43D,0100,43C,0000,7FF,020B,0000,084,0100,43C,0000
43D,0000,43E,0100,43D,0000,7FF,020B,0000,084,0100,43D,0000
43E,0000,43F,0100,43E,0000,7FF,020B,0000,084,0100,43E,0000
43F,0000,440,0100,43F,0000,7FF,020B,0000,084,0100,43F,0000
440,0000,441,0100,440,0000,7FF,020B,0000,084,0100,440,0000
441,0000,442,0100,441,0000,7FF,020B,0000,084,0100,441,0000
442,0000,443,0100,442,0000,7FF,020B,0000,084,0100,442,0000
443,0000,444,0100,443,0000,7FF,020B,0000,084,0100,443,0000
444,0000,445,0100,444,0000,7FF,020B,0000,084,0100,444,0000
445,0000,446,0100,445,0000,7FF,020B,0000,084,0100,445,0000
446,0000,447,0100,446,0000,7FF,020B,0000,084,0100,446,0000
447,0000,448,0100,447,0000,7FF,020B,0000,084,0100,447,0000
448,0000,449,0100,448,0000,7FF,020B,0000,084,0100,448,0000
449,0000,44A,0100,449,0000,7FF,020B,0000,084,0100,449,0000
44A,0000,44B,0100,44A,0000,7FF,020B,0000,084,0100,44A,0000
44B,0000,44C,0100,44B,0000,7FF,020B,0000,084,0100,44B,0000
44C,0000,44D,0100,44C,0000,7FF,020B,0000,084,0100,44C,0000
44D,0000,44E,0100,44D,0000,7FF,020B,0000,084,0100,44D,0000
44E,0000,44F,0100,44E,0000,7FF,020B,0000,084,0100,44E,0000
44F,0000,450,0100,44F,0000,7FF,020B,0000,084,0100,44F,0000
450,0000,451,0100,450,0000,7FF,020B,0000,084,0100,450,0000
451,0000,452,0100,451,0000,7FF,020B,0000,084,0100,451,0000
452,0000,453,0100,452,0000,7FF,020B,0000,084,0100,452,0000
453,0000,454,0100,453,0000,7FF,020B,0000,084,0100,453,0000
454,0000,455,0100,454,0000,7FF,020B,0000,084,0100,454,0000
455,0000,456,0100,455,0000,7FF,020B,0000,084,0100,455,0000
456,0000,457,0100,456,0000,7FF,020B,0000,084,0100,456,0000
457,0000,458,0100,457,0000,7FF,020B,0000,084,0100,457,0000
458,0000,459,0100,458,0000,7FF,020B,0000,084,0100,458,0000
459,0000,45A,0100,459,0000,7FF,020B,0000,084,0100,459,0000
45A,0000,45B,0100,45A,0000,7FF,020B,0000,084,0100,45A,0000
45B,0000,45C,0100,45B,0000,7FF,020B,0000,084,0100,45B,0000
45C,0000,45D,0100,45C,0000,7FF,020B,0000,084,0100,45C,0000
45D,0000,45E,0100,45D,0000,7FF,020B,0000,084,0100,45D,0000
45E,0000,45F,0100,45E,0000,7FF,020B,0000,084,0100,45E,0000
45F,0000,460,0100,45F,0000,7FF,020B,0000,084,0100,45F,0000
460,0000,461,0100,460,0000,7FF,020B,0000,084,0100,460,0000
461,0000,462,0100,461,0000,7FF,020B,0000,084,0100,461,0000
462,0000,463,0100,462,0000,7FF,020B,0000,084,0100,462,0000
463,0000,464,0100,463,0000,7FF,020B,0000,084,0100,463,0000
464,0000,465,0100,464,0000,7FF,020B,0000,084,0100,464,0000
465,0000,466,0100,465,0000,7FF,020B,0000,084,0100,465,0000
466,0000,467,0100,466,0000,7FF,020B,0000,084,0100,466,0000
467,0000,468,0100,467,0000,7FF,020B,0000,084,0100,467,0000
468,0000,469,0100,468,0000,7FF,020B,0000,084,0100,468,0000
469,0000,46A,0100,469,0000,7FF,020B,0000,084,0100,469,0000
46A,0000,46B,0100,46A,0000,7FF,020B,0000,084,0100,46A,0000
46B,0000,46C,0100,46B,0000,7FF,020B,0000,084,0100,46B,0000
46C,0000,46D,0100,46C,0000,7FF,020B,0000,084,0100,46C,0000
46D,0000,46E,0100,46D,0000,7FF,020B,0000,084,0100,46D,0000
46E,0000,46F,0100,46E,0000,7FF,020B,0000,084,0100,46E,0000
46F,0000,470,0100,46F,0000,7FF,020B,0000,084,0100,46F,0000
470,0000,471,0100,470,0000,7FF,020B,0000,084,0100,470,0000
471,0000,472,0100,471,0000,7FF,020B,0000,084,0100,471,0000
472,0000,473,0100,472,0000,7FF,020B,0000,084,0100,472,0000
473,0000,474,0100,473,0000,7FF,020B,0000,084,0100,473,0000
474,0000,475,0100,474,0000,7FF,020B,0000,084,0100,474,0000
475,0000,476,0100,475,0000,7FF,020B,0000,084,0100,475,0000
476,0000,477,0100,476,0000,7FF,020B,0000,084,0100,476,0000
477,0000,478,0100,477,0000,7FF,020B,0000,084,0100,477,0000
478,0000,479,0100,478,0000,7FF,020B,0000,084,0100,478,0000
479,0000,47A,0100,479,0000,7FF,020B,0000,084,0100,479,0000
47A,0000,47B,0100,47A,0000,7FF,020B,0000,084,0100,47A,0000
47B,0000,47C,0100,47B,0000,7FF,020B,0000,084,0100,47B,0000
47C,0000,47D,0100,47C,0000,7FF,020B,0000,084,0100,47C,0000
47D,0000,47E,0100,47D,0000,7FF,020B,0000,084,0100,47D,0000
47E,0000,47F,0100,47E,0000,7FF,020B,0000,084,0100,47E,0000
47F,0000,480,0100,47F,0000,7FF,020B,0000,084,0100,47F,0000
480,0000,481,0100,480,0000,7FF,020B,0000,084,0100,480,0000
481,0000,482,0100,481,0000,7FF,020B,0000,084,0100,481,0000
482,0000,483,0100,482,0000,7FF,020B,0000,084,0100,482,0000
483,0000,484,0100,483,0000,7FF,020B,0000,084,0100,483,0000
484,0000,485,0100,484,0000,7FF,020B,0000,084,0100,484,0000
485,0000,486,0100,485,0000,7FF,020B,0000,084,0100,485,0000
486,0000,487,0100,486,0000,7FF,020B,0000,084,0100,486,0000
487,0000,488,0100,487,0000,7FF,020B,0000,084,0100,487,0000
488,0000,489,0100,488,0000,7FF,020B,0000,084,0100,488,0000
489,0000,48A,0100,489,0000,7FF,020B,0000,084,0100,489,0000
48A,0000,48B,0100,48A,0000,7FF,020B,0000,084,0100,48A,0000
48B,0000,48C,0100,48B,0000,7FF,020B,0000,084,0100,48B,0000
48C,0000,48D,0100,48C,0000,7FF,020B,0000,084,0100,48C,0000
48D,0000,48E,0100,48D,0000,7FF,020B,0000,084,0100,48D,0000
48E,0000,48F,0100,48E,0000,7FF,020B,0000,084,0100,48E,0000
48F,0000,490,0100,48F,0000,7FF,020B,0000,084,0100,48F,0000
490,0000,491,0100,490,0000,7FF,020B,0000,084,0100,490,0000
491,0000,492,0100,491,0000,7FF,020B,0000,084,0100,491,0000
492,0000,493,0100,492,0000,7FF,020B,0000,084,0100,492,0000
493,0000,494,0100,493,0000,7FF,020B,0000,084,0100,493,0000
494,0000,495,0100,494,0000,7FF,020B,0000,084,0100,494,0000
495,0000,496,0100,495,0000,7FF,020B,0000,084,0100,495,0000
496,0000,497,0100,496,0000,7FF,020B,0000,084,0100,496,0000
497,0000,498,0100,497,0000,7FF,020B,0000,084,0100,497,0000
498,0000,499,0100,498,0000,7FF,020B,0000,084,0100,498,0000
499,0000,49A,0100,499,0000,7FF,020B,0000,084,0100,499,0000
49A,0000,49B,0100,49A,0000,7FF,020B,0000,084,0100,49A,0000
49B,0000,49C,0100,49B,0000,7FF,020B,0000,084,0100,49B,0000
49C,0000,49D,0100,49C,0000,7FF,020B,0000,084,0100,49C,0000
49D,0000,49E,0100,49D,0000,7FF,020B,0000,084,0100,49D,0000
49E,0000,49F,0100,49E,0000,7FF,020B,0000,084,0100,49E,0000
49F,0000,4A0,0100,49F,0000,7FF,020B,0000,084,0100,49F,0000
4A0,0000,4A1,0100,4A0,0000,7FF,020B,0000,084,0100,4A0,0000
4A1,0000,4A2,0100,4A1,0000,7FF,020B,0000,084,0100,4A1,0000
4A2,0000,4A3,0100,4A2,0000,7FF,020B,0000,084,0100,4A2,0000
4A3,0000,4A4,0100,4A3,0000,7FF,020B,0000,084,0100,4A3,0000
4A4,0000,4A5,0100,4A4,0000,7FF,020B,0000,084,0100,4A4,0000
4A5,0000,4A6,0100,4A5,0000,7FF,020B,0000,084,0100,4A5,0000
4A6,0000,4A7,0100,4A6,0000,7FF,020B,0000,084,0100,4A6,0000
4A7,0000,4A8,0100,4A7,0000,7FF,020B,0000,084,0100,4A7,0000
4A8,0000,4A9,0100,4A8,0000,7FF,020B,0000,084,0100,4A8,0000
4A9,0000,4AA,0100,4A9,0000,7FF,020B,0000,084,0100,4A9,0000
4AA,0000,4AB,0100,4AA,0000,7FF,020B,0000,084,0100,4AA,0000
4AB,0000,4AC,0100,4AB,0000,7FF,020B,0000,084,0100,4AB,0000
4AC,0000,4AD,0100,4AC,0000,7FF,020B,0000,084,0100,4AC,0000
4AD,0000,4AE,0100,4AD,0000,7FF,020B,0000,084,0100,4AD,0000
4AE,0000,4AF,0100,4AE,0000,7FF,020B,0000,084,0100,4AE,0000
4AF,0000,4B0,0100,4AF,0000,7FF,020B,0000,084,0100,4AF,0000
4B0,0000,4B1,0100,4B0,0000,7FF,020B,0000,084,0100,4B0,0000
4B1,0000,4B2,0100,4B1,0000,7FF,020B,0000,084,0100,4B1,0000
4B2,0000,4B3,0100,4B2,0000,7FF,020B,0000,084,0100,4B2,0000
4B3,0000,4B4,0100,4B3,0000,7FF,020B,0000,084,0100,4B3,0000
4B4,0000,4B5,0100,4B4,0000,7FF,020B,0000,084,0100,4B4,0000
4B5,0000,4B6,0100,4B5,0000,7FF,020B,0000,084,0100,4B5,0000
4B6,0000,4B7,0100,4B6,0000,7FF,020B,0000,084,0100,4B6,0000
4B7,0000,4B8,0100,4B7,0000,7FF,020B,0000,084,0100,4B7,0000
4B8,0000,4B9,0100,4B8,0000,7FF,020B,0000,084,0100,4B8,0000
4B9,0000,4BA,0100,4B9,0000,7FF,020B,0000,084,0100,4B9,0000
4BA,0000,4BB,0100,4BA,0000,7FF,020B,0000,084,0100,4BA,0000
4BB,0000,4BC,0100,4BB,0000,7FF,020B,0000,084,0100,4BB,0000
4BC,0000,4BD,0100,4BC,0000,7FF,020B,0000,084,0100,4BC,0000
4BD,0000,4BE,0100,4BD,0000,7FF,020B,0000,084,0100,4BD,0000
4BE,0000,4BF,0100,4BE,0000,7FF,020B,0000,084,0100,4BE,0000
4BF,0000,4C0,0100,4BF,0000,7FF,020B,0000,084,0100,4BF,0000
4C0,0000,4C1,0100,4C0,0000,7FF,020B,0000,084,0100,4C0,0000
4C1,0000,4C2,0100,4C1,0000,7FF,020B,0000,084,0100,4C1,0000
4C2,0000,4C3,0100,4C2,0000,7FF,020B,0000,084,0100,4C2,0000
4C3,0000,4C4,0100,4C3,0000,7FF,020B,0000,084,0100,4C3,0000
4C4,0000,4C5,0100,4C4,0000,7FF,020B,0000,084,0100,4C4,0000
4C5,0000,4C6,0100,4C5,0000,7FF,020B,0000,084,0100,4C5,0000
4C6,0000,4C7,0100,4C6,0000,7FF,020B,0000,084,0100,4C6,0000
4C7,0000,4C8,0100,4C7,0000,7FF,020B,0000,084,0100,4C7,0000
4C8,0000,4C9,0100,4C8,0000,7FF,020B,0000,084,0100,4C8,0000
4C9,0000,4CA,0100,4C9,0000,7FF,020B,0000,084,0100,4C9,0000
4CA,0000,4CB,0100,4CA,0000,7FF,020B,0000,084,0100,4CA,0000
4CB,0000,4CC,0100,4CB,0000,7FF,020B,0000,084,0100,4CB,0000
4CC,0000,4CD,0100,4CC,0000,7FF,020B,0000,084,0100,4CC,0000
4CD,0000,4CE,0100,4CD,0000,7FF,020B,0000,084,0100,4CD,0000
4CE,0000,4CF,0100,4CE,0000,7FF,020B,0000,084,0100,4CE,0000
4CF,0000,4D0,0100,4CF,0000,7FF,020B,0000,084,0100,4CF,0000
4D0,0000,4D1,0100,4D0,0000,7FF,020B,0000,084,0100,4D0,0000
4D1,0000,4D2,0100,4D1,0000,7FF,020B,0000,084,0100,4D1,0000
4D2,0000,4D3,0100,4D2,0000,7FF,020B,0000,084,0100,4D2,0000
4D3,0000,4D4,0100,4D3,0000,7FF,020B,0000,084,0100,4D3,0000
4D4,0000,4D5,0100,4D4,0000,7FF,020B,0000,084,0100,4D4,0000
4D5,0000,4D6,0100,4D5,0000,7FF,020B,0000,084,0100,4D5,0000
4D6,0000,4D7,0100,4D6,0000,7FF,020B,0000,084,0100,4D6,0000
4D7,0000,4D8,0100,4D7,0000,7FF,020B,0000,084,0100,4D7,0000
4D8,0000,4D9,0100,4D8,0000,7FF,020B,0000,084,0100,4D8,0000
4D9,0000,4DA,0100,4D9,0000,7FF,020B,0000,084,0100,4D9,0000
4DA,0000,4DB,0100,4DA,0000,7FF,020B,0000,084,0100,4DA,0000
4DB,0000,4DC,0100,4DB,0000,7FF,020B,0000,084,0100,4DB,0000
4DC,0000,4DD,0100,4DC,0000,7FF,020B,0000,084,0100,4DC,0000
4DD,0000,4DE,0100,4DD,0000,7FF,020B,0000,084,0100,4DD,0000
4DE,0000,4DF,0100,4DE,0000,7FF,020B,0000,084,0100,4DE,0000
4DF,0000,4E0,0100,4DF,0000,7FF,020B,0000,084,0100,4DF,0000
4E0,0000,4E1,0100,4E0,0000,7FF,020B,0000,084,0100,4E0,0000
4E1,0000,4E2,0100,4E1,0000,7FF,020B,0000,084,0100,4E1,0000
4E2,0000,4E3,0100,4E2,0000,7FF,020B,0000,084,0100,4E2,0000
4E3,0000,4E4,0100,4E3,0000,7FF,020B,0000,084,0100,4E3,0000
4E4,0000,4E5,0100,4E4,0000,7FF,020B,0000,084,0100,4E4,0000
4E5,0000,4E6,0100,4E5,0000,7FF,020B,0000,084,0100,4E5,0000
4E6,0000,4E7,0100,4E6,0000,7FF,020B,0000,084,0100,4E6,0000
4E7,0000,4E8,0100,4E7,0000,7FF,020B,0000,084,0100,4E7,0000
4E8,0000,4E9,0100,4E8,0000,7FF,020B,0000,084,0100,4E8,0000
4E9,0000,4EA,0100,4E9,0000,7FF,020B,0000,084,0100,4E9,0000
4EA,0000,4EB,0100,4EA,0000,7FF,020B,0000,084,0100,4EA,0000
4EB,0000,4EC,0100,4EB,0000,7FF,020B,0000,084,0100,4EB,0000
4EC,0000,4ED,0100,4EC,0000,7FF,020B,0000,084,0100,4EC,0000
4ED,0000,4EE,0100,4ED,0000,7FF,020B,0000,084,0100,4ED,0000
4EE,0000,4EF,0100,4EE,0000,7FF,020B,0000,084,0100,4EE,0000
4EF,0000,4F0,0100,4EF,0000,7FF,020B,0000,084,0100,4EF,0000
4F0,0000,4F1,0100,4F0,0000,7FF,020B,0000,084,0100,4F0,0000
4F1,0000,4F2,0100,4F1,0000,7FF,020B,0000,084,0100,4F1,0000
4F2,0000,4F3,0100,4F2,0000,7FF,020B,0000,084,0100,4F2,0000
4F3,0000,4F4,0100,4F3,0000,7FF,020B,0000,084,0100,4F3,0000
4F4,0000,4F5,0100,4F4,0000,7FF,020B,0000,084,0100,4F4,0000
4F5,0000,4F6,0100,4F5,0000,7FF,020B,0000,084,0100,4F5,0000
4F6,0000,4F7,0100,4F6,0000,7FF,020B,0000,084,0100,4F6,0000
4F7,0000,4F8,0100,4F7,0000,7FF,020B,0000,084,0100,4F7,0000
4F8,0000,4F9,0100,4F8,0000,7FF,020B,0000,084,0100,4F8,0000
4F9,0000,4FA,0100,4F9,0000,7FF,020B,0000,084,0100,4F9,0000
4FA,0000,4FB,0100,4FA,0000,7FF,020B,0000,084,0100,4FA,0000
4FB,0000,4FC,0100,4FB,0000,7FF,020B,0000,084,0100,4FB,0000
4FC,0000,4FD,0100,4FC,0000,7FF,020B,0000,084,0100,4FC,0000
4FD,0000,4FE,0100,4FD,0000,7FF,020B,0000,084,0100,4FD,0000
4FE,0000,4FF,0100,4FE,0000,7FF,020B,0000,084,0100,4FE,0000
4FF,0000,500,0100,4FF,0000,7FF,020B,0000,084,0100,4FF,0000
500,0000,501,0100,500,0000,7FF,020B,0000,084,0100,500,0000
501,0000,502,0100,501,0000,7FF,020B,0000,084,0100,501,0000
502,0000,503,0100,502,0000,7FF,020B,0000,084,0100,502,0000
503,0000,504,0100,503,0000,7FF,020B,0000,084,0100,503,0000
504,0000,505,0100,504,0000,7FF,020B,0000,084,0100,504,0000
505,0000,506,0100,505,0000,7FF,020B,0000,084,0100,505,0000
506,0000,507,0100,506,0000,7FF,020B,0000,084,0100,506,0000
507,0000,508,0100,507,0000,7FF,020B,0000,084,0100,507,0000
508,0000,509,0100,508,0000,7FF,020B,0000,084,0100,508,0000
509,0000,50A,0100,509,0000,7FF,020B,0000,084,0100,509,0000
50A,0000,50B,0100,50A,0000,7FF,020B,0000,084,0100,50A,0000
50B,0000,50C,0100,50B,0000,7FF,020B,0000,084,0100,50B,0000
50C,0000,50D,0100,50C,0000,7FF,020B,0000,084,0100,50C,0000
50D,0000,50E,0100,50D,0000,7FF,020B,0000,084,0100,50D,0000
50E,0000,50F,0100,50E,0000,7FF,020B,0000,084,0100,50E,0000
50F,0000,510,0100,50F,0000,7FF,020B,0000,084,0100,50F,0000
510,0000,511,0100,510,0000,7FF,020B,0000,084,0100,510,0000
511,0000,512,0100,511,0000,7FF,020B,0000,084,0100,511,0000
512,0000,513,0100,512,0000,7FF,020B,0000,084,0100,512,0000
513,0000,514,0100,513,0000,7FF,020B,0000,084,0100,513,0000
514,0000,515,0100,514,0000,7FF,020B,0000,084,0100,514,0000
515,0000,516,0100,515,0000,7FF,020B,0000,084,0100,515,0000
516,0000,517,0100,516,0000,7FF,020B,0000,084,0100,516,0000
517,0000,518,0100,517,0000,7FF,020B,0000,084,0100,517,0000
518,0000,519,0100,518,0000,7FF,020B,0000,084,0100,518,0000
519,0000,51A,0100,519,0000,7FF,020B,0000,084,0100,519,0000
51A,0000,51B,0100,51A,0000,7FF,020B,0000,084,0100,51A,0000
51B,0000,51C,0100,51B,0000,7FF,020B,0000,084,0100,51B,0000
51C,0000,51D,0100,51C,0000,7FF,020B,0000,084,0100,51C,0000
51D,0000,51E,0100,51D,0000,7FF,020B,0000,084,0100,51D,0000
51E,0000,51F,0100,51E,0000,7FF,020B,0000,084,0100,51E,0000
51F,0000,520,0100,51F,0000,7FF,020B,0000,084,0100,51F,0000
520,0000,521,0100,520,0000,7FF,020B,0000,084,0100,520,0000
521,0000,522,0100,521,0000,7FF,020B,0000,084,0100,521,0000
522,0000,523,0100,522,0000,7FF,020B,0000,084,0100,522,0000
523,0000,524,0100,523,0000,7FF,020B,0000,084,0100,523,0000
524,0000,525,0100,524,0000,7FF,020B,0000,084,0100,524,0000
525,0000,526,0100,525,0000,7FF,020B,0000,084,0100,525,0000
526,0000,527,0100,526,0000,7FF,020B,0000,084,0100,526,0000
527,0000,528,0100,527,0000,7FF,020B,0000,084,0100,527,0000
528,0000,529,0100,528,0000,7FF,020B,0000,084,0100,528,0000
529,0000,52A,0100,529,0000,7FF,020B,0000,084,0100,529,0000
52A,0000,52B,0100,52A,0000,7FF,020B,0000,084,0100,52A,0000
52B,0000,52C,0100,52B,0000,7FF,020B,0000,084,0100,52B,0000
52C,0000,52D,0100,52C,0000,7FF,020B,0000,084,0100,52C,0000
52D,0000,52E,0100,52D,0000,7FF,020B,0000,084,0100,52D,0000
52E,0000,52F,0100,52E,0000,7FF,020B,0000,084,0100,52E,0000
52F,0000,530,0100,52F,0000,7FF,020B,0000,084,0100,52F,0000
530,0000,531,0100,530,0000,7FF,020B,0000,084,0100,530,0000
531,0000,532,0100,531,0000,7FF,020B,0000,084,0100,531,0000
532,0000,533,0100,532,0000,7FF,020B,0000,084,0100,532,0000
533,0000,534,0100,533,0000,7FF,020B,0000,084,0100,533,0000
534,0000,535,0100,534,0000,7FF,020B,0000,084,0100,534,0000
535,0000,536,0100,535,0000,7FF,020B,0000,084,0100,535,0000
536,0000,537,0100,536,0000,7FF,020B,0000,084,0100,536,0000
537,0000,538,0100,537,0000,7FF,020B,0000,084,0100,537,0000
538,0000,539,0100,538,0000,7FF,020B,0000,084,0100,538,0000
539,0000,53A,0100,539,0000,7FF,020B,0000,084,0100,539,0000
53A,0000,53B,0100,53A,0000,7FF,020B,0000,084,0100,53A,0000
53B,0000,53C,0100,53B,0000,7FF,020B,0000,084,0100,53B,0000
53C,0000,53D,0100,53C,0000,7FF,020B,0000,084,0100,53C,0000
53D,0000,53E,0100,53D,0000,7FF,020B,0000,084,0100,53D,0000
53E,0000,53F,0100,53E,0000,7FF,020B,0000,084,0100,53E,0000
53F,0000,540,0100,53F,0000,7FF,020B,0000,084,0100,53F,0000
540,0000,541,0100,540,0000,7FF,020B,0000,084,0100,540,0000
541,0000,542,0100,541,0000,7FF,020B,0000,084,0100,541,0000
542,0000,543,0100,542,0000,7FF,020B,0000,084,0100,542,0000
543,0000,544,0100,543,0000,7FF,020B,0000,084,0100,543,0000
544,0000,545,0100,544,0000,7FF,020B,0000,084,0100,544,0000
545,0000,546,0100,545,0000,7FF,020B,0000,084,0100,545,0000
546,0000,547,0100,546,0000,7FF,020B,0000,084,0100,546,0000
547,0000,548,0100,547,0000,7FF,020B,0000,084,0100,547,0000
548,0000,549,0100,548,0000,7FF,020B,0000,084,0100,548,0000
549,0000,54A,0100,549,0000,7FF,020B,0000,084,0100,549,0000
54A,0000,54B,0100,54A,0000,7FF,020B,0000,084,0100,54A,0000
54B,0000,54C,0100,54B,0000,7FF,020B,0000,084,0100,54B,0000
54C,0000,54D,0100,54C,0000,7FF,020B,0000,084,0100,54C,0000
54D,0000,54E,0100,54D,0000,7FF,020B,0000,084,0100,54D,0000
54E,0000,54F,0100,54E,0000,7FF,020B,0000,084,0100,54E,0000
54F,0000,550,0100,54F,0000,7FF,020B,0000,084,0100,54F,0000
550,0000,551,0100,550,0000,7FF,020B,0000,084,0100,550,0000
551,0000,552,0100,551,0000,7FF,020B,0000,084,0100,551,0000
552,0000,553,0100,552,0000,7FF,020B,0000,084,0100,552,0000
553,0000,554,0100,553,0000,7FF,020B,0000,084,0100,553,0000
554,0000,555,0100,554,0000,7FF,020B,0000,084,0100,554,0000
555,0000,556,0100,555,0000,7FF,020B,0000,084,0100,555,0000
556,0000,557,0100,556,0000,7FF,020B,0000,084,0100,556,0000
557,0000,558,0100,557,0000,7FF,020B,0000,084,0100,557,0000
558,0000,559,0100,558,0000,7FF,020B,0000,084,0100,558,0000
559,0000,55A,0100,559,0000,7FF,020B,0000,084,0100,559,0000
55A,0000,55B,0100,55A,0000,7FF,020B,0000,084,0100,55A,0000
55B,0000,55C,0100,55B,0000,7FF,020B,0000,084,0100,55B,0000
55C,0000,55D,0100,55C,0000,7FF,020B,0000,084,0100,55C,0000
55D,0000,55E,0100,55D,0000,7FF,020B,0000,084,0100,55D,0000
55E,0000,55F,0100,55E,0000,7FF,020B,0000,084,0100,55E,0000
55F,0000,560,0100,55F,0000,7FF,020B,0000,084,0100,55F,0000
560,0000,561,0100,560,0000,7FF,020B,0000,084,0100,560,0000
561,0000,562,0100,561,0000,7FF,020B,0000,084,0100,561,0000
562,0000,563,0100,562,0000,7FF,020B,0000,084,0100,562,0000
563,0000,564,0100,563,0000,7FF,020B,0000,084,0100,563,0000
564,0000,565,0100,564,0000,7FF,020B,0000,084,0100,564,0000
565,0000,566,0100,565,0000,7FF,020B,0000,084,0100,565,0000
566,0000,567,0100,566,0000,7FF,020B,0000,084,0100,566,0000
567,0000,568,0100,567,0000,7FF,020B,0000,084,0100,567,0000
568,0000,569,0100,568,0000,7FF,020B,0000,084,0100,568,0000
569,0000,56A,0100,569,0000,7FF,020B,0000,084,0100,569,0000
56A,0000,56B,0100,56A,0000,7FF,020B,0000,084,0100,56A,0000
56B,0000,56C,0100,56B,0000,7FF,020B,0000,084,0100,56B,0000
56C,0000,56D,0100,56C,0000,7FF,020B,0000,084,0100,56C,0000
56D,0000,56E,0100,56D,0000,7FF,020B,0000,084,0100,56D,0000
56E,0000,56F,0100,56E,0000,7FF,020B,0000,084,0100,56E,0000
56F,0000,570,0100,56F,0000,7FF,020B,0000,084,0100,56F,0000
570,0000,571,0100,570,0000,7FF,020B,0000,084,0100,570,0000
571,0000,572,0100,571,0000,7FF,020B,0000,084,0100,571,0000
572,0000,573,0100,572,0000,7FF,020B,0000,084,0100,572,0000
573,0000,574,0100,573,0000,7FF,020B,0000,084,0100,573,0000
574,0000,575,0100,574,0000,7FF,020B,0000,084,0100,574,0000
575,0000,576,0100,575,0000,7FF,020B,0000,084,0100,575,0000
576,0000,577,0100,576,0000,7FF,020B,0000,084,0100,576,0000
577,0000,578,0100,577,0000,7FF,020B,0000,084,0100,577,0000
578,0000,579,0100,578,0000,7FF,020B,0000,084,0100,578,0000
579,0000,57A,0100,579,0000,7FF,020B,0000,084,0100,579,0000
57A,0000,57B,0100,57A,0000,7FF,020B,0000,084,0100,57A,0000
57B,0000,57C,0100,57B,0000,7FF,020B,0000,084,0100,57B,0000
57C,0000,57D,0100,57C,0000,7FF,020B,0000,084,0100,57C,0000
57D,0000,57E,0100,57D,0000,7FF,020B,0000,084,0100,57D,0000
57E,0000,57F,0100,57E,0000,7FF,020B,0000,084,0100,57E,0000
57F,0000,580,0100,57F,0000,7FF,020B,0000,084,0100,57F,0000
580,0000,581,0100,580,0000,7FF,020B,0000,084,0100,580,0000
581,0000,582,0100,581,0000,7FF,020B,0000,084,0100,581,0000
582,0000,583,0100,582,0000,7FF,020B,0000,084,0100,582,0000
583,0000,584,0100,583,0000,7FF,020B,0000,084,0100,583,0000
584,0000,585,0100,584,0000,7FF,020B,0000,084,0100,584,0000
585,0000,586,0100,585,0000,7FF,020B,0000,084,0100,585,0000
586,0000,587,0100,586,0000,7FF,020B,0000,084,0100,586,0000
587,0000,588,0100,587,0000,7FF,020B,0000,084,0100,587,0000
588,0000,589,0100,588,0000,7FF,020B,0000,084,0100,588,0000
589,0000,58A,0100,589,0000,7FF,020B,0000,084,0100,589,0000
58A,0000,58B,0100,58A,0000,7FF,020B,0000,084,0100,58A,0000
58B,0000,58C,0100,58B,0000,7FF,020B,0000,084,0100,58B,0000
58C,0000,58D,0100,58C,0000,7FF,020B,0000,084,0100,58C,0000
58D,0000,58E,0100,58D,0000,7FF,020B,0000,084,0100,58D,0000
58E,0000,58F,0100,58E,0000,7FF,020B,0000,084,0100,58E,0000
58F,0000,590,0100,58F,0000,7FF,020B,0000,084,0100,58F,0000
590,0000,591,0100,590,0000,7FF,020B,0000,084,0100,590,0000
591,0000,592,0100,591,0000,7FF,020B,0000,084,0100,591,0000
592,0000,593,0100,592,0000,7FF,020B,0000,084,0100,592,0000
593,0000,594,0100,593,0000,7FF,020B,0000,084,0100,593,0000
594,0000,595,0100,594,0000,7FF,020B,0000,084,0100,594,0000
595,0000,596,0100,595,0000,7FF,020B,0000,084,0100,595,0000
596,0000,597,0100,596,0000,7FF,020B,0000,084,0100,596,0000
597,0000,598,0100,597,0000,7FF,020B,0000,084,0100,597,0000
598,0000,599,0100,598,0000,7FF,020B,0000,084,0100,598,0000
599,0000,59A,0100,599,0000,7FF,020B,0000,084,0100,599,0000
59A,0000,59B,0100,59A,0000,7FF,020B,0000,084,0100,59A,0000
59B,0000,59C,0100,59B,0000,7FF,020B,0000,084,0100,59B,0000
59C,0000,59D,0100,59C,0000,7FF,020B,0000,084,0100,59C,0000
59D,0000,59E,0100,59D,0000,7FF,020B,0000,084,0100,59D,0000
59E,0000,59F,0100,59E,0000,7FF,020B,0000,084,0100,59E,0000
59F,0000,5A0,0100,59F,0000,7FF,020B,0000,084,0100,59F,0000
5A0,0000,5A1,0100,5A0,0000,7FF,020B,0000,084,0100,5A0,0000
5A1,BBD8,5A2,0100,5A1,BBD8,7FF,020B,0000,084,0100,5A1,BBD8
5A2,D2D5,5A3,0100,5A2,D2D5,7FF,020B,0000,084,0100,5A2,D2D5
5A3,DDEC,5A4,0100,5A3,DDEC,7FF,020B,0000,084,0100,5A3,DDEC
5A4,3B00,5A5,0100,5A4,3B00,7FF,020B,0000,084,0100,5A4,3B00
5A5,0000,1F5,0100,5A4,3B00,7FF,020B,0000,084,0100
1F5,CE00,20C,0100,20B,0100,7FF,020B,0000,084,0100,1F3,0001
,                                 ,7FF,0201
,                                 ,1F4,05A5
